# File generated by ImageToStl.com - Free Image and 3D model conversion tools

mtllib indian_shop.mtl

o obj1
v 0.06652934 5.96369138 -5.02578608
v 0.06652935 6.14667844 -5.02578607
v 0.06652939 6.14667846 -5.32326028
v 0.06652938 5.9636914 -5.32326029
v 0.18243392 0.81680009 -5.02578637
v 0.18243393 1.05883089 -5.02578636
v 0.18243397 1.0588309 -5.32326056
v 0.18243395 0.8168001 -5.32326058
v 0.39818099 0.80662521 -5.02578634
v 0.39818102 0.80662522 -5.32326055
v 0.60653842 0.604391 -5.02578633
v 0.39818098 0.61898783 -5.02578636
v 0.39818101 0.61898785 -5.32326057
v 0.60653846 0.60439102 -5.32326054
v 1.74231425 0.36198677 -5.02578621
v 0.60653841 0.40524875 -5.02578634
v 0.60653845 0.40524877 -5.32326055
v 1.74231429 0.36198679 -5.32326042
v 0.18243394 1.17009606 -5.02578635
v 0.18243397 1.17009608 -5.32326056
v 3.7E-07 1.19318725 -5.02578637
v 4.1E-07 1.19318727 -5.32326058
v 5.7E-07 4.41313515 -5.02578618
v 5.7E-07 4.43772995 -5.02578618
v 6E-07 4.43772997 -5.32326038
v 6E-07 4.41313517 -5.32326039
v 0.1867794 4.6124271 -5.02578614
v 0.18677944 4.61242711 -5.32326035
v 5.3E-07 3.83023868 -5.02578621
v 5.4E-07 3.99982257 -5.0257862
v 5.8E-07 3.99982259 -5.32326041
v 5.7E-07 3.8302387 -5.32326042
v -3.7E-07 3.83023843 2.50037846
v -3.6E-07 3.99982232 2.50037847
v -3.5E-07 3.99982232 2.48709072
v -3.6E-07 3.83023843 2.48709071
v -3.3E-07 4.4377296 2.5003785
v 0.38474869 4.61242664 2.50037855
v 0.38474869 4.61242664 2.4870908
v -3.3E-07 4.4377296 2.48709074
v -3.3E-07 4.4131348 2.50037849
v 0.25548049 4.41313478 2.48709077
v 0.18243304 1.17009561 2.50037832
v -5.2E-07 1.1931868 2.5003783
v -5.2E-07 1.1931868 2.48709055
v 0.18243304 1.17009561 2.48709057
v 0.18243303 1.05883044 2.50037832
v 0.18243303 1.05883044 2.48709057
v 0.39818008 0.61898738 2.50037831
v 0.39818009 0.80662476 2.50037833
v 0.39818009 0.80662476 2.48709058
v 0.39818008 0.61898738 2.48709056
v 0.60653751 0.4052483 2.50037833
v 0.60653753 0.60439055 2.50037834
v 0.60653753 0.60439055 2.48709059
v 0.60653752 0.40524831 2.48709058
v 1.74231336 0.36198632 2.50037846
v 1.74231336 0.36198632 2.48709071
v 0.18243302 0.81679964 2.5003783
v 0.18243302 0.81679964 2.48709055
v 0.06652844 5.96369093 2.50037859
v 0.06652845 6.146678 2.5003786
v 0.06652845 6.146678 2.48709085
v 0.06652844 5.96369093 2.48709084
v 5E-07 3.83023867 -4.73566976
v 5.1E-07 3.99982255 -4.73566975
v 5.3E-07 3.99982257 -4.96111785
v 5.2E-07 3.83023868 -4.96111786
v 5.3E-07 4.43772994 -4.73566972
v 0.38474955 4.61242707 -4.73566967
v 0.38474958 4.61242708 -4.96111776
v 5.6E-07 4.43772995 -4.96111782
v 5.3E-07 4.41313513 -4.73566972
v 5.6E-07 4.41313515 -4.96111782
v 0.1824339 1.17009604 -4.7356699
v 3.4E-07 1.19318723 -4.73566992
v 3.7E-07 1.19318724 -4.96111801
v 0.18243393 1.17009606 -4.96111799
v 0.1824339 1.05883087 -4.7356699
v 0.18243392 1.05883088 -4.961118
v 0.39818094 0.61898781 -4.7356699
v 0.39818095 0.80662519 -4.73566989
v 0.39818098 0.8066252 -4.96111799
v 0.39818097 0.61898783 -4.961118
v 0.60653838 0.40524874 -4.73566989
v 0.60653839 0.60439098 -4.73566988
v 0.60653841 0.604391 -4.96111798
v 0.6065384 0.40524875 -4.96111799
v 1.74231422 0.36198675 -4.73566976
v 1.74231425 0.36198677 -4.96111785
v 0.18243388 0.81680007 -4.73566992
v 0.18243391 0.81680008 -4.96111801
v 0.06652931 5.96369136 -4.73566962
v 0.06652932 6.14667843 -4.73566961
v 0.06652934 6.14667844 -4.96111771
v 0.06652933 5.96369137 -4.96111772
v 5.1E-07 4.07936574 -4.73566974
v 5.4E-07 4.07936575 -4.96111784
v -3.5E-07 4.0793655 2.50037847
v 0.25548047 4.07936548 2.48709075
v 5.5E-07 4.07936575 -5.0257862
v 5.8E-07 4.07936577 -5.32326041
v 4.7E-07 3.99982253 -4.40048411
v 0.25548129 4.0793657 -4.40048408
v 0.25548132 4.07936572 -4.69930692
v 5E-07 3.99982255 -4.69930695
v 0.25548131 4.4131351 -4.40048406
v 0.25548134 4.41313512 -4.6993069
v 0.06652927 5.96369134 -4.40048399
v 0.06652928 6.14667841 -4.40048398
v 0.06652931 6.14667842 -4.69930682
v 0.0665293 5.96369136 -4.69930683
v 0.18243384 0.81680005 -4.40048428
v 0.18243386 1.05883085 -4.40048427
v 0.18243389 1.05883087 -4.69930711
v 0.18243388 0.81680007 -4.69930712
v 0.39818091 0.80662517 -4.40048425
v 0.39818095 0.80662519 -4.6993071
v 0.60653835 0.60439096 -4.40048424
v 0.3981809 0.61898779 -4.40048427
v 0.39818094 0.61898781 -4.69930711
v 0.60653838 0.60439098 -4.69930708
v 1.74231418 0.36198673 -4.40048412
v 0.60653834 0.40524872 -4.40048425
v 0.60653837 0.40524873 -4.6993071
v 1.74231421 0.36198675 -4.69930696
v 0.18243386 1.17009602 -4.40048426
v 0.1824339 1.17009604 -4.6993071
v 3E-07 1.19318721 -4.40048428
v 3.3E-07 1.19318723 -4.69930712
v 4.9E-07 4.43772992 -4.40048409
v 5.3E-07 4.43772993 -4.69930693
v 0.38474951 4.61242705 -4.40048403
v 0.38474955 4.61242707 -4.69930687
v 4.6E-07 3.83023865 -4.40048412
v 4.9E-07 3.83023866 -4.69930696
v -4.2E-07 3.99982228 3.01698782
v -4.1E-07 4.07936547 3.01698782
v -3.9E-07 4.41313477 3.01698784
v 0.06652838 5.9636909 3.01698794
v 0.06652839 6.14667796 3.01698795
v 0.18243296 0.81679961 3.01698765
v 0.18243297 1.05883041 3.01698766
v 0.39818003 0.80662473 3.01698767
v 0.60653746 0.60439052 3.01698769
v 0.39818002 0.61898735 3.01698766
v 1.74231329 0.36198629 3.01698781
v 0.60653745 0.40524827 3.01698767
v 0.18243298 1.17009558 3.01698767
v -5.9E-07 1.19318677 3.01698765
v -3.9E-07 4.43772957 3.01698784
v 0.38474863 4.61242661 3.0169879
v -4.3E-07 3.8302384 3.01698781
v 1E-08 3.83023852 -0.69862692
v 2E-08 3.99982241 -0.69862691
v 8E-08 3.99982244 -1.19759465
v 7E-08 3.83023855 -1.19759466
v 5E-08 4.43772979 -0.69862688
v 0.38474907 4.61242683 -0.69862683
v 0.38474913 4.61242686 -1.19759457
v 1.1E-07 4.43772982 -1.19759463
v 0.25548087 4.41313497 -0.69862686
v 0.25548092 4.413135 -1.1975946
v 0.18243342 1.1700958 -0.69862706
v -1.4E-07 1.19318699 -0.69862708
v -8E-08 1.19318702 -1.19759482
v 0.18243348 1.17009583 -1.1975948
v 0.18243341 1.05883063 -0.69862706
v 0.18243347 1.05883066 -1.19759481
v 0.39818046 0.61898757 -0.69862706
v 0.39818047 0.80662495 -0.69862705
v 0.39818053 0.80662498 -1.19759479
v 0.39818052 0.6189876 -1.19759481
v 0.60653789 0.4052485 -0.69862705
v 0.60653791 0.60439074 -0.69862704
v 0.60653797 0.60439077 -1.19759478
v 0.60653795 0.40524853 -1.19759479
v 1.74231374 0.36198651 -0.69862692
v 1.7423138 0.36198654 -1.19759466
v 0.1824334 0.81679983 -0.69862708
v 0.18243346 0.81679986 -1.19759482
v 0.06652882 5.96369112 -0.69862676
v 0.06652883 6.14667819 -0.69862675
v 0.06652889 6.14667822 -1.19759449
v 0.06652888 5.96369115 -1.1975945
v 0.25548085 4.07936558 -0.69862687
v 0.2554809 4.07936561 -1.19759462
v -6E-08 3.99982246 0.05211609
v 0.25548076 4.07936553 0.05211612
v 0.25548078 4.41313493 0.05211614
v 0.06652873 5.96369108 0.05211621
v 0.06652875 6.14667814 0.05211622
v 0.18243331 0.81679978 0.05211592
v 0.18243332 1.05883058 0.05211593
v 0.39818038 0.8066249 0.05211594
v 0.60653782 0.6043907 0.05211596
v 0.39818037 0.61898753 0.05211593
v 1.74231365 0.36198647 0.05211608
v 0.60653781 0.40524845 0.05211594
v 0.18243333 1.17009576 0.05211594
v -2.3E-07 1.19318695 0.05211592
v -4E-08 4.43772975 0.05211611
v 0.38474898 4.61242678 0.05211617
v -7E-08 3.83023857 0.05211608
v -3.1E-07 3.99982234 2.10354939
v -3.2E-07 3.83023845 2.10354938
v 0.38474874 4.61242666 2.10354948
v -2.8E-07 4.43772963 2.10354942
v 0.25548053 4.41313481 2.10354945
v -4.8E-07 1.19318682 2.10354923
v 0.18243309 1.17009564 2.10354925
v 0.18243308 1.05883046 2.10354924
v 0.39818014 0.80662478 2.10354925
v 0.39818013 0.61898741 2.10354924
v 0.60653757 0.60439057 2.10354926
v 0.60653756 0.40524833 2.10354925
v 1.7423134 0.36198635 2.10354939
v 0.18243307 0.81679966 2.10354923
v 0.0665285 6.14667802 2.10354953
v 0.06652849 5.96369095 2.10354952
v 0.25548051 4.0793655 2.10354943
v -3.8E-07 3.50300281 2.48709069
v -3.4E-07 3.50300283 2.10354936
v -8E-08 3.83023857 0.06209562
v -0.35427447 3.83023859 0.06209558
v -0.35427471 3.83023847 2.10354934
v -0 3.503003 -0.69862694
v 5E-08 3.50300303 -1.19759468
v -4.5E-07 3.50300282 3.01698779
v -3.9E-07 3.50300281 2.50037844
v 4.7E-07 3.50300314 -4.69930698
v 4.8E-07 3.50300314 -4.73566978
v 4.4E-07 3.50300312 -4.40048414
v 5E-07 3.50300316 -4.96111788
v 5.1E-07 3.50300316 -5.02578623
v 5.5E-07 3.50300318 -5.32326044
v 1.1E-07 1.31563623 -2.77778084
v -0.0599044 1.31563623 -2.77778084
v -0.05990421 1.31563633 -4.40048428
v 3.1E-07 1.31563633 -4.40048427
v 2.6E-07 3.83023855 -2.77778069
v 2.7E-07 3.99982244 -2.77778068
v 3E-07 4.43772992 -2.77778065
v 0.38474932 4.61242695 -2.77778059
v 0.25548111 4.4131351 -2.77778062
v 0.18243367 1.17009593 -2.77778082
v 1.1E-07 1.19318711 -2.77778084
v 0.18243366 1.05883075 -2.77778083
v 0.39818071 0.6189877 -2.77778083
v 0.39818072 0.80662507 -2.77778082
v 0.60653814 0.40524862 -2.77778082
v 0.60653815 0.60439087 -2.77778081
v 1.74231399 0.36198664 -2.77778068
v 0.18243365 0.81679995 -2.77778084
v 0.06652907 5.96369124 -2.77778055
v 0.06652908 6.14667831 -2.77778054
v 0.25548109 4.0793657 -2.77778064
v 3.8E-07 1.31563636 -5.02578636
v 4.2E-07 1.31563638 -5.32326057
v -5.2E-07 1.31563592 2.50037831
v -5.1E-07 1.31563592 2.48709056
v 3.5E-07 1.31563635 -4.73566991
v 3.7E-07 1.31563636 -4.96111801
v 3.4E-07 1.31563634 -4.69930711
v -5.8E-07 1.31563588 3.01698766
v -1.4E-07 1.31563611 -0.69862707
v -8E-08 1.31563614 -1.19759481
v -2.2E-07 1.31563606 0.05211593
v -4.7E-07 1.31563594 2.10354923
v -0.35427448 3.50300297 0.05211601
v -0.35427447 3.83023859 0.05211603
v -0.35427438 3.83023854 -0.69862696
v -0.3542744 3.50300302 -0.69862698
v -4.2E-07 2.07838959 2.10354928
v -0.01573386 2.07838959 2.10354928
v -0.0157339 1.31563594 2.10354923
v -0.01573366 1.31563606 0.05211592
v -0.06494858 1.31563611 -0.6986271
v -0.38685716 3.5030031 -2.77778075
v -0.38685714 3.83023857 -2.77778073
v -0.38685695 3.83023867 -4.40048417
v -0.38685697 3.50300314 -4.40048419
v 2.6E-07 3.83023855 -2.75258397
v -0.38685714 3.83023857 -2.75258402
v -0.38685733 3.83023858 -1.19759471
v -3E-08 2.07838979 -1.19759477
v -0.38685743 2.07838981 -1.19759481
v -0.38685748 1.31563616 -1.19759486
v -2E-08 2.22732779 -1.19759476
v -0.38685743 2.22732781 -1.1975948
v -0.38685743 2.19387945 -1.19759481
v -2E-08 2.19387943 -1.19759476
v 3.5E-07 2.09260412 -4.40048423
v -0.38685705 2.09260415 -4.40048427
v -0.38685705 2.1938796 -4.40048427
v 3.6E-07 2.19387957 -4.40048422
v -0.38685725 2.09260405 -2.77778084
v -0.38685724 2.1938795 -2.77778083
v -9E-08 2.0926039 -0.69862702
v -0.06494854 2.09260391 -0.69862706
v -0.06494853 2.1938794 -0.69862705
v -8E-08 2.1938794 -0.69862702
v -4.1E-07 2.22732759 2.10354929
v -0.35427481 2.22732761 2.10354925
v -0.01573385 2.19387923 2.10354928
v -4.2E-07 2.19387923 2.10354929
v -0.01573361 2.09260386 0.05211597
v -0.01573361 2.19387936 0.05211598
v 4.3E-07 2.09260416 -5.02578632
v 4.3E-07 2.19387961 -5.02578631
v 4.7E-07 2.19387963 -5.32326052
v 4.6E-07 2.09260418 -5.32326052
v -4.7E-07 2.09260371 2.50037836
v -4.6E-07 2.19387921 2.50037836
v -4.6E-07 2.19387921 2.48709061
v -4.7E-07 2.09260371 2.48709061
v 3.9E-07 2.09260414 -4.73566986
v 4E-07 2.19387959 -4.73566986
v 4.3E-07 2.19387961 -4.96111795
v 4.2E-07 2.09260416 -4.96111796
v 3.9E-07 2.19387959 -4.69930706
v 3.9E-07 2.09260414 -4.69930707
v -5.3E-07 2.09260368 3.0169877
v -5.3E-07 2.19387918 3.01698771
v -3E-08 2.09260393 -1.19759477
v -4.2E-07 2.09260374 2.10354928
v -0.01573361 2.09260386 0.06209551
v -0.01573361 2.19387936 0.06209552
v -2.3E-07 1.31563606 0.06209547
v -0.01573366 1.31563606 0.06209547
v -0.35427449 3.50300297 0.06209556
v -2.3E-07 1.19318695 0.06209546
v -7E-08 3.99982246 0.06209563
v -4E-08 4.43772975 0.06209566
v 0.38474898 4.61242678 0.06209571
v 0.25548077 4.41313493 0.06209569
v 0.18243333 1.17009576 0.06209548
v 0.18243332 1.05883058 0.06209548
v 0.39818037 0.61898753 0.06209548
v 0.39818038 0.8066249 0.06209549
v 0.6065378 0.40524845 0.06209549
v 0.60653782 0.6043907 0.0620955
v 1.74231365 0.36198647 0.06209562
v 0.18243331 0.81679978 0.06209546
v 0.06652873 5.96369108 0.06209575
v 0.06652874 6.14667814 0.06209577
v 0.25548075 4.07936553 0.06209567
v -0.35427449 3.47479839 0.06209556
v -0.00296032 3.47479837 0.05211605
v -0.35427473 3.50300285 2.10354932
v -0.38685735 3.50300305 -1.19759473
v 4.3E-07 3.47479853 -4.40048414
v -0.38685697 3.47479856 -4.40048419
v -0.38685716 3.47479851 -2.77778075
v -1E-08 3.47479841 -0.69862694
v -0.00296023 3.47479841 -0.69862697
v 5.1E-07 3.47479857 -5.02578623
v 5.4E-07 3.47479859 -5.32326044
v -3.9E-07 3.47479822 2.50037844
v -3.9E-07 3.47479822 2.48709069
v 4.7E-07 3.47479855 -4.73566978
v 5E-07 3.47479857 -4.96111788
v 4.7E-07 3.47479855 -4.69930699
v -4.5E-07 3.47479819 3.01698778
v 5E-08 3.47479844 -1.19759468
v -3.4E-07 3.47479824 2.10354936
v -4.6E-07 2.22732757 2.48709061
v -8E-08 2.22732776 -0.69862702
v -5.2E-07 2.22732754 3.01698771
v -4.6E-07 2.22732757 2.50037836
v 4E-07 2.22732795 -4.69930706
v 4E-07 2.22732795 -4.73566985
v 3.6E-07 2.22732793 -4.40048422
v 4.3E-07 2.22732796 -4.96111795
v 4.4E-07 2.22732797 -5.02578631
v 4.7E-07 2.22732798 -5.32326052
v -0.00296039 2.22732771 0.05211598
v -0.0029603 2.22732776 -0.69862704
v -0.38685724 2.2273279 -2.77778083
v -0.38685704 2.22732795 -4.40048426
v -0.35427456 2.22732773 0.06209548
v -0.35427473 3.47479826 2.10354932
v -0.38685735 3.47479846 -1.19759473
v -0.01573386 2.09260374 2.10354928
v -0.38685724 2.2273279 -2.75258411
v -0.38685724 2.1938795 -2.75258412
v -0.38685717 3.47479851 -2.75258404
v -0.38685716 3.50300309 -2.75258404
v -0.38685743 2.09260396 -1.19759481
v -0.38685725 2.09260405 -2.75258412
v 1.1E-07 1.31563623 -2.75258412
v 1E-07 1.19318711 -2.75258413
v 0.25548109 4.0793657 -2.75258393
v 2.7E-07 3.99982244 -2.75258396
v 0.25548111 4.4131351 -2.75258391
v 0.06652908 6.14667831 -2.75258383
v 0.06652907 5.96369124 -2.75258384
v 0.18243366 1.05883075 -2.75258412
v 0.18243364 0.81679995 -2.75258413
v 0.39818072 0.80662507 -2.75258411
v 0.39818071 0.6189877 -2.75258412
v 0.60653815 0.60439086 -2.75258409
v 0.60653814 0.40524862 -2.7525841
v 1.74231398 0.36198664 -2.75258397
v 0.18243367 1.17009592 -2.75258411
v 3E-07 4.43772991 -2.75258394
v 0.38474932 4.61242695 -2.75258388
v -0.38685729 1.31563625 -2.75258417
v -0.38685725 2.07838991 -2.75258412
v -0.01573361 2.07838972 0.06209551
v -0.01573361 2.07838972 0.05211597
v -4.7E-07 2.07838957 2.4870906
v -9E-08 2.07838976 -0.69862702
v -5.3E-07 2.07838954 3.0169877
v -4.7E-07 2.07838957 2.50037835
v 3.9E-07 2.07839 -4.69930707
v 3.9E-07 2.07839 -4.73566986
v 3.5E-07 2.07838998 -4.40048423
v 4.2E-07 2.07839001 -4.96111796
v 4.3E-07 2.07839002 -5.02578632
v 4.6E-07 2.07839004 -5.32326053
v -0.06494854 2.07838976 -0.69862706
v -0.05990436 2.07838989 -2.7777808
v -0.05990416 2.07838998 -4.40048423
v 0.3847494 5.92272402 -2.7525838
v 0.3847494 5.92272402 -2.77778051
v 0.38474921 5.92272393 -1.19759449
v 0.38474882 5.92272373 2.10354955
v 0.38474906 5.92272385 0.06209579
v 0.38474906 5.92272386 0.05211625
v 0.38474959 5.92272412 -4.40048395
v 0.38474877 5.92272371 2.48709088
v 0.38474915 5.9227239 -0.69862675
v 0.38474871 5.92272368 3.01698798
v 0.38474877 5.92272371 2.50037863
v 0.38474963 5.92272414 -4.69930679
v 0.38474963 5.92272414 -4.73566959
v 0.38474966 5.92272415 -4.96111769
v 0.18677948 5.92272417 -5.02578607
v 0.18677952 5.92272419 -5.32326027
v 0.17499165 4.61242662 3.04221781
v 0.17499173 5.92272369 3.04221789
v -5.4E-07 2.07838954 3.04221764
v -5.3E-07 2.09260368 3.04221764
v -5.8E-07 1.31563588 3.0422176
v -5.3E-07 2.19387918 3.04221765
v -5.3E-07 2.22732753 3.04221765
v -4.5E-07 3.47479819 3.04221772
v -4.5E-07 3.50300282 3.04221773
v -5.9E-07 1.19318677 3.04221759
v -4.3E-07 3.8302384 3.04221775
v -4.2E-07 3.99982228 3.04221776
v -3.9E-07 4.43772957 3.04221778
v -4E-07 4.41313477 3.04221778
v 0.18243298 1.17009558 3.04221761
v 0.18243297 1.05883041 3.0422176
v 0.39818001 0.61898735 3.0422176
v 0.39818003 0.80662473 3.04221761
v 0.60653745 0.40524827 3.04221761
v 0.60653746 0.60439052 3.04221763
v 1.74231329 0.36198629 3.04221775
v 0.18243295 0.81679961 3.04221759
v 0.06652838 5.9636909 3.04221788
v 0.06652839 6.14667796 3.04221789
v -4.2E-07 4.07936546 3.04221776
v -4.5E-07 3.99982227 3.26928567
v -4.4E-07 4.07936545 3.26928568
v -4.2E-07 4.41313475 3.2692857
v 0.06652835 5.96369088 3.2692858
v 0.06652836 6.14667795 3.26928581
v 0.18243293 0.81679959 3.2692855
v 0.18243294 1.05883039 3.26928552
v 0.39818 0.80662471 3.26928553
v 0.60653743 0.60439051 3.26928554
v 0.39817999 0.61898734 3.26928552
v 1.74231326 0.36198628 3.26928566
v 0.60653742 0.40524826 3.26928553
v 0.18243295 1.17009557 3.26928553
v -6.2E-07 1.19318675 3.26928551
v -4.2E-07 4.43772956 3.2692857
v 0.17499162 4.6124266 3.26928573
v -4.6E-07 3.83023838 3.26928566
v -4.8E-07 3.50300281 3.26928564
v -6.1E-07 1.31563587 3.26928551
v -5.6E-07 2.09260367 3.26928556
v -5.6E-07 2.19387916 3.26928556
v -4.8E-07 3.47479822 3.26928564
v -5.5E-07 2.22732752 3.26928557
v -5.6E-07 2.07838952 3.26928556
v 0.1749917 5.92272368 3.26928581
v -5.65077476 5.96369153 -5.02578637
v -5.65077473 5.96369155 -5.32326058
v -5.65077472 6.14667861 -5.32326057
v -5.65077475 6.14667859 -5.02578636
v -5.65077469 0.81680043 -5.02578668
v -5.65077465 0.81680045 -5.32326089
v -5.65077464 1.05883087 -5.32326088
v -5.65077467 1.05883085 -5.02578667
v -5.65077469 0.80662518 -5.02578668
v -5.65077465 0.8066252 -5.32326089
v -5.6507747 0.60439118 -5.02578669
v -5.65077466 0.6043912 -5.3232609
v -5.65077466 0.61898802 -5.3232609
v -5.6507747 0.618988 -5.02578669
v -5.65077471 0.36198702 -5.02578671
v -5.65077468 0.36198704 -5.32326092
v -5.65077467 0.40524895 -5.32326091
v -5.65077471 0.40524893 -5.02578671
v -5.65077463 1.17009643 -5.32326087
v -5.65077466 1.17009641 -5.02578666
v -5.65077463 1.19318722 -5.32326087
v -5.65077466 1.1931872 -5.02578666
v -5.65077447 4.4131352 -5.02578647
v -5.65077482 4.41313522 -5.32326068
v -5.65077482 4.43773002 -5.32326067
v -5.65077485 4.43773 -5.02578647
v -5.65077481 4.61242727 -5.32326066
v -5.65077484 4.61242725 -5.02578645
v -5.65077451 3.83023873 -5.0257865
v -5.65077447 3.83023875 -5.32326071
v -5.65077484 3.99982264 -5.3232607
v -5.6507745 3.99982262 -5.02578649
v -5.65077502 3.83023848 2.50037817
v -5.65077502 3.83023848 2.48709004
v -5.65077501 3.99982236 2.48709005
v -5.65077501 3.99982236 2.50037818
v -5.65077498 4.43772965 2.50037821
v -5.65077498 4.43772965 2.48709007
v -5.65077497 4.6124268 2.48709008
v -5.65077497 4.6124268 2.50037822
v -5.65077498 4.41313485 2.5003782
v -5.65077498 4.41313485 2.48709007
v -5.65077518 1.17009596 2.50037801
v -5.65077518 1.17009596 2.48708988
v -5.65077517 1.19318675 2.48708988
v -5.65077518 1.19318675 2.50037801
v -5.65077518 1.0588304 2.500378
v -5.65077518 1.0588304 2.48708987
v -5.65077521 0.61898755 2.50037798
v -5.65077521 0.61898755 2.48708984
v -5.6507752 0.80662473 2.48708985
v -5.6507752 0.80662473 2.50037799
v -5.65077522 0.40524849 2.50037797
v -5.65077522 0.40524849 2.48708983
v -5.65077521 0.60439073 2.48708984
v -5.65077521 0.60439073 2.50037798
v -5.65077523 0.36198657 2.50037796
v -5.65077522 0.36198657 2.48708983
v -5.6507752 0.81679999 2.48708986
v -5.6507752 0.81679999 2.50037799
v -5.65077489 5.96369108 2.5003783
v -5.65077489 5.96369108 2.48709016
v -5.65077488 6.14667814 2.48709017
v -5.65077488 6.14667814 2.50037831
v -5.65077454 3.83023872 -4.73567005
v -5.65077451 3.83023873 -4.96111815
v -5.6507745 3.99982262 -4.96111814
v -5.65077453 3.9998226 -4.73567004
v -5.6507745 4.43772999 -4.73567001
v -5.65077448 4.43773 -4.96111811
v -5.65077485 4.61242725 -4.9611181
v -5.65077449 4.61242724 -4.73567
v -5.65077451 4.41313518 -4.73567001
v -5.65077448 4.4131352 -4.96111811
v -5.6507747 1.17009639 -4.73567021
v -5.65077467 1.1700964 -4.9611183
v -5.65077467 1.1931872 -4.9611183
v -5.6507747 1.19318718 -4.73567021
v -5.65077471 1.05883083 -4.73567021
v -5.65077468 1.05883085 -4.96111831
v -5.65077473 0.61898798 -4.73567024
v -5.65077471 0.618988 -4.96111834
v -5.65077469 0.80662518 -4.96111833
v -5.65077472 0.80662517 -4.73567023
v -5.65077474 0.40524892 -4.73567025
v -5.65077472 0.40524893 -4.96111835
v -5.65077471 0.60439118 -4.96111834
v -5.65077473 0.60439116 -4.73567024
v -5.65077475 0.361987 -4.73567026
v -5.65077472 0.36198702 -4.96111835
v -5.65077469 0.81680043 -4.96111832
v -5.65077472 0.81680042 -4.73567023
v -5.6507748 5.96369151 -4.73566992
v -5.65077477 5.96369152 -4.96111802
v -5.65077476 6.14667859 -4.96111801
v -5.65077479 6.14667858 -4.73566991
v -5.65077453 4.07936578 -4.73567003
v -5.6507745 4.0793658 -4.96111813
v -5.650775 4.07936555 2.50037818
v -5.650775 4.07936555 2.48709005
v -5.65077449 4.0793658 -5.02578649
v -5.65077484 4.07936582 -5.3232607
v -5.65077457 3.99982258 -4.4004844
v -5.65077453 3.9998226 -4.69930724
v -5.65077453 4.07936578 -4.69930724
v -5.65077457 4.07936576 -4.4004844
v -5.65077451 4.41313518 -4.69930722
v -5.65077455 4.41313516 -4.40048438
v -5.65077484 5.96369149 -4.40048428
v -5.6507748 5.96369151 -4.69930713
v -5.65077479 6.14667857 -4.69930712
v -5.65077483 6.14667856 -4.40048427
v -5.65077476 0.8168004 -4.40048459
v -5.65077472 0.81680042 -4.69930743
v -5.65077471 1.05883083 -4.69930742
v -5.65077475 1.05883081 -4.40048458
v -5.65077476 0.80662515 -4.40048459
v -5.65077473 0.80662516 -4.69930743
v -5.65077477 0.60439114 -4.4004846
v -5.65077474 0.60439116 -4.69930745
v -5.65077474 0.61898798 -4.69930745
v -5.65077477 0.61898796 -4.4004846
v -5.65077479 0.36198698 -4.40048462
v -5.65077475 0.361987 -4.69930746
v -5.65077475 0.40524891 -4.69930746
v -5.65077478 0.4052489 -4.40048462
v -5.6507747 1.17009639 -4.69930741
v -5.65077474 1.17009637 -4.40048457
v -5.6507747 1.19318718 -4.69930741
v -5.65077474 1.19318716 -4.40048457
v -5.65077451 4.43772998 -4.69930722
v -5.65077454 4.43772997 -4.40048437
v -5.6507745 4.61242723 -4.69930721
v -5.65077453 4.61242722 -4.40048436
v -5.65077458 3.8302387 -4.40048441
v -5.65077454 3.83023871 -4.69930725
v -5.65077507 3.99982233 3.01698753
v -5.65077507 4.07936551 3.01698753
v -5.65077505 4.41313482 3.01698755
v -5.65077495 5.96369105 3.01698764
v -5.65077494 6.14667811 3.01698765
v -5.65077526 0.81679996 3.01698734
v -5.65077525 1.05883037 3.01698735
v -5.65077526 0.8066247 3.01698734
v -5.65077489 0.6043907 3.01698732
v -5.65077489 0.61898752 3.01698733
v -5.6507749 0.36198654 3.01698731
v -5.6507749 0.40524845 3.01698731
v -5.65077524 1.17009593 3.01698736
v -5.65077524 1.19318672 3.01698736
v -5.65077504 4.43772962 3.01698755
v -5.65077503 4.61242677 3.01698756
v -5.65077508 3.83023845 3.01698752
v -5.65077502 3.83023857 -0.69862704
v -5.65077496 3.8302386 -1.19759507
v -5.65077495 3.99982249 -1.19759506
v -5.65077501 3.99982246 -0.69862703
v -5.65077499 4.43772984 -0.69862701
v -5.65077493 4.43772987 -1.19759504
v -5.65077492 4.61242702 -1.19759503
v -5.65077498 4.61242699 -0.698627
v -5.65077499 4.41313504 -0.69862701
v -5.65077493 4.41313507 -1.19759504
v -5.65077518 1.17009615 -0.6986272
v -5.65077512 1.17009618 -1.19759523
v -5.65077512 1.19318697 -1.19759523
v -5.65077518 1.19318694 -0.6986272
v -5.65077519 1.05883059 -0.69862721
v -5.65077513 1.05883062 -1.19759524
v -5.65077483 0.61898774 -0.69862723
v -5.65077515 0.61898777 -1.19759526
v -5.65077514 0.80662495 -1.19759525
v -5.65077482 0.80662492 -0.69862722
v -5.65077484 0.40524868 -0.69862725
v -5.65077517 0.40524871 -1.19759528
v -5.65077515 0.60439095 -1.19759526
v -5.65077483 0.60439092 -0.69862723
v -5.65077484 0.36198676 -0.69862725
v -5.65077517 0.36198679 -1.19759528
v -5.65077514 0.81680021 -1.19759525
v -5.65077482 0.81680018 -0.69862722
v -5.65077489 5.96369127 -0.69862691
v -5.65077484 5.9636913 -1.19759494
v -5.65077482 6.14667836 -1.19759493
v -5.65077488 6.14667833 -0.6986269
v -5.65077501 4.07936564 -0.69862703
v -5.65077495 4.07936567 -1.19759506
v -5.6507751 3.99982251 0.0521156
v -5.6507751 4.07936559 0.05211561
v -5.65077508 4.41313499 0.05211563
v -5.65077498 5.96369122 0.05211572
v -5.65077497 6.14667829 0.05211573
v -5.65077491 0.81680013 0.05211541
v -5.65077489 1.05883055 0.05211543
v -5.65077491 0.80662488 0.05211541
v -5.65077492 0.60439088 0.0521154
v -5.65077492 0.6189877 0.0521154
v -5.65077493 0.36198672 0.05211539
v -5.65077493 0.40524863 0.05211539
v -5.65077489 1.17009611 0.05211544
v -5.65077488 1.1931869 0.05211544
v -5.65077508 4.4377298 0.05211563
v -5.65077506 4.61242695 0.05211564
v -5.65077511 3.83023862 0.05211559
v -5.65077497 3.8302385 2.10354948
v -5.65077496 3.99982239 2.10354949
v -5.65077494 4.43772967 2.10354952
v -5.65077493 4.61242683 2.10354953
v -5.65077494 4.41313487 2.10354951
v -5.65077513 1.17009598 2.10354932
v -5.65077513 1.19318678 2.10354932
v -5.65077514 1.05883043 2.10354931
v -5.65077516 0.61898758 2.10354929
v -5.65077515 0.80662476 2.1035493
v -5.65077518 0.40524851 2.10354927
v -5.65077516 0.60439076 2.10354929
v -5.65077518 0.36198659 2.10354927
v -5.65077515 0.81680001 2.1035493
v -5.65077523 5.9636911 2.10354961
v -5.65077522 6.14667817 2.10354962
v -5.65077496 4.07936557 2.10354949
v -5.65077504 3.50300276 2.48709002
v -5.65077499 3.50300278 2.10354946
v -5.65077504 3.50300295 -0.69862706
v -5.65077498 3.50300298 -1.19759509
v -5.6507751 3.50300292 3.0169875
v -5.65077504 3.50300276 2.50037815
v -5.65077456 3.50300319 -4.69930727
v -5.65077456 3.50300319 -4.73567007
v -5.6507746 3.50300317 -4.40048443
v -5.65077453 3.5030032 -4.96111816
v -5.65077453 3.50300321 -5.02578652
v -5.65077449 3.50300323 -5.32326073
v -5.65077477 3.8302386 -2.77778098
v -5.65077476 3.99982249 -2.77778096
v -5.65077474 4.43772996 -2.77778094
v -5.65077473 4.61242712 -2.77778093
v -5.65077474 4.41313516 -2.77778094
v -5.65077493 1.17009627 -2.77778113
v -5.65077493 1.19318707 -2.77778113
v -5.65077494 1.05883072 -2.77778114
v -5.65077497 0.61898787 -2.77778117
v -5.65077495 0.80662505 -2.77778116
v -5.65077498 0.4052488 -2.77778118
v -5.65077497 0.60439105 -2.77778117
v -5.65077498 0.36198689 -2.77778099
v -5.65077495 0.8168003 -2.77778115
v -5.65077465 5.96369139 -2.77778085
v -5.65077464 6.14667846 -2.77778084
v -5.65077476 4.07936576 -2.77778096
v -5.65077473 1.31563628 -4.40048456
v -5.65077492 1.31563618 -2.77778112
v -5.65077462 1.31563633 -5.32326086
v -5.65077466 1.31563632 -5.02578665
v -5.65077517 1.31563587 2.48708989
v -5.65077517 1.31563587 2.50037802
v -5.65077466 1.31563631 -4.9611183
v -5.65077469 1.3156363 -4.7356702
v -5.65077469 1.3156363 -4.6993074
v -5.65077523 1.31563584 3.01698737
v -5.65077511 1.31563609 -1.19759522
v -5.65077517 1.31563606 -0.69862719
v -5.65077488 1.31563601 0.05211544
v -5.65077512 1.31563589 2.10354933
v -5.65077513 3.5030029 0.05211557
v -5.65077479 3.50300307 -2.77778099
v -5.6507746 3.50300317 -4.40048443
v -5.65077488 2.09260408 -2.77778108
v -5.65077468 2.09260417 -4.40048451
v -5.65077468 2.19387957 -4.40048451
v -5.65077487 2.19387948 -2.77778107
v -5.65077483 2.09260391 0.05211549
v -5.65077513 2.09260395 -0.69862715
v -5.65077512 2.19387935 -0.69862714
v -5.65077482 2.19387931 0.0521155
v -5.65077461 2.09260421 -5.02578661
v -5.65077457 2.09260423 -5.32326081
v -5.65077457 2.19387963 -5.32326081
v -5.6507746 2.19387961 -5.0257866
v -5.65077512 2.09260376 2.50037807
v -5.65077512 2.09260376 2.48708993
v -5.65077511 2.19387916 2.48708994
v -5.65077512 2.19387916 2.50037807
v -5.65077464 2.09260419 -4.73567015
v -5.65077462 2.09260421 -4.96111825
v -5.65077461 2.19387961 -4.96111824
v -5.65077464 2.19387959 -4.73567015
v -5.65077468 2.09260417 -4.40048451
v -5.65077465 2.09260419 -4.69930736
v -5.65077464 2.19387959 -4.69930735
v -5.65077518 2.09260373 3.01698741
v -5.65077518 2.19387913 3.01698742
v -5.65077513 2.09260395 -0.69862715
v -5.65077507 2.09260398 -1.19759518
v -5.65077506 2.19387938 -1.19759517
v -5.65077508 2.09260378 2.10354938
v -5.65077507 2.19387919 2.10354938
v -5.65077483 2.09260391 0.06209523
v -5.65077483 2.19387931 0.06209523
v -5.65077513 3.5030029 0.06209531
v -5.65077511 3.83023862 0.06209533
v -5.65077489 1.1931869 0.06209517
v -5.65077488 1.31563601 0.06209518
v -5.6507751 3.99982251 0.06209534
v -5.65077508 4.4377298 0.06209537
v -5.65077507 4.61242695 0.06209538
v -5.65077508 4.41313499 0.06209537
v -5.65077489 1.1700961 0.06209517
v -5.65077489 1.05883055 0.06209517
v -5.65077492 0.6189877 0.06209514
v -5.65077491 0.80662488 0.06209515
v -5.65077493 0.40524863 0.06209513
v -5.65077492 0.60439088 0.06209514
v -5.65077494 0.36198672 0.06209512
v -5.65077491 0.81680013 0.06209515
v -5.65077499 5.96369122 0.06209546
v -5.65077497 6.14667829 0.06209547
v -5.6507751 4.07936559 0.06209535
v -5.65077513 3.47479837 0.06209531
v -5.65077513 3.47479837 0.05211557
v -5.6507748 3.47479853 -2.777781
v -5.6507746 3.47479863 -4.40048443
v -5.65077504 3.47479841 -0.69862706
v -5.65077453 3.47479867 -5.02578652
v -5.65077449 3.47479869 -5.32326073
v -5.65077504 3.47479822 2.50037815
v -5.65077504 3.47479822 2.48709001
v -5.65077456 3.47479865 -4.73567007
v -5.65077453 3.47479866 -4.96111817
v -5.6507746 3.47479863 -4.40048443
v -5.65077457 3.47479865 -4.69930728
v -5.6507751 3.47479819 3.0169875
v -5.65077498 3.47479844 -1.19759509
v -5.65077499 3.47479824 2.10354946
v -5.65077511 2.22732766 2.48708994
v -5.65077507 2.22732769 2.10354938
v -5.65077512 2.22732785 -0.69862714
v -5.65077506 2.22732788 -1.19759517
v -5.65077518 2.22732763 3.01698742
v -5.65077511 2.22732766 2.50037807
v -5.65077464 2.22732809 -4.69930735
v -5.65077464 2.22732809 -4.73567014
v -5.65077468 2.22732807 -4.40048451
v -5.65077461 2.22732811 -4.96111824
v -5.6507746 2.22732811 -5.0257866
v -5.65077457 2.22732813 -5.32326081
v -5.65077521 2.22732781 0.0521155
v -5.65077487 2.22732798 -2.77778107
v -5.65077468 2.22732807 -4.40048451
v -5.65077482 2.22732781 0.06209523
v -5.65077499 3.47479824 2.10354946
v -5.65077499 3.50300278 2.10354946
v -5.65077487 2.19387948 -2.75258436
v -5.65077487 2.22732798 -2.75258436
v -5.6507748 3.47479853 -2.75258428
v -5.6507748 3.50300307 -2.75258428
v -5.65077488 2.09260407 -2.75258437
v -5.65077478 3.8302386 -2.75258426
v -5.65077493 1.19318707 -2.75258442
v -5.65077493 1.31563618 -2.75258441
v -5.65077477 3.99982249 -2.75258425
v -5.65077476 4.07936576 -2.75258425
v -5.65077474 4.41313516 -2.75258423
v -5.65077465 5.96369139 -2.75258413
v -5.65077464 6.14667846 -2.75258412
v -5.65077496 0.8168003 -2.75258444
v -5.65077494 1.05883072 -2.75258443
v -5.65077496 0.80662505 -2.75258444
v -5.65077497 0.60439105 -2.75258445
v -5.65077497 0.61898787 -2.75258445
v -5.65077498 0.36198688 -2.75258428
v -5.65077498 0.4052488 -2.75258447
v -5.65077494 1.17009627 -2.75258442
v -5.65077474 4.43772996 -2.75258423
v -5.65077473 4.61242712 -2.75258422
v -5.65077493 1.31563618 -2.75258441
v -5.65077488 2.07838983 -2.75258437
v -5.65077507 2.07838974 -1.19759518
v -5.65077483 2.07838967 0.06209523
v -5.65077508 2.07838955 2.10354937
v -5.65077488 1.31563601 0.05211544
v -5.65077483 2.07838967 0.05211549
v -5.65077512 2.07838952 2.48708993
v -5.65077513 2.07838971 -0.69862715
v -5.65077512 2.07838952 2.50037806
v -5.65077518 2.07838949 3.01698741
v -5.65077464 2.07838995 -4.73567015
v -5.65077465 2.07838995 -4.69930736
v -5.65077468 2.07838993 -4.40048452
v -5.65077462 2.07838997 -4.96111825
v -5.65077457 2.07838999 -5.32326082
v -5.65077461 2.07838997 -5.02578661
v -5.65077492 1.31563618 -2.77778112
v -5.65077488 2.07838984 -2.77778108
v -5.65077465 5.92272419 -2.77778085
v -5.65077465 5.92272419 -2.75258414
v -5.65077484 5.9227241 -1.19759495
v -5.65077499 5.92272402 0.06209546
v -5.65077523 5.9227239 2.1035496
v -5.65077499 5.92272402 0.05211572
v -5.65077484 5.92272429 -4.40048429
v -5.65077489 5.92272388 2.48709016
v -5.6507749 5.92272407 -0.69862692
v -5.65077489 5.92272388 2.50037829
v -5.65077496 5.92272385 3.01698764
v -5.6507748 5.92272431 -4.73566992
v -5.6507748 5.92272431 -4.69930713
v -5.65077477 5.92272432 -4.96111802
v -5.65077473 5.92272434 -5.32326059
v -5.65077477 5.92272433 -5.02578638
v -5.65077504 4.61242677 3.04221712
v -5.65077496 5.92272384 3.0422172
v -5.65077519 2.07838949 3.04221697
v -5.65077519 2.09260373 3.04221697
v -5.65077523 1.31563584 3.04221692
v -5.65077518 2.19387913 3.04221697
v -5.65077518 2.22732763 3.04221698
v -5.6507751 3.47479819 3.04221705
v -5.6507751 3.50300292 3.04221705
v -5.65077524 1.19318672 3.04221691
v -5.65077508 3.83023844 3.04221707
v -5.65077507 3.99982233 3.04221708
v -5.65077505 4.43772962 3.04221711
v -5.65077505 4.41313482 3.04221711
v -5.65077524 1.17009593 3.04221691
v -5.65077525 1.05883037 3.04221691
v -5.65077489 0.61898752 3.04221688
v -5.65077526 0.8066247 3.04221689
v -5.6507749 0.40524845 3.04221687
v -5.65077489 0.6043907 3.04221688
v -5.65077491 0.36198654 3.04221686
v -5.65077526 0.81679995 3.04221689
v -5.65077496 5.96369105 3.0422172
v -5.65077495 6.14667811 3.04221721
v -5.65077507 4.07936551 3.04221709
v -5.6507751 3.99982232 3.26928538
v -5.6507751 4.0793655 3.26928539
v -5.65077508 4.4131348 3.26928541
v -5.65077498 5.96369103 3.2692855
v -5.65077497 6.1466781 3.26928551
v -5.65077491 0.81679994 3.26928519
v -5.65077489 1.05883036 3.26928521
v -5.65077491 0.80662469 3.26928519
v -5.65077492 0.60439069 3.26928518
v -5.65077492 0.61898751 3.26928518
v -5.65077493 0.36198652 3.26928517
v -5.65077493 0.40524844 3.26928517
v -5.65077489 1.17009591 3.26928521
v -5.65077527 1.19318671 3.26928522
v -5.65077507 4.4377296 3.26928541
v -5.65077506 4.61242676 3.26928542
v -5.65077511 3.83023843 3.26928537
v -5.65077513 3.50300291 3.26928535
v -5.65077526 1.31563582 3.26928522
v -5.65077521 2.09260372 3.26928527
v -5.65077521 2.19387912 3.26928528
v -5.65077513 3.47479817 3.26928535
v -5.65077521 2.22732762 3.26928528
v -5.65077522 2.07838948 3.26928527
v -5.65077499 5.92272383 3.2692855
v -5.65077473 0.15688174 -4.96111836
v -5.65077472 0.15688174 -5.02578672
v 1.74231373 0.15688124 -0.69862693
v 1.74231364 0.15688119 0.05211606
v 1.74231363 0.15688119 0.06209561
v -5.65077495 0.15688144 0.05211537
v -5.65077486 0.15688149 -0.69862726
v -5.65077495 0.15688144 0.06209511
v 1.74231428 0.15688151 -5.32326043
v 1.74231424 0.1568815 -5.02578622
v 1.74231378 0.15688127 -1.19759467
v 1.74231328 0.15688102 3.04221773
v 1.74231325 0.156881 3.26928565
v -5.65077469 0.15688176 -5.32326093
v -5.65077518 0.15688152 -1.19759529
v 1.74231397 0.15688136 -2.7777807
v 1.74231397 0.15688136 -2.75258398
v 1.74231417 0.15688146 -4.40048413
v -5.650775 0.15688161 -2.75258429
v -5.65077499 0.15688161 -2.777781
v -5.6507748 0.15688171 -4.40048463
v 1.74231328 0.15688102 3.01698779
v 1.74231423 0.15688149 -4.96111787
v -5.65077492 0.15688126 3.04221685
v -5.65077492 0.15688127 3.0169873
v -5.65077524 0.1568813 2.48708982
v -5.65077519 0.15688132 2.10354926
v -5.65077476 0.15688173 -4.69930747
v 1.74231339 0.15688107 2.10354937
v 1.74231335 0.15688105 2.4870907
v 1.7423142 0.15688148 -4.69930698
v -5.65077495 0.15688125 3.26928515
v -5.65077476 0.15688173 -4.73567027
v 1.74231421 0.15688148 -4.73566977
v -5.65077524 0.1568813 2.50037795
v 1.74231334 0.15688105 2.50037845
vn 0 -1 -0
vn 0 -0.04711 0.99889
vn 0 -0.06989 0.99756
vn 0 -0.03806 0.99928
vn 0 -0.12557 0.99208
vn 0 -0.68309 -0.73033
vn 0 -0.41343 -0.91054
vn 0.87615 -0.09114 0.47335
vn 0 -0.12557 0.99208
vn 0 -0.03806 0.99928
vn 0 -0.06989 0.99756
vn 0 -0.04711 0.99889
vn 0 -0.41343 -0.91053
vn 0 -0.12557 0.99208
vn 0 -0.03806 0.99928
vn 0 -0.06989 0.99756
vn 0 -0.04711 0.99889
vn 0.99865 -0.05194 -0
vn 0.98118 -0.10206 -0.1639
vn 0 -0.29727 -0.95479
vn 0 -0.04711 0.99889
vn 0 -0.06988 0.99756
vn 0 -0.03806 0.99928
vn 0 -0.12557 0.99208
vn 0 -0.09583 0.9954
vn 0 -0.41343 -0.91053
vn -0.88045 -0.25063 -0.40249
vn -0.99002 -0.14091 -0
vn 0 -0.04711 0.99889
vn 0 -0.06988 0.99756
vn 0 -0.03806 0.99928
vn 0 -0.12557 0.99208
vn -0.55326 -0.15749 0.81799
vn 0 -0.41343 -0.91053
vn 0 -0.04711 0.99889
vn 0 -0.06989 0.99756
vn 0 -0.03806 0.99928
vn 0 -0.12557 0.99208
vn 0 -0.41343 -0.91053
vn 0 -0.41343 -0.91053
vn 0 -0.09583 0.9954
vn 0 -0.12557 0.99208
vn 0 -0.03806 0.99928
vn 0 -0.06989 0.99756
vn 0 -0.04711 0.99889
vn 0 -0.29727 -0.95479
vn 0 -0.29727 -0.95479
vn 0 -0.04711 0.99889
vn 0 -0.06989 0.99756
vn 0 -0.03806 0.99928
vn 0 -0.12557 0.99208
vn 0 -0.09583 0.9954
vn 0 -0.41343 -0.91053
vn 0 -0.41343 -0.91053
vn 0 -0.09583 0.9954
vn 0 -0.12557 0.99208
vn 0 -0.03806 0.99928
vn 0 -0.06989 0.99756
vn 0 -0.04711 0.99889
vn 0 -0.29727 -0.95479
vn 0 0 -1
vn 0 0 1
vn 0 -0.41343 -0.91053
vn -0 -0.09583 0.9954
vn 0 -0.12557 0.99208
vn 0 -0.03806 0.99928
vn 0 -0.06989 0.99756
vn 0 -0.04711 0.99889
vn 0 -0.29727 -0.95479
vn -0 -1 -0
vn -1 0 -0
vn 0 -0 1
vn 1 0 -0
vn 0 0 -1
vn 1 0 -0
vn -1 0 -0
vn -0.06541 -0.99786 -0
vn 0 0 -1
vn 0 -0.41343 -0.91053
vn 0 -0.09583 0.9954
vn 0 -0.12557 0.99208
vn 0 -0.03806 0.99928
vn 0 -0.06988 0.99756
vn 0 -0.04711 0.99889
vn 0 -0.29727 -0.95479
vn 0.94138 -0.05348 0.33308
vn 1 0 0
vn 0 -0.08003 0.99679
vn 1 1E-05 -0
vn 0.9996 -0.02839 -0
vn 0.96235 -0.05467 0.26625
vn 1 0 0
vn -0.02185 -0.66666 -0.74504
vn 0 -0.09832 0.99515
vn 0 -0.29727 -0.95479
vn -0 -1 -0
vn 0 -0.04711 0.99889
vn 0 -0.06989 0.99756
vn 0 -0.03806 0.99928
vn 0 -0.12557 0.99208
vn 0 -0.09583 0.9954
vn 0 -0.41343 -0.91053
vn 0 -1 -0
vn -0 -1 -0
vn 0 -0.29727 -0.95479
vn 0 -0.04711 0.99889
vn 0 -0.06989 0.99756
vn 0 -0.09583 0.9954
vn 0 -0.41343 -0.91053
vn -0.06541 -0.99786 -0
vn 1 0 -0
vn -0.06541 -0.99786 -0
vn 0 -0.04343 0.99906
vn 0.48994 -0.07551 0.86848
vn 0.99704 -0.07684 -0
vn 0 -0.29727 -0.95479
vn 0 -0.04711 0.99889
vn 0 -0.06988 0.99756
vn 0 -0.03806 0.99928
vn 0 -0.09583 0.9954
vn 0 -0.41343 -0.91053
vn 0.99284 -0.11942 -0
vn 0.91045 -0.21902 -0.35088
vn 0 -0.12557 0.99208
vn 0 -0.03806 0.99928
vn 0 -0.06989 0.99756
vn 0 -0.04711 0.99889
vn 0 -0.04711 0.99889
vn 0 -0.06989 0.99756
vn 0 -0.03806 0.99928
vn 0 -0.12557 0.99208
vn 0 -0.70651 -0.7077
vn -0.95057 -0.31051 -0
vn -0.62392 -0.40762 -0.66676
vn 0 -0.12557 0.99208
vn 0 -0.03806 0.99928
vn 0 -0.06989 0.99756
vn 0 -0.04711 0.99889
vn -0.27066 -0.17683 0.94629
vn 0 -0.35334 0.93549
vn 0.61694 -0.14841 0.77289
vn 0 -0.12768 0.99181
vn 0 -0.12768 0.99181
vn 0 -0.12768 0.99181
vn 0 -0.12768 0.99181
vn 0 -0.12768 0.99181
vn 0 -0.12768 0.99181
vn 0 -0.12769 0.99181
vn 0 -0.12768 0.99181
vn 0 -0.12769 0.99181
vn 0 -0.12768 0.99181
vn 0 -0.12769 0.99181
vn 0 -0.12768 0.99181
vn 0 -0.12769 0.99181
vn 0 -0.32248 0.94658
vn 0 1 -0
vn 0 1 -1E-05
vn 0 1 -0
vn 0 1 -0
vn 0 1 -0
vn 0 1 -0
vn 0 1 -0
vn 0 1 -0
vn 0 1 -0
vn 0 1 -0
vn 0 1 -0
vn 0 1 -0
vn 0 1 -0
vn 0 1 -0
vn 0 1 -0
vn 0 1 -0
vn 0 1 -0
vn 0 1 -0
vn 0 1 -0
vn 0 1 -0
vn 0 1 -0
vn 0 1 -0
vn -0 1 -0
vn 0 1 -0
vn -0 1 -0
vn 0 1 -0
vn -0 1 -0
vn 0 1 -0
vn 6E-05 1 -1E-05
vn 0 1 -1E-05
vn 0 1 -0
vn 0 1 -0
vn 0 1 -0
vn 0 1 -0
vn 0 1 -0
vn 0 1 -0
vn 0 1 -0
vn 0 1 -0
vn 0 1 -0
vn 0 1 -0
vn 0 1 -0
vn 0 1 -0
vn 0 1 -0
vn 0 1 -0
vn 0 1 -0
vn 0 1 -0
vn 0 1 -0
vn 0 1 -0
vn 0 1 -0
vn 0 1 -0
vn 0 1 -0
vn 0 1 -1E-05
vn 1E-05 1 -0
vn 0 1 -1E-05
vn 0 1 -0
vn 0 1 -0
vn 0 1 -0
vn 0 1 -0
vt 0.96538 0.02839
vt 0.96538 0
vt 1 0
vt 1 0.02839
vt 0.96538 0.82705
vt 0.96538 0.7895
vt 1 0.7895
vt 1 0.82705
vt 0.96538 0.82863
vt 1 0.82863
vt 0.96538 0.86001
vt 0.96538 0.85775
vt 1 0.85775
vt 1 0.86001
vt 0.96538 1
vt 0.96538 0.89092
vt 1 0.89092
vt 1 1
vt 0.96538 0.77223
vt 1 0.77223
vt 0.96538 0.76865
vt 1 0.76865
vt 0.96538 0.269
vt 0.96538 0.26518
vt 1 0.26518
vt 1 0.269
vt 0.96538 0.23807
vt 1 0.23807
vt 0.96538 0.35945
vt 0.96538 0.33313
vt 1 0.33313
vt 1 0.35945
vt 0.08949 0.35945
vt 0.08949 0.33313
vt 0.09103 0.33313
vt 0.09103 0.35945
vt 0.08949 0.26518
vt 0.08949 0.23807
vt 0.09103 0.23807
vt 0.09103 0.26518
vt 0.08949 0.269
vt 0.09103 0.269
vt 0.08949 0.77223
vt 0.08949 0.76865
vt 0.09103 0.76865
vt 0.09103 0.77223
vt 0.08949 0.7895
vt 0.09103 0.7895
vt 0.08949 0.85775
vt 0.08949 0.82863
vt 0.09103 0.82863
vt 0.09103 0.85775
vt 0.08949 0.89092
vt 0.08949 0.86001
vt 0.09103 0.86001
vt 0.09103 0.89092
vt 0.08949 1
vt 0.09103 1
vt 0.08949 0.82705
vt 0.09103 0.82705
vt 0.08949 0.02839
vt 0.08949 0
vt 0.09103 0
vt 0.09103 0.02839
vt 0.93162 0.35945
vt 0.93162 0.33313
vt 0.95785 0.33313
vt 0.95785 0.35945
vt 0.93162 0.26518
vt 0.93162 0.23807
vt 0.95785 0.23807
vt 0.95785 0.26518
vt 0.93162 0.269
vt 0.95785 0.269
vt 0.93162 0.77223
vt 0.93162 0.76865
vt 0.95785 0.76865
vt 0.95785 0.77223
vt 0.93162 0.7895
vt 0.95785 0.7895
vt 0.93162 0.85775
vt 0.93162 0.82863
vt 0.95785 0.82863
vt 0.95785 0.85775
vt 0.93162 0.89092
vt 0.93162 0.86001
vt 0.95785 0.86001
vt 0.95785 0.89092
vt 0.93162 1
vt 0.95785 1
vt 0.93162 0.82705
vt 0.95785 0.82705
vt 0.93162 0.02839
vt 0.93162 0
vt 0.95785 0
vt 0.95785 0.02839
vt 0.93162 0.32079
vt 0.95785 0.32079
vt 0.08949 0.32079
vt 0.09103 0.32079
vt 0.96538 0.32079
vt 1 0.32079
vt 0.89261 0.33313
vt 0.89261 0.32079
vt 0.92738 0.32079
vt 0.92738 0.33313
vt 0.89261 0.269
vt 0.92738 0.269
vt 0.89261 0.02839
vt 0.89261 0
vt 0.92738 0
vt 0.92738 0.02839
vt 0.89261 0.82705
vt 0.89261 0.7895
vt 0.92738 0.7895
vt 0.92738 0.82705
vt 0.89261 0.82863
vt 0.92738 0.82863
vt 0.89261 0.86001
vt 0.89261 0.85775
vt 0.92738 0.85775
vt 0.92738 0.86001
vt 0.89261 1
vt 0.89261 0.89092
vt 0.92738 0.89092
vt 0.92738 1
vt 0.89261 0.77223
vt 0.92738 0.77223
vt 0.89261 0.76865
vt 0.92738 0.76865
vt 0.89261 0.26518
vt 0.92738 0.26518
vt 0.89261 0.23807
vt 0.92738 0.23807
vt 0.89261 0.35945
vt 0.92738 0.35945
vt 0.02936 0.33313
vt 0.02936 0.32079
vt 0.02936 0.269
vt 0.02936 0.02839
vt 0.02936 0
vt 0.02936 0.82705
vt 0.02936 0.7895
vt 0.02936 0.82863
vt 0.02936 0.86001
vt 0.02936 0.85775
vt 0.02936 1
vt 0.02936 0.89092
vt 0.02936 0.77223
vt 0.02936 0.76865
vt 0.02936 0.26518
vt 0.02936 0.23807
vt 0.02936 0.35945
vt 0.46179 0.35945
vt 0.46179 0.33313
vt 0.51986 0.33313
vt 0.51986 0.35945
vt 0.46179 0.26518
vt 0.46179 0.23807
vt 0.51986 0.23807
vt 0.51986 0.26518
vt 0.46179 0.269
vt 0.51986 0.269
vt 0.46179 0.77223
vt 0.46179 0.76865
vt 0.51986 0.76865
vt 0.51986 0.77223
vt 0.46179 0.7895
vt 0.51986 0.7895
vt 0.46179 0.85775
vt 0.46179 0.82863
vt 0.51986 0.82863
vt 0.51986 0.85775
vt 0.46179 0.89092
vt 0.46179 0.86001
vt 0.51986 0.86001
vt 0.51986 0.89092
vt 0.46179 1
vt 0.51986 1
vt 0.46179 0.82705
vt 0.51986 0.82705
vt 0.46179 0.02839
vt 0.46179 0
vt 0.51986 0
vt 0.51986 0.02839
vt 0.46179 0.32079
vt 0.51986 0.32079
vt 0.37441 0.33313
vt 0.37441 0.32079
vt 0.37441 0.269
vt 0.37441 0.02839
vt 0.37441 0
vt 0.37441 0.82705
vt 0.37441 0.7895
vt 0.37441 0.82863
vt 0.37441 0.86001
vt 0.37441 0.85775
vt 0.37441 1
vt 0.37441 0.89092
vt 0.37441 0.77223
vt 0.37441 0.76865
vt 0.37441 0.26518
vt 0.37441 0.23807
vt 0.37441 0.35945
vt 0.13567 0.33313
vt 0.13567 0.35945
vt 0.13567 0.23807
vt 0.13567 0.26518
vt 0.13567 0.269
vt 0.13567 0.76865
vt 0.13567 0.77223
vt 0.13567 0.7895
vt 0.13567 0.82863
vt 0.13567 0.85775
vt 0.13567 0.86001
vt 0.13567 0.89092
vt 0.13567 1
vt 0.13567 0.82705
vt 0.13567 0
vt 0.13567 0.02839
vt 0.13567 0.32079
vt 0.09103 0.41023
vt 0.13567 0.41023
vt 0.37325 0.35945
vt 0.46179 0.41023
vt 0.51986 0.41023
vt 0.02936 0.41023
vt 0.08949 0.41023
vt 0.92738 0.41023
vt 0.93162 0.41023
vt 0.89261 0.41023
vt 0.95785 0.41023
vt 0.96538 0.41023
vt 1 0.41023
vt 0.70376 0.74965
vt 0.70376 0.74965
vt 0.89261 0.74965
vt 0.70376 0.35945
vt 0.70376 0.33313
vt 0.70376 0.26518
vt 0.70376 0.23807
vt 0.70376 0.269
vt 0.70376 0.77223
vt 0.70376 0.76865
vt 0.70376 0.7895
vt 0.70376 0.85775
vt 0.70376 0.82863
vt 0.70376 0.89092
vt 0.70376 0.86001
vt 0.70376 1
vt 0.70376 0.82705
vt 0.70376 0.02839
vt 0.70376 0
vt 0.70376 0.32079
vt 0.96538 0.74965
vt 1 0.74965
vt 0.08949 0.74965
vt 0.09103 0.74965
vt 0.93162 0.74965
vt 0.95785 0.74965
vt 0.92738 0.74965
vt 0.02936 0.74965
vt 0.46179 0.74965
vt 0.51986 0.74965
vt 0.37441 0.74965
vt 0.13567 0.74965
vt 0.37441 0.41023
vt 0.13567 0.63129
vt 0.37441 0.74965
vt 0.70376 0.41023
vt 0.89261 0.41023
vt 0.70082 0.35945
vt 0.51986 0.63129
vt 0.51986 0.60818
vt 0.51986 0.61337
vt 0.89261 0.62908
vt 0.89261 0.62908
vt 0.89261 0.61337
vt 0.70376 0.62908
vt 0.70376 0.61337
vt 0.46179 0.62908
vt 0.46179 0.62908
vt 0.46179 0.61337
vt 0.13567 0.60818
vt 0.13567 0.61337
vt 0.37441 0.62908
vt 0.37441 0.61337
vt 0.96538 0.62908
vt 0.96538 0.61337
vt 1 0.61337
vt 1 0.62908
vt 0.08949 0.62908
vt 0.08949 0.61337
vt 0.09103 0.61337
vt 0.09103 0.62908
vt 0.93162 0.62908
vt 0.93162 0.61337
vt 0.95785 0.61337
vt 0.95785 0.62908
vt 0.92738 0.61337
vt 0.92738 0.62908
vt 0.02936 0.62908
vt 0.02936 0.61337
vt 0.51986 0.62908
vt 0.13567 0.62908
vt 0.37325 0.62908
vt 0.37325 0.61337
vt 0.37325 0.74965
vt 0.37325 0.41023
vt 0.37325 0.76865
vt 0.37325 0.33313
vt 0.37325 0.26518
vt 0.37325 0.23807
vt 0.37325 0.269
vt 0.37325 0.77223
vt 0.37325 0.7895
vt 0.37325 0.85775
vt 0.37325 0.82863
vt 0.37325 0.89092
vt 0.37325 0.86001
vt 0.37325 1
vt 0.37325 0.82705
vt 0.37325 0.02839
vt 0.37325 0
vt 0.37325 0.32079
vt 0.37325 0.4146
vt 0.37441 0.4146
vt 0.13567 0.41023
vt 0.89261 0.4146
vt 0.89261 0.4146
vt 0.70376 0.4146
vt 0.46179 0.4146
vt 0.96538 0.4146
vt 1 0.4146
vt 0.08949 0.4146
vt 0.09103 0.4146
vt 0.93162 0.4146
vt 0.95785 0.4146
vt 0.92738 0.4146
vt 0.02936 0.4146
vt 0.51986 0.4146
vt 0.13567 0.4146
vt 0.09103 0.60818
vt 0.46179 0.60818
vt 0.02936 0.60818
vt 0.08949 0.60818
vt 0.92738 0.60818
vt 0.93162 0.60818
vt 0.89261 0.60818
vt 0.95785 0.60818
vt 0.96538 0.60818
vt 1 0.60818
vt 0.37441 0.60818
vt 0.70376 0.60818
vt 0.89261 0.60818
vt 0.37325 0.60818
vt 0.13567 0.4146
vt 0.70082 0.60818
vt 0.70082 0.61337
vt 0.70082 0.4146
vt 0.70082 0.41023
vt 0.70082 0.62908
vt 0.70082 0.74965
vt 0.70082 0.76865
vt 0.70083 0.32079
vt 0.70082 0.33313
vt 0.70082 0.269
vt 0.70082 0
vt 0.70082 0.02839
vt 0.70082 0.7895
vt 0.70082 0.82705
vt 0.70082 0.82863
vt 0.70082 0.85775
vt 0.70082 0.86001
vt 0.70082 0.89092
vt 0.70082 1
vt 0.70082 0.77223
vt 0.70082 0.26518
vt 0.70082 0.23807
vt 0.70082 0.74965
vt 0.70082 0.63129
vt 0.37325 0.63129
vt 0.37441 0.63129
vt 0.09103 0.63129
vt 0.46179 0.63129
vt 0.02936 0.63129
vt 0.08949 0.63129
vt 0.92738 0.63129
vt 0.93162 0.63129
vt 0.89261 0.63129
vt 0.95785 0.63129
vt 0.96538 0.63129
vt 1 0.63129
vt 0.70376 0.63129
vt 0.70082 0.03475
vt 0.70376 0.03475
vt 0.51986 0.03475
vt 0.13567 0.03475
vt 0.37325 0.03475
vt 0.37441 0.03475
vt 0.89261 0.03475
vt 0.09103 0.03475
vt 0.46179 0.03475
vt 0.02936 0.03475
vt 0.08949 0.03475
vt 0.92738 0.03475
vt 0.93162 0.03475
vt 0.95785 0.03475
vt 0.96538 0.03475
vt 1 0.03475
vt 0.02643 0.23807
vt 0.02643 0.03475
vt 0.02643 0.63129
vt 0.02643 0.62908
vt 0.02643 0.74965
vt 0.02643 0.61337
vt 0.02643 0.60818
vt 0.02643 0.4146
vt 0.02643 0.41023
vt 0.02643 0.76865
vt 0.02643 0.35945
vt 0.02643 0.33313
vt 0.02643 0.26518
vt 0.02643 0.269
vt 0.02643 0.77223
vt 0.02643 0.7895
vt 0.02643 0.85775
vt 0.02643 0.82863
vt 0.02643 0.89092
vt 0.02643 0.86001
vt 0.02643 1
vt 0.02643 0.82705
vt 0.02643 0.02839
vt 0.02643 0
vt 0.02643 0.32079
vt 0 0.33313
vt 0 0.32079
vt 0 0.269
vt 0 0.02839
vt 0 0
vt 0 0.82705
vt 0 0.7895
vt 0 0.82863
vt 0 0.86001
vt 0 0.85775
vt 0 1
vt 0 0.89092
vt 0 0.77223
vt 0 0.76865
vt 0 0.26518
vt 0 0.23807
vt 0 0.35945
vt 0 0.41023
vt 0 0.74965
vt 0 0.62908
vt 0 0.61337
vt 0 0.4146
vt 0 0.60818
vt 0 0.63129
vt 0 0.03475
usemtl mat0
f 1/1/1 2/2/1 3/3/1
f 1/1/1 3/3/1 4/4/1
f 5/5/1 6/6/1 7/7/1
f 5/5/1 7/7/1 8/8/1
f 9/9/2 5/5/2 8/8/2
f 9/9/2 8/8/2 10/10/2
f 11/11/3 12/12/3 13/13/3
f 11/11/3 13/13/3 14/14/3
f 15/15/4 16/16/4 17/17/4
f 15/15/4 17/17/4 18/18/4
f 16/16/1 11/11/1 14/14/1
f 16/16/1 14/14/1 17/17/1
f 12/12/1 9/9/1 10/10/1
f 12/12/1 10/10/1 13/13/1
f 6/6/1 19/19/1 20/20/1
f 6/6/1 20/20/1 7/7/1
f 19/19/5 21/21/5 22/22/5
f 19/19/5 22/22/5 20/20/5
f 23/23/1 24/24/1 25/25/1
f 23/23/1 25/25/1 26/26/1
f 24/24/6 27/27/6 28/28/6
f 24/24/6 28/28/6 25/25/6
f 29/29/1 30/30/1 31/31/1
f 29/29/1 31/31/1 32/32/1
f 33/33/1 34/34/1 35/35/1
f 33/33/1 35/35/1 36/36/1
f 37/37/7 38/38/7 39/39/7
f 37/37/7 39/39/7 40/40/7
f 41/41/8 37/37/8 40/40/8
f 41/41/8 40/40/8 42/42/8
f 43/43/9 44/44/9 45/45/9
f 43/43/9 45/45/9 46/46/9
f 47/47/1 43/43/1 46/46/1
f 47/47/1 46/46/1 48/48/1
f 49/49/1 50/50/1 51/51/1
f 49/49/1 51/51/1 52/52/1
f 53/53/1 54/54/1 55/55/1
f 53/53/1 55/55/1 56/56/1
f 57/57/10 53/53/10 56/56/10
f 57/57/10 56/56/10 58/58/10
f 54/54/11 49/49/11 52/52/11
f 54/54/11 52/52/11 55/55/11
f 50/50/12 59/59/12 60/60/12
f 50/50/12 60/60/12 51/51/12
f 59/59/1 47/47/1 48/48/1
f 59/59/1 48/48/1 60/60/1
f 61/61/1 62/62/1 63/63/1
f 61/61/1 63/63/1 64/64/1
f 65/65/1 66/66/1 67/67/1
f 65/65/1 67/67/1 68/68/1
f 69/69/13 70/70/13 71/71/13
f 69/69/13 71/71/13 72/72/13
f 73/73/1 69/69/1 72/72/1
f 73/73/1 72/72/1 74/74/1
f 75/75/14 76/76/14 77/77/14
f 75/75/14 77/77/14 78/78/14
f 79/79/1 75/75/1 78/78/1
f 79/79/1 78/78/1 80/80/1
f 81/81/1 82/82/1 83/83/1
f 81/81/1 83/83/1 84/84/1
f 85/85/1 86/86/1 87/87/1
f 85/85/1 87/87/1 88/88/1
f 89/89/15 85/85/15 88/88/15
f 89/89/15 88/88/15 90/90/15
f 86/86/16 81/81/16 84/84/16
f 86/86/16 84/84/16 87/87/16
f 82/82/17 91/91/17 92/92/17
f 82/82/17 92/92/17 83/83/17
f 91/91/1 79/79/1 80/80/1
f 91/91/1 80/80/1 92/92/1
f 93/93/1 94/94/1 95/95/1
f 93/93/1 95/95/1 96/96/1
f 97/97/1 73/73/1 74/74/1
f 97/97/1 74/74/1 98/98/1
f 99/99/18 41/41/18 42/42/18
f 99/99/18 42/42/18 100/100/18
f 101/101/1 23/23/1 26/26/1
f 101/101/1 26/26/1 102/102/1
f 30/30/1 101/101/1 102/102/1
f 30/30/1 102/102/1 31/31/1
f 34/34/19 99/99/19 100/100/19
f 34/34/19 100/100/19 35/35/19
f 66/66/1 97/97/1 98/98/1
f 66/66/1 98/98/1 67/67/1
f 103/103/20 104/104/20 105/105/20
f 103/103/20 105/105/20 106/106/20
f 104/104/1 107/107/1 108/108/1
f 104/104/1 108/108/1 105/105/1
f 109/109/1 110/110/1 111/111/1
f 109/109/1 111/111/1 112/112/1
f 113/113/1 114/114/1 115/115/1
f 113/113/1 115/115/1 116/116/1
f 117/117/21 113/113/21 116/116/21
f 117/117/21 116/116/21 118/118/21
f 119/119/22 120/120/22 121/121/22
f 119/119/22 121/121/22 122/122/22
f 123/123/23 124/124/23 125/125/23
f 123/123/23 125/125/23 126/126/23
f 124/124/1 119/119/1 122/122/1
f 124/124/1 122/122/1 125/125/1
f 120/120/1 117/117/1 118/118/1
f 120/120/1 118/118/1 121/121/1
f 114/114/1 127/127/1 128/128/1
f 114/114/1 128/128/1 115/115/1
f 127/127/24 129/129/24 130/130/24
f 127/127/24 130/130/24 128/128/24
f 107/107/25 131/131/25 132/132/25
f 107/107/25 132/132/25 108/108/25
f 131/131/26 133/133/26 134/134/26
f 131/131/26 134/134/26 132/132/26
f 135/135/1 103/103/1 106/106/1
f 135/135/1 106/106/1 136/136/1
f 106/106/27 105/105/27 97/97/27
f 106/106/27 97/97/27 66/66/27
f 105/105/28 108/108/28 73/73/28
f 105/105/28 73/73/28 97/97/28
f 112/112/1 111/111/1 94/94/1
f 112/112/1 94/94/1 93/93/1
f 116/116/1 115/115/1 79/79/1
f 116/116/1 79/79/1 91/91/1
f 118/118/29 116/116/29 91/91/29
f 118/118/29 91/91/29 82/82/29
f 122/122/30 121/121/30 81/81/30
f 122/122/30 81/81/30 86/86/30
f 126/126/31 125/125/31 85/85/31
f 126/126/31 85/85/31 89/89/31
f 125/125/1 122/122/1 86/86/1
f 125/125/1 86/86/1 85/85/1
f 121/121/1 118/118/1 82/82/1
f 121/121/1 82/82/1 81/81/1
f 115/115/1 128/128/1 75/75/1
f 115/115/1 75/75/1 79/79/1
f 128/128/32 130/130/32 76/76/32
f 128/128/32 76/76/32 75/75/32
f 108/108/33 132/132/33 69/69/33
f 108/108/33 69/69/33 73/73/33
f 132/132/34 134/134/34 70/70/34
f 132/132/34 70/70/34 69/69/34
f 136/136/1 106/106/1 66/66/1
f 136/136/1 66/66/1 65/65/1
f 137/137/1 138/138/1 99/99/1
f 137/137/1 99/99/1 34/34/1
f 138/138/1 139/139/1 41/41/1
f 138/138/1 41/41/1 99/99/1
f 140/140/1 141/141/1 62/62/1
f 140/140/1 62/62/1 61/61/1
f 142/142/1 143/143/1 47/47/1
f 142/142/1 47/47/1 59/59/1
f 144/144/35 142/142/35 59/59/35
f 144/144/35 59/59/35 50/50/35
f 145/145/36 146/146/36 49/49/36
f 145/145/36 49/49/36 54/54/36
f 147/147/37 148/148/37 53/53/37
f 147/147/37 53/53/37 57/57/37
f 148/148/1 145/145/1 54/54/1
f 148/148/1 54/54/1 53/53/1
f 146/146/1 144/144/1 50/50/1
f 146/146/1 50/50/1 49/49/1
f 143/143/1 149/149/1 43/43/1
f 143/143/1 43/43/1 47/47/1
f 149/149/38 150/150/38 44/44/38
f 149/149/38 44/44/38 43/43/38
f 139/139/1 151/151/1 37/37/1
f 139/139/1 37/37/1 41/41/1
f 151/151/39 152/152/39 38/38/39
f 151/151/39 38/38/39 37/37/39
f 153/153/1 137/137/1 34/34/1
f 153/153/1 34/34/1 33/33/1
f 154/154/1 155/155/1 156/156/1
f 154/154/1 156/156/1 157/157/1
f 158/158/40 159/159/40 160/160/40
f 158/158/40 160/160/40 161/161/40
f 162/162/41 158/158/41 161/161/41
f 162/162/41 161/161/41 163/163/41
f 164/164/42 165/165/42 166/166/42
f 164/164/42 166/166/42 167/167/42
f 168/168/1 164/164/1 167/167/1
f 168/168/1 167/167/1 169/169/1
f 170/170/1 171/171/1 172/172/1
f 170/170/1 172/172/1 173/173/1
f 174/174/1 175/175/1 176/176/1
f 174/174/1 176/176/1 177/177/1
f 178/178/43 174/174/43 177/177/43
f 178/178/43 177/177/43 179/179/43
f 175/175/44 170/170/44 173/173/44
f 175/175/44 173/173/44 176/176/44
f 171/171/45 180/180/45 181/181/45
f 171/171/45 181/181/45 172/172/45
f 180/180/1 168/168/1 169/169/1
f 180/180/1 169/169/1 181/181/1
f 182/182/1 183/183/1 184/184/1
f 182/182/1 184/184/1 185/185/1
f 186/186/1 162/162/1 163/163/1
f 186/186/1 163/163/1 187/187/1
f 155/155/46 186/186/46 187/187/46
f 155/155/46 187/187/46 156/156/46
f 188/188/47 189/189/47 186/186/47
f 188/188/47 186/186/47 155/155/47
f 189/189/1 190/190/1 162/162/1
f 189/189/1 162/162/1 186/186/1
f 191/191/1 192/192/1 183/183/1
f 191/191/1 183/183/1 182/182/1
f 193/193/1 194/194/1 168/168/1
f 193/193/1 168/168/1 180/180/1
f 195/195/48 193/193/48 180/180/48
f 195/195/48 180/180/48 171/171/48
f 196/196/49 197/197/49 170/170/49
f 196/196/49 170/170/49 175/175/49
f 198/198/50 199/199/50 174/174/50
f 198/198/50 174/174/50 178/178/50
f 199/199/1 196/196/1 175/175/1
f 199/199/1 175/175/1 174/174/1
f 197/197/1 195/195/1 171/171/1
f 197/197/1 171/171/1 170/170/1
f 194/194/1 200/200/1 164/164/1
f 194/194/1 164/164/1 168/168/1
f 200/200/51 201/201/51 165/165/51
f 200/200/51 165/165/51 164/164/51
f 190/190/52 202/202/52 158/158/52
f 190/190/52 158/158/52 162/162/52
f 202/202/53 203/203/53 159/159/53
f 202/202/53 159/159/53 158/158/53
f 204/204/1 188/188/1 155/155/1
f 204/204/1 155/155/1 154/154/1
f 36/36/1 35/35/1 205/205/1
f 36/36/1 205/205/1 206/206/1
f 40/40/54 39/39/54 207/207/54
f 40/40/54 207/207/54 208/208/54
f 42/42/55 40/40/55 208/208/55
f 42/42/55 208/208/55 209/209/55
f 46/46/56 45/45/56 210/210/56
f 46/46/56 210/210/56 211/211/56
f 48/48/1 46/46/1 211/211/1
f 48/48/1 211/211/1 212/212/1
f 52/52/1 51/51/1 213/213/1
f 52/52/1 213/213/1 214/214/1
f 56/56/1 55/55/1 215/215/1
f 56/56/1 215/215/1 216/216/1
f 58/58/57 56/56/57 216/216/57
f 58/58/57 216/216/57 217/217/57
f 55/55/58 52/52/58 214/214/58
f 55/55/58 214/214/58 215/215/58
f 51/51/59 60/60/59 218/218/59
f 51/51/59 218/218/59 213/213/59
f 60/60/1 48/48/1 212/212/1
f 60/60/1 212/212/1 218/218/1
f 64/64/1 63/63/1 219/219/1
f 64/64/1 219/219/1 220/220/1
f 100/100/1 42/42/1 209/209/1
f 100/100/1 209/209/1 221/221/1
f 35/35/60 100/100/60 221/221/60
f 35/35/60 221/221/60 205/205/60
f 222/222/1 36/36/1 206/206/1
f 222/222/1 206/206/1 223/223/1
f 224/224/61 225/224/61 226/206/61
f 224/224/61 226/206/61 206/206/61
f 227/225/1 154/154/1 157/157/1
f 227/225/1 157/157/1 228/226/1
f 229/227/1 153/153/1 33/33/1
f 229/227/1 33/33/1 230/228/1
f 231/229/1 136/136/1 65/65/1
f 231/229/1 65/65/1 232/230/1
f 233/231/1 135/135/1 136/136/1
f 233/231/1 136/136/1 231/229/1
f 232/230/1 65/65/1 68/68/1
f 232/230/1 68/68/1 234/232/1
f 230/228/1 33/33/1 36/36/1
f 230/228/1 36/36/1 222/222/1
f 235/233/1 29/29/1 32/32/1
f 235/233/1 32/32/1 236/234/1
f 237/235/62 238/236/62 239/237/62
f 237/235/62 239/237/62 240/237/62
f 241/238/1 242/239/1 103/103/1
f 241/238/1 103/103/1 135/135/1
f 243/240/63 244/241/63 133/133/63
f 243/240/63 133/133/63 131/131/63
f 245/242/64 243/240/64 131/131/64
f 245/242/64 131/131/64 107/107/64
f 246/243/65 247/244/65 129/129/65
f 246/243/65 129/129/65 127/127/65
f 248/245/1 246/243/1 127/127/1
f 248/245/1 127/127/1 114/114/1
f 249/246/1 250/247/1 117/117/1
f 249/246/1 117/117/1 120/120/1
f 251/248/1 252/249/1 119/119/1
f 251/248/1 119/119/1 124/124/1
f 253/250/66 251/248/66 124/124/66
f 253/250/66 124/124/66 123/123/66
f 252/249/67 249/246/67 120/120/67
f 252/249/67 120/120/67 119/119/67
f 250/247/68 254/251/68 113/113/68
f 250/247/68 113/113/68 117/117/68
f 254/251/1 248/245/1 114/114/1
f 254/251/1 114/114/1 113/113/1
f 255/252/1 256/253/1 110/110/1
f 255/252/1 110/110/1 109/109/1
f 257/254/1 245/242/1 107/107/1
f 257/254/1 107/107/1 104/104/1
f 242/239/69 257/254/69 104/104/69
f 242/239/69 104/104/69 103/103/69
f 247/244/1 237/235/1 240/237/1
f 247/244/1 240/237/1 129/129/1
f 21/21/1 258/255/1 259/256/1
f 21/21/1 259/256/1 22/22/1
f 44/44/1 260/257/1 261/258/1
f 44/44/1 261/258/1 45/45/1
f 76/76/1 262/259/1 263/260/1
f 76/76/1 263/260/1 77/77/1
f 129/129/1 240/237/1 264/261/1
f 129/129/1 264/261/1 130/130/1
f 130/130/1 264/261/1 262/259/1
f 130/130/1 262/259/1 76/76/1
f 150/150/1 265/262/1 260/257/1
f 150/150/1 260/257/1 44/44/1
f 165/165/1 266/263/1 267/264/1
f 165/165/1 267/264/1 166/166/1
f 201/201/1 268/265/1 266/263/1
f 201/201/1 266/263/1 165/165/1
f 45/45/1 261/258/1 269/266/1
f 45/45/1 269/266/1 210/210/1
f 270/267/70 271/204/70 272/154/70
f 270/267/70 272/154/70 273/225/70
f 274/268/71 275/268/71 276/266/71
f 274/268/71 276/266/71 269/266/71
f 268/265/72 277/269/72 278/263/72
f 268/265/72 278/263/72 266/263/72
f 227/225/73 273/225/73 272/154/73
f 227/225/73 272/154/73 154/154/73
f 279/270/1 280/238/1 281/135/1
f 279/270/1 281/135/1 282/271/1
f 283/272/74 284/272/74 285/157/74
f 283/272/74 285/157/74 157/157/74
f 233/231/73 282/271/73 281/135/73
f 233/231/73 281/135/73 135/135/73
f 286/273/71 287/273/71 288/264/71
f 286/273/71 288/264/71 267/264/71
f 289/274/71 290/274/71 291/275/71
f 289/274/71 291/275/71 292/275/71
f 293/276/73 294/277/73 295/278/73
f 293/276/73 295/278/73 296/278/73
f 297/279/1 298/280/1 295/278/1
f 297/279/1 295/278/1 294/277/1
f 299/281/75 300/282/75 301/283/75
f 299/281/75 301/283/75 302/283/75
f 303/284/76 304/284/76 305/285/76
f 303/284/76 305/285/76 306/285/76
f 307/286/77 308/287/77 301/283/77
f 307/286/77 301/283/77 300/282/77
f 309/288/1 310/289/1 311/290/1
f 309/288/1 311/290/1 312/291/1
f 313/292/1 314/293/1 315/294/1
f 313/292/1 315/294/1 316/295/1
f 317/296/1 318/297/1 319/298/1
f 317/296/1 319/298/1 320/299/1
f 293/276/1 296/278/1 321/300/1
f 293/276/1 321/300/1 322/301/1
f 322/301/1 321/300/1 318/297/1
f 322/301/1 318/297/1 317/296/1
f 323/302/1 324/303/1 314/293/1
f 323/302/1 314/293/1 313/292/1
f 299/281/1 302/283/1 292/275/1
f 299/281/1 292/275/1 325/304/1
f 316/295/1 315/294/1 306/285/1
f 316/295/1 306/285/1 326/305/1
f 327/306/1 328/307/1 308/287/1
f 327/306/1 308/287/1 307/286/1
f 329/308/62 330/308/62 277/269/62
f 329/308/62 277/269/62 268/265/62
f 331/309/1 225/224/1 271/204/1
f 331/309/1 271/204/1 270/267/1
f 332/310/1 329/308/1 268/265/1
f 332/310/1 268/265/1 201/201/1
f 154/154/78 272/154/78 271/204/78
f 154/154/78 271/204/78 204/204/78
f 224/224/1 333/311/1 188/188/1
f 224/224/1 188/188/1 204/204/1
f 334/312/79 335/313/79 203/203/79
f 334/312/79 203/203/79 202/202/79
f 336/314/80 334/312/80 202/202/80
f 336/314/80 202/202/80 190/190/80
f 337/315/81 332/310/81 201/201/81
f 337/315/81 201/201/81 200/200/81
f 338/316/1 337/315/1 200/200/1
f 338/316/1 200/200/1 194/194/1
f 339/317/1 340/318/1 195/195/1
f 339/317/1 195/195/1 197/197/1
f 341/319/1 342/320/1 196/196/1
f 341/319/1 196/196/1 199/199/1
f 343/321/82 341/319/82 199/199/82
f 343/321/82 199/199/82 198/198/82
f 342/320/83 339/317/83 197/197/83
f 342/320/83 197/197/83 196/196/83
f 340/318/84 344/322/84 193/193/84
f 340/318/84 193/193/84 195/195/84
f 344/322/1 338/316/1 194/194/1
f 344/322/1 194/194/1 193/193/1
f 345/323/1 346/324/1 192/192/1
f 345/323/1 192/192/1 191/191/1
f 347/325/1 336/314/1 190/190/1
f 347/325/1 190/190/1 189/189/1
f 333/311/85 347/325/85 189/189/85
f 333/311/85 189/189/85 188/188/85
f 348/326/86 331/309/86 270/267/86
f 348/326/86 270/267/86 349/327/86
f 206/206/71 226/206/71 350/328/71
f 206/206/71 350/328/71 223/223/71
f 157/157/71 285/157/71 351/226/71
f 157/157/71 351/226/71 228/226/71
f 352/329/73 353/330/73 282/271/73
f 352/329/73 282/271/73 233/231/73
f 354/331/1 279/270/1 282/271/1
f 354/331/1 282/271/1 353/330/1
f 355/332/87 356/332/87 273/225/87
f 355/332/87 273/225/87 227/225/87
f 349/327/88 270/267/88 273/225/88
f 349/327/88 273/225/88 356/332/88
f 357/333/1 235/233/1 236/234/1
f 357/333/1 236/234/1 358/334/1
f 359/335/1 230/228/1 222/222/1
f 359/335/1 222/222/1 360/336/1
f 361/337/1 232/230/1 234/232/1
f 361/337/1 234/232/1 362/338/1
f 352/329/1 233/231/1 231/229/1
f 352/329/1 231/229/1 363/339/1
f 363/339/1 231/229/1 232/230/1
f 363/339/1 232/230/1 361/337/1
f 364/340/1 229/227/1 230/228/1
f 364/340/1 230/228/1 359/335/1
f 355/332/1 227/225/1 228/226/1
f 355/332/1 228/226/1 365/341/1
f 360/336/1 222/222/1 223/223/1
f 360/336/1 223/223/1 366/342/1
f 367/343/1 360/336/1 366/342/1
f 367/343/1 366/342/1 303/284/1
f 368/344/1 355/332/1 365/341/1
f 368/344/1 365/341/1 289/274/1
f 369/345/1 364/340/1 359/335/1
f 369/345/1 359/335/1 370/346/1
f 371/347/1 363/339/1 361/337/1
f 371/347/1 361/337/1 372/348/1
f 373/349/1 352/329/1 363/339/1
f 373/349/1 363/339/1 371/347/1
f 372/348/1 361/337/1 362/338/1
f 372/348/1 362/338/1 374/350/1
f 370/346/1 359/335/1 360/336/1
f 370/346/1 360/336/1 367/343/1
f 375/351/1 357/333/1 358/334/1
f 375/351/1 358/334/1 376/352/1
f 377/353/1 349/327/1 356/332/1
f 377/353/1 356/332/1 378/344/1
f 368/344/89 378/344/89 356/332/89
f 368/344/89 356/332/89 355/332/89
f 379/354/1 354/331/1 353/330/1
f 379/354/1 353/330/1 380/355/1
f 373/349/73 380/355/73 353/330/73
f 373/349/73 353/330/73 352/329/73
f 381/356/90 348/326/90 349/327/90
f 381/356/90 349/327/90 377/353/90
f 223/223/71 350/328/71 382/357/71
f 223/223/71 382/357/71 366/342/71
f 228/226/71 351/226/71 383/341/71
f 228/226/71 383/341/71 365/341/71
f 328/307/91 381/356/91 377/353/91
f 328/307/91 377/353/91 308/287/91
f 296/278/73 295/278/73 380/355/73
f 296/278/73 380/355/73 373/349/73
f 298/280/1 379/354/1 380/355/1
f 298/280/1 380/355/1 295/278/1
f 302/283/92 301/283/92 378/344/92
f 302/283/92 378/344/92 368/344/92
f 308/287/93 377/353/93 378/344/93
f 308/287/93 378/344/93 301/283/93
f 310/289/1 375/351/1 376/352/1
f 310/289/1 376/352/1 311/290/1
f 314/293/1 370/346/1 367/343/1
f 314/293/1 367/343/1 315/294/1
f 318/297/1 372/348/1 374/350/1
f 318/297/1 374/350/1 319/298/1
f 296/278/1 373/349/1 371/347/1
f 296/278/1 371/347/1 321/300/1
f 321/300/1 371/347/1 372/348/1
f 321/300/1 372/348/1 318/297/1
f 324/303/1 369/345/1 370/346/1
f 324/303/1 370/346/1 314/293/1
f 302/283/1 368/344/1 289/274/1
f 302/283/1 289/274/1 292/275/1
f 315/294/1 367/343/1 303/284/1
f 315/294/1 303/284/1 306/285/1
f 366/342/71 382/357/71 304/284/71
f 366/342/71 304/284/71 303/284/71
f 365/341/71 383/341/71 290/274/71
f 365/341/71 290/274/71 289/274/71
f 305/285/94 304/284/94 381/356/94
f 305/285/94 381/356/94 328/307/94
f 304/284/1 382/357/1 348/326/1
f 304/284/1 348/326/1 381/356/1
f 382/357/1 350/328/1 331/309/1
f 382/357/1 331/309/1 348/326/1
f 205/205/95 221/221/95 347/325/95
f 205/205/95 347/325/95 333/311/95
f 221/221/96 209/209/96 336/314/96
f 221/221/96 336/314/96 347/325/96
f 220/220/1 219/219/1 346/324/1
f 220/220/1 346/324/1 345/323/1
f 218/218/1 212/212/1 338/316/1
f 218/218/1 338/316/1 344/322/1
f 213/213/97 218/218/97 344/322/97
f 213/213/97 344/322/97 340/318/97
f 215/215/98 214/214/98 339/317/98
f 215/215/98 339/317/98 342/320/98
f 217/217/99 216/216/99 341/319/99
f 217/217/99 341/319/99 343/321/99
f 216/216/1 215/215/1 342/320/1
f 216/216/1 342/320/1 341/319/1
f 214/214/1 213/213/1 340/318/1
f 214/214/1 340/318/1 339/317/1
f 212/212/1 211/211/1 337/315/1
f 212/212/1 337/315/1 338/316/1
f 211/211/100 210/210/100 332/310/100
f 211/211/100 332/310/100 337/315/100
f 209/209/101 208/208/101 334/312/101
f 209/209/101 334/312/101 336/314/101
f 208/208/102 207/207/102 335/313/102
f 208/208/102 335/313/102 334/312/102
f 206/206/1 205/205/1 333/311/1
f 206/206/1 333/311/1 224/224/1
f 210/210/1 269/266/1 329/308/1
f 210/210/1 329/308/1 332/310/1
f 350/328/1 226/206/1 225/224/1
f 350/328/1 225/224/1 331/309/1
f 269/266/62 276/266/62 330/308/62
f 269/266/62 330/308/62 329/308/62
f 384/305/1 305/285/1 328/307/1
f 384/305/1 328/307/1 327/306/1
f 204/204/61 271/204/61 225/224/61
f 204/204/61 225/224/61 224/224/61
f 291/275/1 290/274/1 385/358/1
f 291/275/1 385/358/1 386/359/1
f 290/274/103 383/341/103 387/360/103
f 290/274/103 387/360/103 385/358/103
f 383/341/1 351/226/1 388/361/1
f 383/341/1 388/361/1 387/360/1
f 389/304/104 291/275/104 386/359/104
f 389/304/104 386/359/104 390/362/104
f 241/238/61 280/238/61 284/272/61
f 241/238/61 284/272/61 283/272/61
f 351/226/1 285/157/1 284/272/1
f 351/226/1 284/272/1 388/361/1
f 166/166/1 267/264/1 391/363/1
f 166/166/1 391/363/1 392/364/1
f 156/156/105 187/187/105 393/365/105
f 156/156/105 393/365/105 394/366/105
f 187/187/1 163/163/1 395/367/1
f 187/187/1 395/367/1 393/365/1
f 185/185/1 184/184/1 396/368/1
f 185/185/1 396/368/1 397/369/1
f 181/181/1 169/169/1 398/370/1
f 181/181/1 398/370/1 399/371/1
f 172/172/106 181/181/106 399/371/106
f 172/172/106 399/371/106 400/372/106
f 176/176/107 173/173/107 401/373/107
f 176/176/107 401/373/107 402/374/107
f 179/179/15 177/177/15 403/375/15
f 179/179/15 403/375/15 404/376/15
f 177/177/1 176/176/1 402/374/1
f 177/177/1 402/374/1 403/375/1
f 173/173/1 172/172/1 400/372/1
f 173/173/1 400/372/1 401/373/1
f 169/169/1 167/167/1 405/377/1
f 169/169/1 405/377/1 398/370/1
f 167/167/56 166/166/56 392/364/56
f 167/167/56 392/364/56 405/377/56
f 163/163/108 161/161/108 406/378/108
f 163/163/108 406/378/108 395/367/108
f 161/161/109 160/160/109 407/379/109
f 161/161/109 407/379/109 406/378/109
f 157/157/1 156/156/1 394/366/1
f 157/157/1 394/366/1 283/272/1
f 267/264/62 288/264/62 408/380/62
f 267/264/62 408/380/62 391/363/62
f 288/264/1 287/273/1 409/381/1
f 288/264/1 409/381/1 408/380/1
f 276/266/1 275/268/1 410/382/1
f 276/266/1 410/382/1 330/308/1
f 330/308/1 410/382/1 411/383/1
f 330/308/1 411/383/1 277/269/1
f 261/258/1 412/384/1 274/268/1
f 261/258/1 274/268/1 269/266/1
f 266/263/1 413/385/1 286/273/1
f 266/263/1 286/273/1 267/264/1
f 265/262/1 414/386/1 415/387/1
f 265/262/1 415/387/1 260/257/1
f 264/261/1 416/388/1 417/389/1
f 264/261/1 417/389/1 262/259/1
f 240/237/1 418/390/1 416/388/1
f 240/237/1 416/388/1 264/261/1
f 262/259/1 417/389/1 419/391/1
f 262/259/1 419/391/1 263/260/1
f 260/257/1 415/387/1 412/384/1
f 260/257/1 412/384/1 261/258/1
f 258/255/1 420/392/1 421/393/1
f 258/255/1 421/393/1 259/256/1
f 277/269/110 411/383/110 422/385/110
f 277/269/110 422/385/110 278/263/110
f 266/263/111 278/263/111 422/385/111
f 266/263/111 422/385/111 413/385/111
f 238/236/1 423/394/1 424/390/1
f 238/236/1 424/390/1 239/237/1
f 240/237/73 239/237/73 424/390/73
f 240/237/73 424/390/73 418/390/73
f 325/304/71 389/304/71 287/273/71
f 325/304/71 287/273/71 286/273/71
f 326/305/71 384/305/71 275/268/71
f 326/305/71 275/268/71 274/268/71
f 306/285/71 305/285/71 384/305/71
f 306/285/71 384/305/71 326/305/71
f 292/275/71 291/275/71 389/304/71
f 292/275/71 389/304/71 325/304/71
f 287/273/1 389/304/1 390/362/1
f 287/273/1 390/362/1 409/381/1
f 275/268/1 384/305/1 327/306/1
f 275/268/1 327/306/1 410/382/1
f 410/382/1 327/306/1 307/286/1
f 410/382/1 307/286/1 411/383/1
f 412/384/1 316/295/1 326/305/1
f 412/384/1 326/305/1 274/268/1
f 413/385/1 299/281/1 325/304/1
f 413/385/1 325/304/1 286/273/1
f 414/386/1 323/302/1 313/292/1
f 414/386/1 313/292/1 415/387/1
f 416/388/1 322/301/1 317/296/1
f 416/388/1 317/296/1 417/389/1
f 418/390/1 293/276/1 322/301/1
f 418/390/1 322/301/1 416/388/1
f 417/389/1 317/296/1 320/299/1
f 417/389/1 320/299/1 419/391/1
f 415/387/1 313/292/1 316/295/1
f 415/387/1 316/295/1 412/384/1
f 420/392/1 309/288/1 312/291/1
f 420/392/1 312/291/1 421/393/1
f 411/383/112 307/286/112 300/282/112
f 411/383/112 300/282/112 422/385/112
f 413/385/111 422/385/111 300/282/111
f 413/385/111 300/282/111 299/281/111
f 423/394/113 297/279/113 294/277/113
f 423/394/113 294/277/113 424/390/113
f 418/390/73 424/390/73 294/277/73
f 418/390/73 294/277/73 293/276/73
f 409/381/114 390/362/114 297/279/114
f 409/381/114 297/279/114 423/394/114
f 408/380/115 409/381/115 423/394/115
f 408/380/115 423/394/115 238/236/115
f 135/135/61 281/135/61 280/238/61
f 135/135/61 280/238/61 241/238/61
f 386/359/1 385/358/1 379/354/1
f 386/359/1 379/354/1 298/280/1
f 385/358/1 387/360/1 354/331/1
f 385/358/1 354/331/1 379/354/1
f 387/360/1 388/361/1 279/270/1
f 387/360/1 279/270/1 354/331/1
f 390/362/1 386/359/1 298/280/1
f 390/362/1 298/280/1 297/279/1
f 388/361/1 284/272/1 280/238/1
f 388/361/1 280/238/1 279/270/1
f 392/364/1 391/363/1 237/235/1
f 392/364/1 237/235/1 247/244/1
f 394/366/116 393/365/116 257/254/116
f 394/366/116 257/254/116 242/239/116
f 393/365/1 395/367/1 245/242/1
f 393/365/1 245/242/1 257/254/1
f 397/369/1 396/368/1 256/253/1
f 397/369/1 256/253/1 255/252/1
f 399/371/1 398/370/1 248/245/1
f 399/371/1 248/245/1 254/251/1
f 400/372/117 399/371/117 254/251/117
f 400/372/117 254/251/117 250/247/117
f 402/374/118 401/373/118 249/246/118
f 402/374/118 249/246/118 252/249/118
f 404/376/119 403/375/119 251/248/119
f 404/376/119 251/248/119 253/250/119
f 403/375/1 402/374/1 252/249/1
f 403/375/1 252/249/1 251/248/1
f 401/373/1 400/372/1 250/247/1
f 401/373/1 250/247/1 249/246/1
f 398/370/1 405/377/1 246/243/1
f 398/370/1 246/243/1 248/245/1
f 405/377/5 392/364/5 247/244/5
f 405/377/5 247/244/5 246/243/5
f 395/367/120 406/378/120 243/240/120
f 395/367/120 243/240/120 245/242/120
f 406/378/121 407/379/121 244/241/121
f 406/378/121 244/241/121 243/240/121
f 283/272/1 394/366/1 242/239/1
f 283/272/1 242/239/1 241/238/1
f 391/363/62 408/380/62 238/236/62
f 391/363/62 238/236/62 237/235/62
f 407/379/1 425/395/1 426/396/1
f 407/379/1 426/396/1 244/241/1
f 160/160/1 427/397/1 425/395/1
f 160/160/1 425/395/1 407/379/1
f 207/207/1 428/398/1 429/399/1
f 207/207/1 429/399/1 335/313/1
f 335/313/1 429/399/1 430/400/1
f 335/313/1 430/400/1 203/203/1
f 244/241/1 426/396/1 431/401/1
f 244/241/1 431/401/1 133/133/1
f 39/39/1 432/402/1 428/398/1
f 39/39/1 428/398/1 207/207/1
f 203/203/1 430/400/1 433/403/1
f 203/203/1 433/403/1 159/159/1
f 159/159/1 433/403/1 427/397/1
f 159/159/1 427/397/1 160/160/1
f 152/152/1 434/404/1 435/405/1
f 152/152/1 435/405/1 38/38/1
f 134/134/1 436/406/1 437/407/1
f 134/134/1 437/407/1 70/70/1
f 133/133/1 431/401/1 436/406/1
f 133/133/1 436/406/1 134/134/1
f 70/70/1 437/407/1 438/408/1
f 70/70/1 438/408/1 71/71/1
f 38/38/1 435/405/1 432/402/1
f 38/38/1 432/402/1 39/39/1
f 27/27/1 439/409/1 440/410/1
f 27/27/1 440/410/1 28/28/1
f 441/411/122 442/412/122 434/404/122
f 441/411/122 434/404/122 152/152/122
f 443/413/1 444/414/1 323/302/1
f 443/413/1 323/302/1 414/386/1
f 445/415/1 443/413/1 414/386/1
f 445/415/1 414/386/1 265/262/1
f 446/416/1 447/417/1 369/345/1
f 446/416/1 369/345/1 324/303/1
f 447/417/1 448/418/1 364/340/1
f 447/417/1 364/340/1 369/345/1
f 448/418/1 449/419/1 229/227/1
f 448/418/1 229/227/1 364/340/1
f 444/414/1 446/416/1 324/303/1
f 444/414/1 324/303/1 323/302/1
f 450/420/1 445/415/1 265/262/1
f 450/420/1 265/262/1 150/150/1
f 449/419/1 451/421/1 153/153/1
f 449/419/1 153/153/1 229/227/1
f 451/421/1 452/422/1 137/137/1
f 451/421/1 137/137/1 153/153/1
f 453/423/123 441/411/123 152/152/123
f 453/423/123 152/152/123 151/151/123
f 454/424/1 453/423/1 151/151/1
f 454/424/1 151/151/1 139/139/1
f 455/425/124 450/420/124 150/150/124
f 455/425/124 150/150/124 149/149/124
f 456/426/1 455/425/1 149/149/1
f 456/426/1 149/149/1 143/143/1
f 457/427/1 458/428/1 144/144/1
f 457/427/1 144/144/1 146/146/1
f 459/429/1 460/430/1 145/145/1
f 459/429/1 145/145/1 148/148/1
f 461/431/125 459/429/125 148/148/125
f 461/431/125 148/148/125 147/147/125
f 460/430/126 457/427/126 146/146/126
f 460/430/126 146/146/126 145/145/126
f 458/428/127 462/432/127 142/142/127
f 458/428/127 142/142/127 144/144/127
f 462/432/1 456/426/1 143/143/1
f 462/432/1 143/143/1 142/142/1
f 463/433/1 464/434/1 141/141/1
f 463/433/1 141/141/1 140/140/1
f 465/435/1 454/424/1 139/139/1
f 465/435/1 139/139/1 138/138/1
f 452/422/1 465/435/1 138/138/1
f 452/422/1 138/138/1 137/137/1
f 466/436/1 467/437/1 465/435/1
f 466/436/1 465/435/1 452/422/1
f 467/437/1 468/438/1 454/424/1
f 467/437/1 454/424/1 465/435/1
f 469/439/1 470/440/1 464/434/1
f 469/439/1 464/434/1 463/433/1
f 471/441/1 472/442/1 456/426/1
f 471/441/1 456/426/1 462/432/1
f 473/443/128 471/441/128 462/432/128
f 473/443/128 462/432/128 458/428/128
f 474/444/129 475/445/129 457/427/129
f 474/444/129 457/427/129 460/430/129
f 476/446/130 477/447/130 459/429/130
f 476/446/130 459/429/130 461/431/130
f 477/447/1 474/444/1 460/430/1
f 477/447/1 460/430/1 459/429/1
f 475/445/1 473/443/1 458/428/1
f 475/445/1 458/428/1 457/427/1
f 472/442/1 478/448/1 455/425/1
f 472/442/1 455/425/1 456/426/1
f 478/448/131 479/449/131 450/420/131
f 478/448/131 450/420/131 455/425/131
f 468/438/1 480/450/1 453/423/1
f 468/438/1 453/423/1 454/424/1
f 480/450/132 481/451/132 441/411/132
f 480/450/132 441/411/132 453/423/132
f 482/452/1 466/436/1 452/422/1
f 482/452/1 452/422/1 451/421/1
f 483/453/1 482/452/1 451/421/1
f 483/453/1 451/421/1 449/419/1
f 479/449/1 484/454/1 445/415/1
f 479/449/1 445/415/1 450/420/1
f 485/455/1 486/456/1 446/416/1
f 485/455/1 446/416/1 444/414/1
f 487/457/1 483/453/1 449/419/1
f 487/457/1 449/419/1 448/418/1
f 488/458/1 487/457/1 448/418/1
f 488/458/1 448/418/1 447/417/1
f 486/456/1 488/458/1 447/417/1
f 486/456/1 447/417/1 446/416/1
f 484/454/1 489/459/1 443/413/1
f 484/454/1 443/413/1 445/415/1
f 489/459/1 485/455/1 444/414/1
f 489/459/1 444/414/1 443/413/1
f 481/451/1 490/460/1 442/412/1
f 481/451/1 442/412/1 441/411/1
f 71/71/133 438/408/133 439/409/133
f 71/71/133 439/409/133 27/27/133
f 419/391/1 320/299/1 309/288/1
f 419/391/1 309/288/1 420/392/1
f 263/260/1 419/391/1 420/392/1
f 263/260/1 420/392/1 258/255/1
f 319/298/1 374/350/1 375/351/1
f 319/298/1 375/351/1 310/289/1
f 374/350/1 362/338/1 357/333/1
f 374/350/1 357/333/1 375/351/1
f 362/338/1 234/232/1 235/233/1
f 362/338/1 235/233/1 357/333/1
f 320/299/1 319/298/1 310/289/1
f 320/299/1 310/289/1 309/288/1
f 77/77/1 263/260/1 258/255/1
f 77/77/1 258/255/1 21/21/1
f 234/232/1 68/68/1 29/29/1
f 234/232/1 29/29/1 235/233/1
f 67/67/1 98/98/1 101/101/1
f 67/67/1 101/101/1 30/30/1
f 98/98/1 74/74/1 23/23/1
f 98/98/1 23/23/1 101/101/1
f 68/68/1 67/67/1 30/30/1
f 68/68/1 30/30/1 29/29/1
f 72/72/134 71/71/134 27/27/134
f 72/72/134 27/27/134 24/24/134
f 74/74/1 72/72/1 24/24/1
f 74/74/1 24/24/1 23/23/1
f 78/78/135 77/77/135 21/21/135
f 78/78/135 21/21/135 19/19/135
f 80/80/1 78/78/1 19/19/1
f 80/80/1 19/19/1 6/6/1
f 84/84/1 83/83/1 9/9/1
f 84/84/1 9/9/1 12/12/1
f 88/88/1 87/87/1 11/11/1
f 88/88/1 11/11/1 16/16/1
f 90/90/136 88/88/136 16/16/136
f 90/90/136 16/16/136 15/15/136
f 87/87/137 84/84/137 12/12/137
f 87/87/137 12/12/137 11/11/137
f 83/83/138 92/92/138 5/5/138
f 83/83/138 5/5/138 9/9/138
f 92/92/1 80/80/1 6/6/1
f 92/92/1 6/6/1 5/5/1
f 96/96/1 95/95/1 2/2/1
f 96/96/1 2/2/1 1/1/1
f 438/408/139 96/96/139 1/1/139
f 438/408/139 1/1/139 439/409/139
f 490/460/140 469/439/140 463/433/140
f 490/460/140 463/433/140 442/412/140
f 442/412/141 463/433/141 140/140/141
f 442/412/141 140/140/141 434/404/141
f 425/395/142 397/369/142 255/252/142
f 425/395/142 255/252/142 426/396/142
f 427/397/143 185/185/143 397/369/143
f 427/397/143 397/369/143 425/395/143
f 428/398/144 220/220/144 345/323/144
f 428/398/144 345/323/144 429/399/144
f 429/399/145 345/323/145 191/191/145
f 429/399/145 191/191/145 430/400/145
f 426/396/146 255/252/146 109/109/146
f 426/396/146 109/109/146 431/401/146
f 432/402/147 64/64/147 220/220/147
f 432/402/147 220/220/147 428/398/147
f 430/400/148 191/191/148 182/182/148
f 430/400/148 182/182/148 433/403/148
f 433/403/149 182/182/149 185/185/149
f 433/403/149 185/185/149 427/397/149
f 434/404/150 140/140/150 61/61/150
f 434/404/150 61/61/150 435/405/150
f 436/406/151 112/112/151 93/93/151
f 436/406/151 93/93/151 437/407/151
f 431/401/152 109/109/152 112/112/152
f 431/401/152 112/112/152 436/406/152
f 437/407/153 93/93/153 96/96/153
f 437/407/153 96/96/153 438/408/153
f 435/405/154 61/61/154 64/64/154
f 435/405/154 64/64/154 432/402/154
f 439/409/155 1/1/155 4/4/155
f 439/409/155 4/4/155 440/410/155
f 491/1/156 492/4/156 493/3/156
f 491/1/156 493/3/156 494/2/156
f 495/5/156 496/8/156 497/7/156
f 495/5/156 497/7/156 498/6/156
f 499/9/156 500/10/156 496/8/156
f 499/9/156 496/8/156 495/5/156
f 501/11/156 502/14/156 503/13/156
f 501/11/156 503/13/156 504/12/156
f 505/15/156 506/18/156 507/17/156
f 505/15/156 507/17/156 508/16/156
f 508/16/156 507/17/156 502/14/156
f 508/16/156 502/14/156 501/11/156
f 504/12/156 503/13/156 500/10/156
f 504/12/156 500/10/156 499/9/156
f 498/6/156 497/7/156 509/20/156
f 498/6/156 509/20/156 510/19/156
f 510/19/156 509/20/156 511/22/156
f 510/19/156 511/22/156 512/21/156
f 513/23/157 514/26/157 515/25/157
f 513/23/157 515/25/157 516/24/157
f 516/24/156 515/25/156 517/28/156
f 516/24/156 517/28/156 518/27/156
f 519/29/158 520/32/158 521/31/158
f 519/29/158 521/31/158 522/30/158
f 523/33/156 524/36/156 525/35/156
f 523/33/156 525/35/156 526/34/156
f 527/37/156 528/40/156 529/39/156
f 527/37/156 529/39/156 530/38/156
f 531/41/156 532/42/156 528/40/156
f 531/41/156 528/40/156 527/37/156
f 533/43/156 534/46/156 535/45/156
f 533/43/156 535/45/156 536/44/156
f 537/47/156 538/48/156 534/46/156
f 537/47/156 534/46/156 533/43/156
f 539/49/156 540/52/156 541/51/156
f 539/49/156 541/51/156 542/50/156
f 543/53/156 544/56/156 545/55/156
f 543/53/156 545/55/156 546/54/156
f 547/57/156 548/58/156 544/56/156
f 547/57/156 544/56/156 543/53/156
f 546/54/156 545/55/156 540/52/156
f 546/54/156 540/52/156 539/49/156
f 542/50/156 541/51/156 549/60/156
f 542/50/156 549/60/156 550/59/156
f 550/59/156 549/60/156 538/48/156
f 550/59/156 538/48/156 537/47/156
f 551/61/156 552/64/156 553/63/156
f 551/61/156 553/63/156 554/62/156
f 555/65/156 556/68/156 557/67/156
f 555/65/156 557/67/156 558/66/156
f 559/69/159 560/72/159 561/71/159
f 559/69/159 561/71/159 562/70/159
f 563/73/156 564/74/156 560/72/156
f 563/73/156 560/72/156 559/69/156
f 565/75/156 566/78/156 567/77/156
f 565/75/156 567/77/156 568/76/156
f 569/79/156 570/80/156 566/78/156
f 569/79/156 566/78/156 565/75/156
f 571/81/156 572/84/156 573/83/156
f 571/81/156 573/83/156 574/82/156
f 575/85/156 576/88/156 577/87/156
f 575/85/156 577/87/156 578/86/156
f 579/89/156 580/90/156 576/88/156
f 579/89/156 576/88/156 575/85/156
f 578/86/156 577/87/156 572/84/156
f 578/86/156 572/84/156 571/81/156
f 574/82/156 573/83/156 581/92/156
f 574/82/156 581/92/156 582/91/156
f 582/91/156 581/92/156 570/80/156
f 582/91/156 570/80/156 569/79/156
f 583/93/156 584/96/156 585/95/156
f 583/93/156 585/95/156 586/94/156
f 587/97/156 588/98/156 564/74/156
f 587/97/156 564/74/156 563/73/156
f 589/99/156 590/100/156 532/42/156
f 589/99/156 532/42/156 531/41/156
f 591/101/160 592/102/160 514/26/160
f 591/101/160 514/26/160 513/23/160
f 522/30/161 521/31/161 592/102/161
f 522/30/161 592/102/161 591/101/161
f 526/34/156 525/35/156 590/100/156
f 526/34/156 590/100/156 589/99/156
f 558/66/156 557/67/156 588/98/156
f 558/66/156 588/98/156 587/97/156
f 593/103/156 594/106/156 595/105/156
f 593/103/156 595/105/156 596/104/156
f 596/104/156 595/105/156 597/108/156
f 596/104/156 597/108/156 598/107/156
f 599/109/156 600/112/156 601/111/156
f 599/109/156 601/111/156 602/110/156
f 603/113/156 604/116/156 605/115/156
f 603/113/156 605/115/156 606/114/156
f 607/117/156 608/118/156 604/116/156
f 607/117/156 604/116/156 603/113/156
f 609/119/156 610/122/156 611/121/156
f 609/119/156 611/121/156 612/120/156
f 613/123/156 614/126/156 615/125/156
f 613/123/156 615/125/156 616/124/156
f 616/124/156 615/125/156 610/122/156
f 616/124/156 610/122/156 609/119/156
f 612/120/156 611/121/156 608/118/156
f 612/120/156 608/118/156 607/117/156
f 606/114/156 605/115/156 617/128/156
f 606/114/156 617/128/156 618/127/156
f 618/127/156 617/128/156 619/130/156
f 618/127/156 619/130/156 620/129/156
f 598/107/156 597/108/156 621/132/156
f 598/107/156 621/132/156 622/131/156
f 622/131/156 621/132/156 623/134/156
f 622/131/156 623/134/156 624/133/156
f 625/135/156 626/136/156 594/106/156
f 625/135/156 594/106/156 593/103/156
f 594/106/156 558/66/156 587/97/156
f 594/106/156 587/97/156 595/105/156
f 595/105/156 587/97/156 563/73/156
f 595/105/156 563/73/156 597/108/156
f 600/112/156 583/93/156 586/94/156
f 600/112/156 586/94/156 601/111/156
f 604/116/156 582/91/156 569/79/156
f 604/116/156 569/79/156 605/115/156
f 608/118/156 574/82/156 582/91/156
f 608/118/156 582/91/156 604/116/156
f 610/122/156 578/86/156 571/81/156
f 610/122/156 571/81/156 611/121/156
f 614/126/156 579/89/156 575/85/156
f 614/126/156 575/85/156 615/125/156
f 615/125/156 575/85/156 578/86/156
f 615/125/156 578/86/156 610/122/156
f 611/121/156 571/81/156 574/82/156
f 611/121/156 574/82/156 608/118/156
f 605/115/156 569/79/156 565/75/156
f 605/115/156 565/75/156 617/128/156
f 617/128/156 565/75/156 568/76/156
f 617/128/156 568/76/156 619/130/156
f 597/108/156 563/73/156 559/69/156
f 597/108/156 559/69/156 621/132/156
f 621/132/156 559/69/156 562/70/156
f 621/132/156 562/70/156 623/134/156
f 626/136/156 555/65/156 558/66/156
f 626/136/156 558/66/156 594/106/156
f 627/137/156 526/34/156 589/99/156
f 627/137/156 589/99/156 628/138/156
f 628/138/156 589/99/156 531/41/156
f 628/138/156 531/41/156 629/139/156
f 630/140/156 551/61/156 554/62/156
f 630/140/156 554/62/156 631/141/156
f 632/142/156 550/59/156 537/47/156
f 632/142/156 537/47/156 633/143/156
f 634/144/156 542/50/156 550/59/156
f 634/144/156 550/59/156 632/142/156
f 635/145/162 546/54/162 539/49/162
f 635/145/162 539/49/162 636/146/162
f 637/147/163 547/57/163 543/53/163
f 637/147/163 543/53/163 638/148/163
f 638/148/164 543/53/164 546/54/164
f 638/148/164 546/54/164 635/145/164
f 636/146/165 539/49/165 542/50/165
f 636/146/165 542/50/165 634/144/165
f 633/143/156 537/47/156 533/43/156
f 633/143/156 533/43/156 639/149/156
f 639/149/156 533/43/156 536/44/156
f 639/149/156 536/44/156 640/150/156
f 629/139/156 531/41/156 527/37/156
f 629/139/156 527/37/156 641/151/156
f 641/151/156 527/37/156 530/38/156
f 641/151/156 530/38/156 642/152/156
f 643/153/156 523/33/156 526/34/156
f 643/153/156 526/34/156 627/137/156
f 644/154/156 645/157/156 646/156/156
f 644/154/156 646/156/156 647/155/156
f 648/158/156 649/161/156 650/160/156
f 648/158/156 650/160/156 651/159/156
f 652/162/156 653/163/156 649/161/156
f 652/162/156 649/161/156 648/158/156
f 654/164/156 655/167/156 656/166/156
f 654/164/156 656/166/156 657/165/156
f 658/168/156 659/169/156 655/167/156
f 658/168/156 655/167/156 654/164/156
f 660/170/166 661/173/166 662/172/166
f 660/170/166 662/172/166 663/171/166
f 664/174/167 665/177/167 666/176/167
f 664/174/167 666/176/167 667/175/167
f 668/178/168 669/179/168 665/177/168
f 668/178/168 665/177/168 664/174/168
f 667/175/156 666/176/156 661/173/156
f 667/175/156 661/173/156 660/170/156
f 663/171/169 662/172/169 670/181/169
f 663/171/169 670/181/169 671/180/169
f 671/180/170 670/181/170 659/169/170
f 671/180/170 659/169/170 658/168/170
f 672/182/156 673/185/156 674/184/156
f 672/182/156 674/184/156 675/183/156
f 676/186/156 677/187/156 653/163/156
f 676/186/156 653/163/156 652/162/156
f 647/155/156 646/156/156 677/187/156
f 647/155/156 677/187/156 676/186/156
f 678/188/156 647/155/156 676/186/156
f 678/188/156 676/186/156 679/189/156
f 679/189/156 676/186/156 652/162/156
f 679/189/156 652/162/156 680/190/156
f 681/191/156 672/182/156 675/183/156
f 681/191/156 675/183/156 682/192/156
f 683/193/171 671/180/171 658/168/171
f 683/193/171 658/168/171 684/194/171
f 685/195/156 663/171/156 671/180/156
f 685/195/156 671/180/156 683/193/156
f 686/196/156 667/175/156 660/170/156
f 686/196/156 660/170/156 687/197/156
f 688/198/156 668/178/156 664/174/156
f 688/198/156 664/174/156 689/199/156
f 689/199/156 664/174/156 667/175/156
f 689/199/156 667/175/156 686/196/156
f 687/197/156 660/170/156 663/171/156
f 687/197/156 663/171/156 685/195/156
f 684/194/172 658/168/172 654/164/172
f 684/194/172 654/164/172 690/200/172
f 690/200/173 654/164/173 657/165/173
f 690/200/173 657/165/173 691/201/173
f 680/190/156 652/162/156 648/158/156
f 680/190/156 648/158/156 692/202/156
f 692/202/156 648/158/156 651/159/156
f 692/202/156 651/159/156 693/203/156
f 694/204/174 644/154/174 647/155/174
f 694/204/174 647/155/174 678/188/174
f 524/36/156 695/206/156 696/205/156
f 524/36/156 696/205/156 525/35/156
f 528/40/156 697/208/156 698/207/156
f 528/40/156 698/207/156 529/39/156
f 532/42/156 699/209/156 697/208/156
f 532/42/156 697/208/156 528/40/156
f 534/46/156 700/211/156 701/210/156
f 534/46/156 701/210/156 535/45/156
f 538/48/156 702/212/156 700/211/156
f 538/48/156 700/211/156 534/46/156
f 540/52/156 703/214/156 704/213/156
f 540/52/156 704/213/156 541/51/156
f 544/56/156 705/216/156 706/215/156
f 544/56/156 706/215/156 545/55/156
f 548/58/156 707/217/156 705/216/156
f 548/58/156 705/216/156 544/56/156
f 545/55/156 706/215/156 703/214/156
f 545/55/156 703/214/156 540/52/156
f 541/51/156 704/213/156 708/218/156
f 541/51/156 708/218/156 549/60/156
f 549/60/156 708/218/156 702/212/156
f 549/60/156 702/212/156 538/48/156
f 552/64/175 709/220/175 710/219/175
f 552/64/175 710/219/175 553/63/175
f 590/100/156 711/221/156 699/209/156
f 590/100/156 699/209/156 532/42/156
f 525/35/156 696/205/156 711/221/156
f 525/35/156 711/221/156 590/100/156
f 712/222/156 713/223/156 695/206/156
f 712/222/156 695/206/156 524/36/156
f 714/225/156 715/226/156 645/157/156
f 714/225/156 645/157/156 644/154/156
f 716/227/156 717/228/156 523/33/156
f 716/227/156 523/33/156 643/153/156
f 718/229/156 719/230/156 555/65/156
f 718/229/156 555/65/156 626/136/156
f 720/231/156 718/229/156 626/136/156
f 720/231/156 626/136/156 625/135/156
f 719/230/156 721/232/156 556/68/156
f 719/230/156 556/68/156 555/65/156
f 717/228/156 712/222/156 524/36/156
f 717/228/156 524/36/156 523/33/156
f 722/233/156 723/234/156 520/32/156
f 722/233/156 520/32/156 519/29/156
f 724/238/156 625/135/156 593/103/156
f 724/238/156 593/103/156 725/239/156
f 726/240/156 622/131/156 624/133/156
f 726/240/156 624/133/156 727/241/156
f 728/242/176 598/107/176 622/131/176
f 728/242/176 622/131/176 726/240/176
f 729/243/156 618/127/156 620/129/156
f 729/243/156 620/129/156 730/244/156
f 731/245/156 606/114/156 618/127/156
f 731/245/156 618/127/156 729/243/156
f 732/246/156 612/120/156 607/117/156
f 732/246/156 607/117/156 733/247/156
f 734/248/156 616/124/156 609/119/156
f 734/248/156 609/119/156 735/249/156
f 736/250/156 613/123/156 616/124/156
f 736/250/156 616/124/156 734/248/156
f 735/249/156 609/119/156 612/120/156
f 735/249/156 612/120/156 732/246/156
f 733/247/156 607/117/156 603/113/156
f 733/247/156 603/113/156 737/251/156
f 737/251/156 603/113/156 606/114/156
f 737/251/156 606/114/156 731/245/156
f 738/252/177 599/109/177 602/110/177
f 738/252/177 602/110/177 739/253/177
f 740/254/178 596/104/178 598/107/178
f 740/254/178 598/107/178 728/242/178
f 725/239/179 593/103/179 596/104/179
f 725/239/179 596/104/179 740/254/179
f 730/244/156 620/129/156 741/237/156
f 730/244/156 741/237/156 742/235/156
f 512/21/156 511/22/156 743/256/156
f 512/21/156 743/256/156 744/255/156
f 536/44/156 535/45/156 745/258/156
f 536/44/156 745/258/156 746/257/156
f 568/76/156 567/77/156 747/260/156
f 568/76/156 747/260/156 748/259/156
f 620/129/156 619/130/156 749/261/156
f 620/129/156 749/261/156 741/237/156
f 619/130/156 568/76/156 748/259/156
f 619/130/156 748/259/156 749/261/156
f 640/150/156 536/44/156 746/257/156
f 640/150/156 746/257/156 750/262/156
f 657/165/156 656/166/156 751/264/156
f 657/165/156 751/264/156 752/263/156
f 691/201/156 657/165/156 752/263/156
f 691/201/156 752/263/156 753/265/156
f 535/45/156 701/210/156 754/266/156
f 535/45/156 754/266/156 745/258/156
f 755/267/180 714/225/180 644/154/180
f 755/267/180 644/154/180 694/204/180
f 756/270/156 757/271/156 625/135/156
f 756/270/156 625/135/156 724/238/156
f 758/279/156 759/277/156 760/278/156
f 758/279/156 760/278/156 761/280/156
f 762/286/181 763/282/181 764/283/181
f 762/286/181 764/283/181 765/287/181
f 766/288/156 767/291/156 768/290/156
f 766/288/156 768/290/156 769/289/156
f 770/292/156 771/295/156 772/294/156
f 770/292/156 772/294/156 773/293/156
f 774/296/156 775/299/156 776/298/156
f 774/296/156 776/298/156 777/297/156
f 778/276/156 779/301/156 780/300/156
f 778/276/156 780/300/156 760/278/156
f 779/301/156 774/296/156 777/297/156
f 779/301/156 777/297/156 780/300/156
f 781/302/156 770/292/156 773/293/156
f 781/302/156 773/293/156 782/303/156
f 783/281/156 784/304/156 785/275/156
f 783/281/156 785/275/156 764/283/156
f 771/295/156 786/305/156 787/285/156
f 771/295/156 787/285/156 772/294/156
f 788/306/156 762/286/156 765/287/156
f 788/306/156 765/287/156 789/307/156
f 790/309/156 755/267/156 694/204/156
f 790/309/156 694/204/156 791/224/156
f 792/310/156 691/201/156 753/265/156
f 792/310/156 753/265/156 793/308/156
f 791/224/156 694/204/156 678/188/156
f 791/224/156 678/188/156 794/311/156
f 795/312/156 692/202/156 693/203/156
f 795/312/156 693/203/156 796/313/156
f 797/314/156 680/190/156 692/202/156
f 797/314/156 692/202/156 795/312/156
f 798/315/156 690/200/156 691/201/156
f 798/315/156 691/201/156 792/310/156
f 799/316/156 684/194/156 690/200/156
f 799/316/156 690/200/156 798/315/156
f 800/317/156 687/197/156 685/195/156
f 800/317/156 685/195/156 801/318/156
f 802/319/156 689/199/156 686/196/156
f 802/319/156 686/196/156 803/320/156
f 804/321/156 688/198/156 689/199/156
f 804/321/156 689/199/156 802/319/156
f 803/320/156 686/196/156 687/197/156
f 803/320/156 687/197/156 800/317/156
f 801/318/156 685/195/156 683/193/156
f 801/318/156 683/193/156 805/322/156
f 805/322/156 683/193/156 684/194/156
f 805/322/156 684/194/156 799/316/156
f 806/323/156 681/191/156 682/192/156
f 806/323/156 682/192/156 807/324/156
f 808/325/156 679/189/156 680/190/156
f 808/325/156 680/190/156 797/314/156
f 794/311/156 678/188/156 679/189/156
f 794/311/156 679/189/156 808/325/156
f 809/326/156 810/327/156 755/267/156
f 809/326/156 755/267/156 790/309/156
f 811/331/156 812/330/156 757/271/156
f 811/331/156 757/271/156 756/270/156
f 810/327/156 813/332/156 714/225/156
f 810/327/156 714/225/156 755/267/156
f 814/333/156 815/334/156 723/234/156
f 814/333/156 723/234/156 722/233/156
f 816/335/156 817/336/156 712/222/156
f 816/335/156 712/222/156 717/228/156
f 818/337/156 819/338/156 721/232/156
f 818/337/156 721/232/156 719/230/156
f 820/329/156 821/339/156 718/229/156
f 820/329/156 718/229/156 720/231/156
f 821/339/156 818/337/156 719/230/156
f 821/339/156 719/230/156 718/229/156
f 822/340/182 816/335/182 717/228/182
f 822/340/182 717/228/182 716/227/182
f 813/332/156 823/341/156 715/226/156
f 813/332/156 715/226/156 714/225/156
f 817/336/156 824/342/156 713/223/156
f 817/336/156 713/223/156 712/222/156
f 825/343/156 826/284/156 824/342/156
f 825/343/156 824/342/156 817/336/156
f 827/344/156 828/274/156 823/341/156
f 827/344/156 823/341/156 813/332/156
f 829/345/156 830/346/156 816/335/156
f 829/345/156 816/335/156 822/340/156
f 831/347/156 832/348/156 818/337/156
f 831/347/156 818/337/156 821/339/156
f 833/349/156 831/347/156 821/339/156
f 833/349/156 821/339/156 820/329/156
f 832/348/156 834/350/156 819/338/156
f 832/348/156 819/338/156 818/337/156
f 830/346/156 825/343/156 817/336/156
f 830/346/156 817/336/156 816/335/156
f 835/351/156 836/352/156 815/334/156
f 835/351/156 815/334/156 814/333/156
f 837/353/156 827/344/156 813/332/156
f 837/353/156 813/332/156 810/327/156
f 838/354/156 839/355/156 812/330/156
f 838/354/156 812/330/156 811/331/156
f 840/356/183 837/353/183 810/327/183
f 840/356/183 810/327/183 809/326/183
f 789/307/184 765/287/184 837/353/184
f 789/307/184 837/353/184 840/356/184
f 761/280/156 760/278/156 839/355/156
f 761/280/156 839/355/156 838/354/156
f 765/287/185 764/283/185 827/344/185
f 765/287/185 827/344/185 837/353/185
f 769/289/156 768/290/156 836/352/156
f 769/289/156 836/352/156 835/351/156
f 773/293/156 772/294/156 825/343/156
f 773/293/156 825/343/156 830/346/156
f 777/297/156 776/298/156 834/350/156
f 777/297/156 834/350/156 832/348/156
f 760/278/156 780/300/156 831/347/156
f 760/278/156 831/347/156 833/349/156
f 780/300/156 777/297/156 832/348/156
f 780/300/156 832/348/156 831/347/156
f 782/303/156 773/293/156 830/346/156
f 782/303/156 830/346/156 829/345/156
f 764/283/156 785/275/156 828/274/156
f 764/283/156 828/274/156 827/344/156
f 772/294/156 787/285/156 826/284/156
f 772/294/156 826/284/156 825/343/156
f 787/285/156 789/307/156 840/356/156
f 787/285/156 840/356/156 826/284/156
f 826/284/186 840/356/186 809/326/186
f 826/284/186 809/326/186 841/357/186
f 841/357/187 809/326/187 790/309/187
f 841/357/187 790/309/187 842/328/187
f 696/205/188 794/311/188 808/325/188
f 696/205/188 808/325/188 711/221/188
f 711/221/189 808/325/189 797/314/189
f 711/221/189 797/314/189 699/209/189
f 709/220/156 806/323/156 807/324/156
f 709/220/156 807/324/156 710/219/156
f 708/218/156 805/322/156 799/316/156
f 708/218/156 799/316/156 702/212/156
f 704/213/156 801/318/156 805/322/156
f 704/213/156 805/322/156 708/218/156
f 706/215/156 803/320/156 800/317/156
f 706/215/156 800/317/156 703/214/156
f 707/217/156 804/321/156 802/319/156
f 707/217/156 802/319/156 705/216/156
f 705/216/156 802/319/156 803/320/156
f 705/216/156 803/320/156 706/215/156
f 703/214/156 800/317/156 801/318/156
f 703/214/156 801/318/156 704/213/156
f 702/212/156 799/316/156 798/315/156
f 702/212/156 798/315/156 700/211/156
f 700/211/156 798/315/156 792/310/156
f 700/211/156 792/310/156 701/210/156
f 699/209/190 797/314/190 795/312/190
f 699/209/190 795/312/190 697/208/190
f 697/208/191 795/312/191 796/313/191
f 697/208/191 796/313/191 698/207/191
f 695/206/192 791/224/192 794/311/192
f 695/206/192 794/311/192 696/205/192
f 701/210/156 792/310/156 793/308/156
f 701/210/156 793/308/156 754/266/156
f 842/328/193 790/309/193 791/224/193
f 842/328/193 791/224/193 695/206/193
f 786/305/156 788/306/156 789/307/156
f 786/305/156 789/307/156 787/285/156
f 785/275/156 843/359/156 844/358/156
f 785/275/156 844/358/156 828/274/156
f 828/274/156 844/358/156 845/360/156
f 828/274/156 845/360/156 823/341/156
f 823/341/156 845/360/156 846/361/156
f 823/341/156 846/361/156 715/226/156
f 784/304/156 847/362/156 843/359/156
f 784/304/156 843/359/156 785/275/156
f 715/226/194 846/361/194 848/272/194
f 715/226/194 848/272/194 645/157/194
f 656/166/156 849/364/156 850/363/156
f 656/166/156 850/363/156 751/264/156
f 646/156/156 851/366/156 852/365/156
f 646/156/156 852/365/156 677/187/156
f 677/187/156 852/365/156 853/367/156
f 677/187/156 853/367/156 653/163/156
f 673/185/156 854/369/156 855/368/156
f 673/185/156 855/368/156 674/184/156
f 670/181/156 856/371/156 857/370/156
f 670/181/156 857/370/156 659/169/156
f 662/172/156 858/372/156 856/371/156
f 662/172/156 856/371/156 670/181/156
f 666/176/156 859/374/156 860/373/156
f 666/176/156 860/373/156 661/173/156
f 669/179/156 861/376/156 862/375/156
f 669/179/156 862/375/156 665/177/156
f 665/177/156 862/375/156 859/374/156
f 665/177/156 859/374/156 666/176/156
f 661/173/156 860/373/156 858/372/156
f 661/173/156 858/372/156 662/172/156
f 659/169/156 857/370/156 863/377/156
f 659/169/156 863/377/156 655/167/156
f 655/167/156 863/377/156 849/364/156
f 655/167/156 849/364/156 656/166/156
f 653/163/156 853/367/156 864/378/156
f 653/163/156 864/378/156 649/161/156
f 649/161/156 864/378/156 865/379/156
f 649/161/156 865/379/156 650/160/156
f 645/157/195 848/272/195 851/366/195
f 645/157/195 851/366/195 646/156/195
f 751/264/156 866/380/156 867/381/156
f 751/264/156 867/381/156 868/273/156
f 754/266/156 793/308/156 869/382/156
f 754/266/156 869/382/156 870/268/156
f 793/308/156 871/269/156 872/383/156
f 793/308/156 872/383/156 869/382/156
f 745/258/156 754/266/156 870/268/156
f 745/258/156 870/268/156 873/384/156
f 752/263/156 751/264/156 868/273/156
f 752/263/156 868/273/156 874/385/156
f 750/262/156 746/257/156 875/387/156
f 750/262/156 875/387/156 876/386/156
f 749/261/156 748/259/156 877/389/156
f 749/261/156 877/389/156 878/388/156
f 741/237/156 749/261/156 878/388/156
f 741/237/156 878/388/156 879/390/156
f 748/259/156 747/260/156 880/391/156
f 748/259/156 880/391/156 877/389/156
f 746/257/156 745/258/156 873/384/156
f 746/257/156 873/384/156 875/387/156
f 744/255/156 743/256/156 881/393/156
f 744/255/156 881/393/156 882/392/156
f 871/269/196 752/263/196 874/385/196
f 871/269/196 874/385/196 872/383/196
f 883/236/156 741/237/156 879/390/156
f 883/236/156 879/390/156 884/394/156
f 868/273/156 867/381/156 847/362/156
f 868/273/156 847/362/156 784/304/156
f 870/268/156 869/382/156 788/306/156
f 870/268/156 788/306/156 786/305/156
f 869/382/156 872/383/156 762/286/156
f 869/382/156 762/286/156 788/306/156
f 873/384/156 870/268/156 786/305/156
f 873/384/156 786/305/156 771/295/156
f 874/385/156 868/273/156 784/304/156
f 874/385/156 784/304/156 783/281/156
f 876/386/156 875/387/156 770/292/156
f 876/386/156 770/292/156 781/302/156
f 878/388/156 877/389/156 774/296/156
f 878/388/156 774/296/156 779/301/156
f 879/390/156 878/388/156 779/301/156
f 879/390/156 779/301/156 778/276/156
f 877/389/156 880/391/156 775/299/156
f 877/389/156 775/299/156 774/296/156
f 875/387/156 873/384/156 771/295/156
f 875/387/156 771/295/156 770/292/156
f 882/392/156 881/393/156 767/291/156
f 882/392/156 767/291/156 766/288/156
f 872/383/197 874/385/197 763/282/197
f 872/383/197 763/282/197 762/286/197
f 884/394/156 879/390/156 759/277/156
f 884/394/156 759/277/156 758/279/156
f 867/381/156 884/394/156 758/279/156
f 867/381/156 758/279/156 847/362/156
f 866/380/156 883/236/156 884/394/156
f 866/380/156 884/394/156 867/381/156
f 843/359/156 761/280/156 838/354/156
f 843/359/156 838/354/156 844/358/156
f 844/358/156 838/354/156 811/331/156
f 844/358/156 811/331/156 845/360/156
f 845/360/156 811/331/156 756/270/156
f 845/360/156 756/270/156 846/361/156
f 847/362/156 758/279/156 761/280/156
f 847/362/156 761/280/156 843/359/156
f 846/361/156 756/270/156 724/238/156
f 846/361/156 724/238/156 848/272/156
f 849/364/156 730/244/156 742/235/156
f 849/364/156 742/235/156 850/363/156
f 851/366/156 725/239/156 740/254/156
f 851/366/156 740/254/156 852/365/156
f 852/365/156 740/254/156 728/242/156
f 852/365/156 728/242/156 853/367/156
f 854/369/156 738/252/156 739/253/156
f 854/369/156 739/253/156 855/368/156
f 856/371/156 737/251/156 731/245/156
f 856/371/156 731/245/156 857/370/156
f 858/372/156 733/247/156 737/251/156
f 858/372/156 737/251/156 856/371/156
f 859/374/156 735/249/156 732/246/156
f 859/374/156 732/246/156 860/373/156
f 861/376/156 736/250/156 734/248/156
f 861/376/156 734/248/156 862/375/156
f 862/375/156 734/248/156 735/249/156
f 862/375/156 735/249/156 859/374/156
f 860/373/156 732/246/156 733/247/156
f 860/373/156 733/247/156 858/372/156
f 857/370/156 731/245/156 729/243/156
f 857/370/156 729/243/156 863/377/156
f 863/377/156 729/243/156 730/244/156
f 863/377/156 730/244/156 849/364/156
f 853/367/156 728/242/156 726/240/156
f 853/367/156 726/240/156 864/378/156
f 864/378/156 726/240/156 727/241/156
f 864/378/156 727/241/156 865/379/156
f 848/272/156 724/238/156 725/239/156
f 848/272/156 725/239/156 851/366/156
f 865/379/156 727/241/156 885/396/156
f 865/379/156 885/396/156 886/395/156
f 650/160/156 865/379/156 886/395/156
f 650/160/156 886/395/156 887/397/156
f 698/207/198 796/313/198 888/399/198
f 698/207/198 888/399/198 889/398/198
f 796/313/156 693/203/156 890/400/156
f 796/313/156 890/400/156 888/399/156
f 727/241/198 624/133/198 891/401/198
f 727/241/198 891/401/198 885/396/198
f 529/39/199 698/207/199 889/398/199
f 529/39/199 889/398/199 892/402/199
f 693/203/156 651/159/156 893/403/156
f 693/203/156 893/403/156 890/400/156
f 651/159/156 650/160/156 887/397/156
f 651/159/156 887/397/156 893/403/156
f 642/152/156 530/38/156 894/405/156
f 642/152/156 894/405/156 895/404/156
f 623/134/200 562/70/200 896/407/200
f 623/134/200 896/407/200 897/406/200
f 624/133/201 623/134/201 897/406/201
f 624/133/201 897/406/201 891/401/201
f 562/70/202 561/71/202 898/408/202
f 562/70/202 898/408/202 896/407/202
f 530/38/156 529/39/156 892/402/156
f 530/38/156 892/402/156 894/405/156
f 518/27/156 517/28/156 899/410/156
f 518/27/156 899/410/156 900/409/156
f 901/411/156 642/152/156 895/404/156
f 901/411/156 895/404/156 902/412/156
f 903/413/156 876/386/156 781/302/156
f 903/413/156 781/302/156 904/414/156
f 905/415/156 750/262/156 876/386/156
f 905/415/156 876/386/156 903/413/156
f 906/416/156 782/303/156 829/345/156
f 906/416/156 829/345/156 907/417/156
f 907/417/156 829/345/156 822/340/156
f 907/417/156 822/340/156 908/418/156
f 908/418/156 822/340/156 716/227/156
f 908/418/156 716/227/156 909/419/156
f 904/414/156 781/302/156 782/303/156
f 904/414/156 782/303/156 906/416/156
f 910/420/156 640/150/156 750/262/156
f 910/420/156 750/262/156 905/415/156
f 909/419/156 716/227/156 643/153/156
f 909/419/156 643/153/156 911/421/156
f 911/421/156 643/153/156 627/137/156
f 911/421/156 627/137/156 912/422/156
f 913/423/156 641/151/156 642/152/156
f 913/423/156 642/152/156 901/411/156
f 914/424/156 629/139/156 641/151/156
f 914/424/156 641/151/156 913/423/156
f 915/425/156 639/149/156 640/150/156
f 915/425/156 640/150/156 910/420/156
f 916/426/156 633/143/156 639/149/156
f 916/426/156 639/149/156 915/425/156
f 917/427/203 636/146/203 634/144/203
f 917/427/203 634/144/203 918/428/203
f 919/429/156 638/148/156 635/145/156
f 919/429/156 635/145/156 920/430/156
f 921/431/156 637/147/156 638/148/156
f 921/431/156 638/148/156 919/429/156
f 920/430/156 635/145/156 636/146/156
f 920/430/156 636/146/156 917/427/156
f 918/428/156 634/144/156 632/142/156
f 918/428/156 632/142/156 922/432/156
f 922/432/156 632/142/156 633/143/156
f 922/432/156 633/143/156 916/426/156
f 923/433/156 630/140/156 631/141/156
f 923/433/156 631/141/156 924/434/156
f 925/435/156 628/138/156 629/139/156
f 925/435/156 629/139/156 914/424/156
f 912/422/156 627/137/156 628/138/156
f 912/422/156 628/138/156 925/435/156
f 926/436/156 912/422/156 925/435/156
f 926/436/156 925/435/156 927/437/156
f 927/437/156 925/435/156 914/424/156
f 927/437/156 914/424/156 928/438/156
f 929/439/156 923/433/156 924/434/156
f 929/439/156 924/434/156 930/440/156
f 931/441/204 922/432/204 916/426/204
f 931/441/204 916/426/204 932/442/204
f 933/443/156 918/428/156 922/432/156
f 933/443/156 922/432/156 931/441/156
f 934/444/156 920/430/156 917/427/156
f 934/444/156 917/427/156 935/445/156
f 936/446/156 921/431/156 919/429/156
f 936/446/156 919/429/156 937/447/156
f 937/447/156 919/429/156 920/430/156
f 937/447/156 920/430/156 934/444/156
f 935/445/205 917/427/205 918/428/205
f 935/445/205 918/428/205 933/443/205
f 932/442/206 916/426/206 915/425/206
f 932/442/206 915/425/206 938/448/206
f 938/448/207 915/425/207 910/420/207
f 938/448/207 910/420/207 939/449/207
f 928/438/156 914/424/156 913/423/156
f 928/438/156 913/423/156 940/450/156
f 940/450/156 913/423/156 901/411/156
f 940/450/156 901/411/156 941/451/156
f 942/452/156 911/421/156 912/422/156
f 942/452/156 912/422/156 926/436/156
f 943/453/156 909/419/156 911/421/156
f 943/453/156 911/421/156 942/452/156
f 939/449/156 910/420/156 905/415/156
f 939/449/156 905/415/156 944/454/156
f 945/455/156 904/414/156 906/416/156
f 945/455/156 906/416/156 946/456/156
f 947/457/156 908/418/156 909/419/156
f 947/457/156 909/419/156 943/453/156
f 948/458/156 907/417/156 908/418/156
f 948/458/156 908/418/156 947/457/156
f 946/456/156 906/416/156 907/417/156
f 946/456/156 907/417/156 948/458/156
f 944/454/156 905/415/156 903/413/156
f 944/454/156 903/413/156 949/459/156
f 949/459/156 903/413/156 904/414/156
f 949/459/156 904/414/156 945/455/156
f 941/451/156 901/411/156 902/412/156
f 941/451/156 902/412/156 950/460/156
f 561/71/156 518/27/156 900/409/156
f 561/71/156 900/409/156 898/408/156
f 880/391/156 882/392/156 766/288/156
f 880/391/156 766/288/156 775/299/156
f 747/260/156 744/255/156 882/392/156
f 747/260/156 882/392/156 880/391/156
f 776/298/156 769/289/156 835/351/156
f 776/298/156 835/351/156 834/350/156
f 834/350/156 835/351/156 814/333/156
f 834/350/156 814/333/156 819/338/156
f 819/338/156 814/333/156 722/233/156
f 819/338/156 722/233/156 721/232/156
f 775/299/156 766/288/156 769/289/156
f 775/299/156 769/289/156 776/298/156
f 567/77/156 512/21/156 744/255/156
f 567/77/156 744/255/156 747/260/156
f 721/232/156 722/233/156 519/29/156
f 721/232/156 519/29/156 556/68/156
f 557/67/156 522/30/156 591/101/156
f 557/67/156 591/101/156 588/98/156
f 588/98/156 591/101/156 513/23/156
f 588/98/156 513/23/156 564/74/156
f 556/68/156 519/29/156 522/30/156
f 556/68/156 522/30/156 557/67/156
f 560/72/208 516/24/208 518/27/208
f 560/72/208 518/27/208 561/71/208
f 564/74/209 513/23/209 516/24/209
f 564/74/209 516/24/209 560/72/209
f 566/78/156 510/19/156 512/21/156
f 566/78/156 512/21/156 567/77/156
f 570/80/156 498/6/156 510/19/156
f 570/80/156 510/19/156 566/78/156
f 572/84/156 504/12/156 499/9/156
f 572/84/156 499/9/156 573/83/156
f 576/88/156 508/16/156 501/11/156
f 576/88/156 501/11/156 577/87/156
f 580/90/156 505/15/156 508/16/156
f 580/90/156 508/16/156 576/88/156
f 577/87/156 501/11/156 504/12/156
f 577/87/156 504/12/156 572/84/156
f 573/83/156 499/9/156 495/5/156
f 573/83/156 495/5/156 581/92/156
f 581/92/156 495/5/156 498/6/156
f 581/92/156 498/6/156 570/80/156
f 584/96/156 491/1/156 494/2/156
f 584/96/156 494/2/156 585/95/156
f 898/408/156 900/409/156 491/1/156
f 898/408/156 491/1/156 584/96/156
f 950/460/156 902/412/156 923/433/156
f 950/460/156 923/433/156 929/439/156
f 902/412/156 895/404/156 630/140/156
f 902/412/156 630/140/156 923/433/156
f 886/395/156 885/396/156 738/252/156
f 886/395/156 738/252/156 854/369/156
f 887/397/156 886/395/156 854/369/156
f 887/397/156 854/369/156 673/185/156
f 889/398/156 888/399/156 806/323/156
f 889/398/156 806/323/156 709/220/156
f 888/399/156 890/400/156 681/191/156
f 888/399/156 681/191/156 806/323/156
f 885/396/210 891/401/210 599/109/210
f 885/396/210 599/109/210 738/252/210
f 892/402/211 889/398/211 709/220/211
f 892/402/211 709/220/211 552/64/211
f 890/400/156 893/403/156 672/182/156
f 890/400/156 672/182/156 681/191/156
f 893/403/156 887/397/156 673/185/156
f 893/403/156 673/185/156 672/182/156
f 895/404/156 894/405/156 551/61/156
f 895/404/156 551/61/156 630/140/156
f 897/406/156 896/407/156 583/93/156
f 897/406/156 583/93/156 600/112/156
f 891/401/156 897/406/156 600/112/156
f 891/401/156 600/112/156 599/109/156
f 896/407/156 898/408/156 584/96/156
f 896/407/156 584/96/156 583/93/156
f 894/405/156 892/402/156 552/64/156
f 894/405/156 552/64/156 551/61/156
f 900/409/156 899/410/156 492/4/156
f 900/409/156 492/4/156 491/1/156
f 505/15/156 580/90/156 951/90/156
f 505/15/156 951/90/156 952/15/156
f 198/198/1 178/178/1 953/178/1
f 198/198/1 953/178/1 954/198/1
f 343/321/1 198/198/1 954/198/1
f 343/321/1 954/198/1 955/321/1
f 668/178/156 688/198/156 956/198/156
f 668/178/156 956/198/156 957/178/156
f 688/198/156 804/321/156 958/321/156
f 688/198/156 958/321/156 956/198/156
f 15/15/1 18/18/1 959/18/1
f 15/15/1 959/18/1 960/15/1
f 178/178/1 179/179/1 961/179/1
f 178/178/1 961/179/1 953/178/1
f 476/446/1 461/431/1 962/431/1
f 476/446/1 962/431/1 963/446/1
f 506/18/156 505/15/156 952/15/156
f 506/18/156 952/15/156 964/18/156
f 669/179/212 668/178/212 957/178/212
f 669/179/212 957/178/212 965/179/212
f 404/376/1 253/250/1 966/250/1
f 404/376/1 966/250/1 967/376/1
f 253/250/1 123/123/1 968/123/1
f 253/250/1 968/123/1 966/250/1
f 736/250/156 861/376/156 969/376/156
f 736/250/156 969/376/156 970/250/156
f 613/123/156 736/250/156 970/250/156
f 613/123/156 970/250/156 971/123/156
f 461/431/1 147/147/1 972/147/1
f 461/431/1 972/147/1 962/431/1
f 90/90/1 15/15/1 960/15/1
f 90/90/1 960/15/1 973/90/1
f 637/147/156 921/431/156 974/431/156
f 637/147/156 974/431/156 975/147/156
f 707/217/156 548/58/156 976/58/156
f 707/217/156 976/58/156 977/217/156
f 614/126/156 613/123/156 971/123/156
f 614/126/156 971/123/156 978/126/156
f 804/321/156 707/217/156 977/217/156
f 804/321/156 977/217/156 958/321/156
f 58/58/1 217/217/1 979/217/1
f 58/58/1 979/217/1 980/58/1
f 861/376/156 669/179/156 965/179/156
f 861/376/156 965/179/156 969/376/156
f 123/123/1 126/126/1 981/126/1
f 123/123/1 981/126/1 968/123/1
f 217/217/1 343/321/1 955/321/1
f 217/217/1 955/321/1 979/217/1
f 921/431/156 936/446/156 982/446/156
f 921/431/156 982/446/156 974/431/156
f 179/179/1 404/376/1 967/376/1
f 179/179/1 967/376/1 961/179/1
f 580/90/156 579/89/156 983/89/156
f 580/90/156 983/89/156 951/90/156
f 89/89/1 90/90/1 973/90/1
f 89/89/1 973/90/1 984/89/1
f 579/89/156 614/126/156 978/126/156
f 579/89/156 978/126/156 983/89/156
f 547/57/213 637/147/213 975/147/213
f 547/57/213 975/147/213 985/57/213
f 548/58/156 547/57/156 985/57/156
f 548/58/156 985/57/156 976/58/156
f 126/126/1 89/89/1 984/89/1
f 126/126/1 984/89/1 981/126/1
f 147/147/1 57/57/1 986/57/1
f 147/147/1 986/57/1 972/147/1
f 57/57/1 58/58/1 980/58/1
f 57/57/1 980/58/1 986/57/1
# Vertices: 986, normals: 213, texture coordinates: 460, faces: 1780

o obj2
v -4.2E-07 4.41313475 3.2692857
v -4.4E-07 4.07936545 3.26928568
v -5.6507751 4.0793655 3.26928539
v -5.65077508 4.4131348 3.26928541
v -4.8E-07 3.50300281 3.26928564
v -4.8E-07 3.47479822 3.26928564
v -5.65077513 3.47479817 3.26928535
v -5.65077513 3.50300291 3.26928535
v 0.60653845 0.40524877 -5.32326055
v 0.60653846 0.60439102 -5.32326054
v -5.65077466 0.6043912 -5.3232609
v -5.65077467 0.40524895 -5.32326091
v 5.8E-07 3.99982259 -5.32326041
v 5.8E-07 4.07936577 -5.32326041
v -5.65077484 4.07936582 -5.3232607
v -5.65077484 3.99982264 -5.3232607
v 4.7E-07 2.22732798 -5.32326052
v 5.4E-07 3.47479859 -5.32326044
v -5.65077449 3.47479869 -5.32326073
v -5.65077457 2.22732813 -5.32326081
v 0.39817999 0.61898734 3.26928552
v 0.60653743 0.60439051 3.26928554
v -5.65077492 0.60439069 3.26928518
v -5.65077492 0.61898751 3.26928518
v 0.06652939 6.14667846 -5.32326028
v 0.06652935 6.14667844 -5.02578607
v -5.65077475 6.14667859 -5.02578636
v -5.65077472 6.14667861 -5.32326057
v 0.06652908 6.14667831 -2.77778054
v 0.06652908 6.14667831 -2.75258383
v -5.65077464 6.14667846 -2.75258412
v -5.65077464 6.14667846 -2.77778084
v -5.65077493 0.36198652 3.26928517
v 1.74231326 0.36198628 3.26928566
v 1.74231325 0.156881 3.26928565
v -5.65077495 0.15688125 3.26928515
v 0.39818101 0.61898785 -5.32326057
v 0.39818102 0.80662522 -5.32326055
v -5.65077465 0.8066252 -5.32326089
v -5.65077466 0.61898802 -5.3232609
v 4.6E-07 2.07839004 -5.32326053
v 4.6E-07 2.09260418 -5.32326052
v -5.65077457 2.09260423 -5.32326081
v -5.65077457 2.07838999 -5.32326082
v 0.18243293 0.81679959 3.2692855
v 0.39818 0.80662471 3.26928553
v -5.65077491 0.80662469 3.26928519
v -5.65077491 0.81679994 3.26928519
v -5.5E-07 2.22732752 3.26928557
v -5.65077521 2.22732762 3.26928528
v 4.7E-07 2.19387963 -5.32326052
v -5.65077457 2.19387963 -5.32326081
v 0.06652839 6.14667796 3.01698795
v 0.06652839 6.14667796 3.04221789
v -5.65077495 6.14667811 3.04221721
v -5.65077494 6.14667811 3.01698765
v 0.18243397 1.0588309 -5.32326056
v 0.18243397 1.17009608 -5.32326056
v -5.65077463 1.17009643 -5.32326087
v -5.65077464 1.05883087 -5.32326088
v 0.06652932 6.14667843 -4.73566961
v 0.06652931 6.14667842 -4.69930682
v -5.65077479 6.14667857 -4.69930712
v -5.65077479 6.14667858 -4.73566991
v -6.2E-07 1.19318675 3.26928551
v 0.18243295 1.17009557 3.26928553
v -5.65077489 1.17009591 3.26928521
v -5.65077527 1.19318671 3.26928522
v 0.18677944 4.61242711 -5.32326035
v 0.18677952 5.92272419 -5.32326027
v -5.65077473 5.92272434 -5.32326059
v -5.65077481 4.61242727 -5.32326066
v -4.6E-07 3.83023838 3.26928566
v -5.65077511 3.83023843 3.26928537
v 4.1E-07 1.19318727 -5.32326058
v -5.65077463 1.19318722 -5.32326087
v 0.06652836 6.14667795 3.26928581
v 0.06652835 5.96369088 3.2692858
v -5.65077498 5.96369103 3.2692855
v -5.65077497 6.1466781 3.26928551
v 0.06652875 6.14667814 0.05211622
v 0.06652874 6.14667814 0.06209577
v -5.65077497 6.14667829 0.06209547
v -5.65077497 6.14667829 0.05211573
v 0.06652883 6.14667819 -0.69862675
v -5.65077488 6.14667833 -0.6986269
v 0.1749917 5.92272368 3.26928581
v -5.65077499 5.92272383 3.2692855
v -6.1E-07 1.31563587 3.26928551
v -5.65077526 1.31563582 3.26928522
v 0.60653742 0.40524826 3.26928553
v -5.65077493 0.40524844 3.26928517
v 0.06652934 6.14667844 -4.96111771
v -5.65077476 6.14667859 -4.96111801
v 0.06652845 6.146678 2.5003786
v -5.65077488 6.14667814 2.50037831
v 6E-07 4.41313517 -5.32326039
v 6E-07 4.43772997 -5.32326038
v -5.65077482 4.43773002 -5.32326067
v -5.65077482 4.41313522 -5.32326068
v 0.06652845 6.146678 2.48709085
v -5.65077488 6.14667814 2.48709017
v 0.06652938 5.9636914 -5.32326029
v -5.65077473 5.96369155 -5.32326058
v 0.06652928 6.14667841 -4.40048398
v -5.65077483 6.14667856 -4.40048427
v 0.17499162 4.6124266 3.26928573
v -4.2E-07 4.43772956 3.2692857
v -5.65077507 4.4377296 3.26928541
v -5.65077506 4.61242676 3.26928542
v 0.18243294 1.05883039 3.26928552
v -5.65077489 1.05883036 3.26928521
v 0.06652889 6.14667822 -1.19759449
v -5.65077482 6.14667836 -1.19759493
v 0.18243395 0.8168001 -5.32326058
v -5.65077465 0.81680045 -5.32326089
v -5.6E-07 2.19387916 3.26928556
v -5.65077521 2.19387912 3.26928528
v -4.5E-07 3.99982227 3.26928567
v -5.6507751 3.99982232 3.26928538
v 5.7E-07 3.8302387 -5.32326042
v -5.65077447 3.83023875 -5.32326071
v -5.6E-07 2.09260367 3.26928556
v -5.65077521 2.09260372 3.26928527
v 0.0665285 6.14667802 2.10354953
v -5.65077522 6.14667817 2.10354962
v -5.6E-07 2.07838952 3.26928556
v -5.65077522 2.07838948 3.26928527
v 5.5E-07 3.50300318 -5.32326044
v -5.65077449 3.50300323 -5.32326073
v 4.2E-07 1.31563638 -5.32326057
v -5.65077462 1.31563633 -5.32326086
v 1.74231429 0.36198679 -5.32326042
v -5.65077468 0.36198704 -5.32326092
v 1.74231328 0.15688102 3.04221773
v 1.74231328 0.15688102 3.01698779
v -5.65077492 0.15688127 3.0169873
v -5.65077492 0.15688126 3.04221685
v 1.74231423 0.15688149 -4.96111787
v 1.74231424 0.1568815 -5.02578622
v -5.65077472 0.15688174 -5.02578672
v -5.65077473 0.15688174 -4.96111836
v 1.74231339 0.15688107 2.10354937
v 1.74231363 0.15688119 0.06209561
v -5.65077495 0.15688144 0.06209511
v -5.65077519 0.15688132 2.10354926
v 1.74231373 0.15688124 -0.69862693
v 1.74231378 0.15688127 -1.19759467
v -5.65077518 0.15688152 -1.19759529
v -5.65077486 0.15688149 -0.69862726
v 1.74231364 0.15688119 0.05211606
v -5.65077495 0.15688144 0.05211537
v 1.74231335 0.15688105 2.4870907
v -5.65077524 0.1568813 2.48708982
v 1.7423142 0.15688148 -4.69930698
v 1.74231421 0.15688148 -4.73566977
v -5.65077476 0.15688173 -4.73567027
v -5.65077476 0.15688173 -4.69930747
v 1.74231428 0.15688151 -5.32326043
v -5.65077469 0.15688176 -5.32326093
v 1.74231397 0.15688136 -2.75258398
v 1.74231397 0.15688136 -2.7777807
v -5.65077499 0.15688161 -2.777781
v -5.650775 0.15688161 -2.75258429
v 1.74231417 0.15688146 -4.40048413
v -5.6507748 0.15688171 -4.40048463
v 1.74231334 0.15688105 2.50037845
v -5.65077524 0.1568813 2.50037795
vn 1 -0 -0
vn 1 -0 -0
vn -1 0 -0
vn -1 0 -0
vn -1 0 -0
vn 1 -0 -3E-05
vn 0 0 1
vn 0 0 1
vn 1 -0 -0
vn -1 0 -0
vn -1 0 -0
vn 1 -0 -0
vn 1 -0 -0
vn -1 0 -0
vn -1 0 -0
vn 0 0 1
vn -1 0 -0
vn 0 0 1
vn 1 -0 -1E-05
vn -1 0 -0
vn -1 0 -0
vn 1 -0 -0
vn 0 0 1
vn 0 0 1
vn 1 -0 -0
vn 1 -0 1E-05
vn 0 0 1
vn 0 0 1
vn -1 0 -0
vn 0 0 1
vn -1 0 -0
vn 0 0 1
vn 1 -0 -0
vn 0 0 1
vn 1 -0 -0
vn 0 0 1
vn -1 0 -0
vn -1 0 -0
vn 1 -0 -0
vn 1 -0 -0
vn 0 0 1
vn 1 -0 -0
vn 0 0 1
vn 1 -0 -0
vn -1 0 -0
vn -1 0 -0
vn 1 -0 -0
vn 1 -0 -0
vn 0 0 1
vn 1 -0 -0
vn 0 0 1
vn -1 0 -0
vn -1 0 -0
vn -1 0 -0
vn 0 0 1
vn 1 -0 -0
vn -1 0 -1E-05
vn -1 0 -0
vn 0 -0 -1
vn 0 0 -1
vn 0 -0 -1
vn -0 -0 -1
vn 0 -0 -1
vn 0 -0 -1
vn 0 -0 -1
vn 0 -0 -1
vn 0 -0 -1
vn 0 -0 -1
vn 0 -0 -1
vn 0 -0 -1
vn 0 -0 -1
vn 0 -0 -1
vn -0 0 -1
vn -1 0 -0
vt 0 0.269
vt 0 0.32079
vt 0 0.41023
vt 0 0.4146
vt 1 0.89092
vt 1 0.86001
vt 1 0.33313
vt 1 0.32079
vt 1 0.60818
vt 1 0.4146
vt 0 0.85775
vt 0 0.86001
vt 1 0
vt 0.96538 0
vt 0.70376 0
vt 0.70082 0
vt 0 1
vt 1 0.85775
vt 1 0.82863
vt 1 0.63129
vt 1 0.62908
vt 0 0.82705
vt 0 0.82863
vt 0 0.60818
vt 1 0.61337
vt 0.02936 0
vt 0.02643 0
vt 1 0.7895
vt 1 0.77223
vt 0.93162 0
vt 0.92738 0
vt 0 0.76865
vt 0 0.77223
vt 1 0.23807
vt 1 0.03475
vt 0 0.35945
vt 1 0.76865
vt 0 0
vt 0 0.02839
vt 0.37441 0
vt 0.37325 0
vt 0.46179 0
vt 0 0.03475
vt 0 0.74965
vt 0 0.89092
vt 0.95785 0
vt 0.08949 0
vt 1 0.269
vt 1 0.26518
vt 0.09103 0
vt 1 0.02839
vt 0.89261 0
vt 0 0.23807
vt 0 0.26518
vt 0 0.7895
vt 0.51986 0
vt 1 0.82705
vt 0 0.61337
vt 0 0.33313
vt 1 0.35945
vt 0 0.62908
vt 0.13567 0
vt 0 0.63129
vt 1 0.41023
vt 1 0.74965
vt 1 1
vt 0.02643 1
vt 0.02936 1
vt 0.95785 1
vt 0.96538 1
vt 0.13567 1
vt 0.37325 1
vt 0.46179 1
vt 0.51986 1
vt 0.37441 1
vt 0.09103 1
vt 0.92738 1
vt 0.93162 1
vt 0.70082 1
vt 0.70376 1
vt 0.89261 1
vt 0.08949 1
usemtl mat1
f 987/461/214 988/462/214 989/462/214
f 987/461/214 989/462/214 990/461/214
f 991/463/215 992/464/215 993/464/215
f 991/463/215 993/464/215 994/463/215
f 995/465/216 996/466/216 997/466/216
f 995/465/216 997/466/216 998/465/216
f 999/467/217 1000/468/217 1001/468/217
f 999/467/217 1001/468/217 1002/467/217
f 1003/469/218 1004/470/218 1005/470/218
f 1003/469/218 1005/470/218 1006/469/218
f 1007/471/219 1008/472/219 1009/472/219
f 1007/471/219 1009/472/219 1010/471/219
f 1011/473/220 1012/474/220 1013/474/220
f 1011/473/220 1013/474/220 1014/473/220
f 1015/475/221 1016/476/221 1017/476/221
f 1015/475/221 1017/476/221 1018/475/221
f 1019/477/222 1020/477/222 1021/477/222
f 1019/477/222 1021/477/222 1022/477/222
f 1023/478/223 1024/479/223 1025/479/223
f 1023/478/223 1025/479/223 1026/478/223
f 1027/480/224 1028/481/224 1029/481/224
f 1027/480/224 1029/481/224 1030/480/224
f 1031/482/225 1032/483/225 1033/483/225
f 1031/482/225 1033/483/225 1034/482/225
f 992/464/226 1035/484/226 1036/484/226
f 992/464/226 1036/484/226 993/464/226
f 1037/485/227 1003/469/227 1006/469/227
f 1037/485/227 1006/469/227 1038/485/227
f 1028/481/228 1037/485/228 1038/485/228
f 1028/481/228 1038/485/228 1029/481/228
f 1039/486/229 1040/487/229 1041/487/229
f 1039/486/229 1041/487/229 1042/486/229
f 1043/488/230 1044/489/230 1045/489/230
f 1043/488/230 1045/489/230 1046/488/230
f 1047/490/231 1048/491/231 1049/491/231
f 1047/490/231 1049/491/231 1050/490/231
f 1051/492/232 1052/493/232 1053/493/232
f 1051/492/232 1053/493/232 1054/492/232
f 1055/494/233 1056/495/233 1057/495/233
f 1055/494/233 1057/495/233 1058/494/233
f 1059/496/214 991/463/214 994/463/214
f 1059/496/214 994/463/214 1060/496/214
f 1044/489/234 1061/497/234 1062/497/234
f 1044/489/234 1062/497/234 1045/489/234
f 1063/498/235 1064/499/235 1065/499/235
f 1063/498/235 1065/499/235 1066/498/235
f 1067/500/236 1068/501/236 1069/501/236
f 1067/500/236 1069/501/236 1070/500/236
f 1071/502/237 1067/500/237 1070/500/237
f 1071/502/237 1070/500/237 1072/502/237
f 1064/499/238 1073/503/238 1074/503/238
f 1064/499/238 1074/503/238 1065/499/238
f 1075/504/226 1051/492/226 1054/492/226
f 1075/504/226 1054/492/226 1076/504/226
f 1077/505/239 1020/477/239 1019/477/239
f 1077/505/239 1019/477/239 1078/505/239
f 1079/506/240 1047/490/240 1050/490/240
f 1079/506/240 1050/490/240 1080/506/240
f 1081/507/241 1039/486/241 1042/486/241
f 1081/507/241 1042/486/241 1082/507/241
f 1083/508/242 1084/509/242 1085/509/242
f 1083/508/242 1085/509/242 1086/508/242
f 1087/510/243 1081/507/243 1082/507/243
f 1087/510/243 1082/507/243 1088/510/243
f 1089/511/244 1011/473/244 1014/473/244
f 1089/511/244 1014/473/244 1090/511/244
f 1091/512/245 1015/475/245 1018/475/245
f 1091/512/245 1018/475/245 1092/512/245
f 1093/513/246 1094/514/246 1095/514/246
f 1093/513/246 1095/514/246 1096/513/246
f 1040/487/247 1063/498/247 1066/498/247
f 1040/487/247 1066/498/247 1041/487/247
f 1052/493/248 1097/515/248 1098/515/248
f 1052/493/248 1098/515/248 1053/493/248
f 1016/476/249 1099/516/249 1100/516/249
f 1016/476/249 1100/516/249 1017/476/249
f 1084/509/250 1055/494/250 1058/494/250
f 1084/509/250 1058/494/250 1085/509/250
f 1101/517/251 1043/488/251 1046/488/251
f 1101/517/251 1046/488/251 1102/517/251
f 1035/484/252 1103/518/252 1104/518/252
f 1035/484/252 1104/518/252 1036/484/252
f 1073/503/253 1093/513/253 1096/513/253
f 1073/503/253 1096/513/253 1074/503/253
f 1048/491/254 1091/512/254 1092/512/254
f 1048/491/254 1092/512/254 1049/491/254
f 1097/515/255 1031/482/255 1034/482/255
f 1097/515/255 1034/482/255 1098/515/255
f 1099/516/256 1071/502/256 1072/502/256
f 1099/516/256 1072/502/256 1100/516/256
f 988/462/257 1105/519/257 1106/519/257
f 988/462/257 1106/519/257 989/462/257
f 1024/479/258 1101/517/258 1102/517/258
f 1024/479/258 1102/517/258 1025/479/258
f 1000/468/242 1083/508/242 1086/508/242
f 1000/468/242 1086/508/242 1001/468/242
f 1107/520/259 999/467/259 1002/467/259
f 1107/520/259 1002/467/259 1108/520/259
f 1094/514/226 987/461/226 990/461/226
f 1094/514/226 990/461/226 1095/514/226
f 1103/518/260 1109/521/260 1110/521/260
f 1103/518/260 1110/521/260 1104/518/260
f 1032/483/261 1007/471/261 1010/471/261
f 1032/483/261 1010/471/261 1033/483/261
f 1068/501/262 1111/522/262 1112/522/262
f 1068/501/262 1112/522/262 1069/501/262
f 1109/521/263 1113/523/263 1114/523/263
f 1109/521/263 1114/523/263 1110/521/263
f 1113/523/226 1075/504/226 1076/504/226
f 1113/523/226 1076/504/226 1114/523/226
f 1012/474/264 1079/506/264 1080/506/264
f 1012/474/264 1080/506/264 1013/474/264
f 1004/470/265 1115/524/265 1116/524/265
f 1004/470/265 1116/524/265 1005/470/265
f 996/466/266 1023/478/266 1026/478/266
f 996/466/266 1026/478/266 997/466/266
f 1056/495/267 1089/511/267 1090/511/267
f 1056/495/267 1090/511/267 1057/495/267
f 1117/525/242 1027/480/242 1030/480/242
f 1117/525/242 1030/480/242 1118/525/242
f 1061/497/218 1117/525/218 1118/525/218
f 1061/497/218 1118/525/218 1062/497/218
f 1111/522/268 1087/510/268 1088/510/268
f 1111/522/268 1088/510/268 1112/522/268
f 1008/472/269 1077/505/269 1078/505/269
f 1008/472/269 1078/505/269 1009/472/269
f 1105/519/226 1059/496/226 1060/496/226
f 1105/519/226 1060/496/226 1106/519/226
f 1119/526/270 995/465/270 998/465/270
f 1119/526/270 998/465/270 1120/526/270
f 1115/524/271 1107/520/271 1108/520/271
f 1115/524/271 1108/520/271 1116/524/271
f 1121/527/272 1122/528/272 1123/528/272
f 1121/527/272 1123/528/272 1124/527/272
f 1125/529/273 1126/530/273 1127/530/273
f 1125/529/273 1127/530/273 1128/529/273
f 1129/531/274 1130/532/274 1131/532/274
f 1129/531/274 1131/532/274 1132/531/274
f 1133/533/275 1134/534/275 1135/534/275
f 1133/533/275 1135/534/275 1136/533/275
f 1021/477/276 1121/527/276 1124/527/276
f 1021/477/276 1124/527/276 1022/477/276
f 1137/535/277 1133/533/277 1136/533/277
f 1137/535/277 1136/533/277 1138/535/277
f 1130/532/278 1137/535/278 1138/535/278
f 1130/532/278 1138/535/278 1131/532/278
f 1139/536/273 1129/531/273 1132/531/273
f 1139/536/273 1132/531/273 1140/536/273
f 1141/537/279 1142/538/279 1143/538/279
f 1141/537/279 1143/538/279 1144/537/279
f 1126/530/280 1145/526/280 1146/526/280
f 1126/530/280 1146/526/280 1127/530/280
f 1147/539/281 1148/540/281 1149/540/281
f 1147/539/281 1149/540/281 1150/539/281
f 1148/540/273 1151/541/273 1152/541/273
f 1148/540/273 1152/541/273 1149/540/273
f 1134/534/282 1147/539/282 1150/539/282
f 1134/534/282 1150/539/282 1135/534/282
f 1151/541/283 1141/537/283 1144/537/283
f 1151/541/283 1144/537/283 1152/541/283
f 1142/538/284 1125/529/284 1128/529/284
f 1142/538/284 1128/529/284 1143/538/284
f 1153/542/285 1139/536/285 1140/536/285
f 1153/542/285 1140/536/285 1154/542/285
f 1122/528/286 1153/542/286 1154/542/286
f 1122/528/286 1154/542/286 1123/528/286
f 1119/526/287 1120/526/287 1146/526/287
f 1119/526/287 1146/526/287 1145/526/287
# Vertices: 168, normals: 74, texture coordinates: 82, faces: 168

