# File generated by ImageToStl.com - Free Image and 3D model conversion tools

mtllib indian_community_cleanliness_complex.mtl

o obj1
v 66.57350063 336.69481849 125.07962377
v 56.81340098 336.69482457 150.82612427
v 56.81340098 468.35325944 150.82609316
v 66.57360196 468.35325336 125.07968803
v 196.00969553 336.69483008 174.14732368
v 195.1742053 336.69472821 146.62561806
v 195.17430067 468.35325845 146.62558695
v 196.00980282 468.35326495 174.14729257
v 186.24960184 336.69483617 199.89371689
v 196.00969553 336.69483008 174.14732368
v 196.00980282 468.35326495 174.14729257
v 186.24960184 468.35327103 199.89368578
v 57.64889717 336.69483107 178.34781797
v 57.6489985 468.35326594 178.34778686
v 183.87019634 336.69481765 121.5186158
v 183.87019634 468.35325251 121.51858469
v 68.95290017 336.69483701 203.45482023
v 68.9530015 468.35327187 203.45478912
v 163.81859779 336.69481319 102.64871509
v 163.81870508 468.35324806 102.64868398
v 89.00449872 336.69484147 222.32472093
v 89.00449872 468.35327633 222.32468982
v 138.0720973 336.69481088 92.88852008
v 138.07220459 468.35324575 92.88848897
v 114.75100517 336.69484377 232.08490999
v 114.75100517 468.35327864 232.08487888
v 110.55049896 336.69481108 93.72402222
v 110.55049896 468.35324595 93.72399112
v 142.27260351 336.69484357 231.2493244
v 142.27269888 468.35327844 231.24929329
v 85.44350266 336.69481375 105.02812059
v 85.44350266 468.35324862 105.02808948
v 167.37960577 336.6948409 219.94532736
v 167.37970114 468.35327577 219.94529625
v 164.57020044 482.45542862 135.27958914
v 151.25379562 482.45542566 122.74789139
v 151.25379562 488.43453447 122.74788998
v 164.57020044 488.43453743 135.27958773
v 57.6489985 468.35326594 178.34778686
v 68.9530015 468.35327187 203.45478912
v 88.2529974 482.45553684 189.69378992
v 80.74589968 482.4555329 173.02008196
v 172.07729816 482.45543256 151.95318982
v 172.6320982 482.45553224 170.23058459
v 172.6320982 488.43464105 170.23058317
v 172.07729816 488.43454137 151.9531884
v 134.15549994 482.45551949 116.2661843
v 134.15549994 488.4346283 116.26618288
v 118.66769791 482.45554133 208.70719477
v 114.75100517 468.35327864 232.08487888
v 114.75100517 488.50203276 232.08487412
v 118.66769791 488.43455478 208.70719336
v 115.87820053 482.45542426 116.82098433
v 99.20449853 482.45542603 124.32808205
v 99.20449853 488.43463021 124.32808064
v 115.87820053 488.43453307 116.82098292
v 167.37970114 468.35327577 219.94529625
v 186.24960184 468.35327103 199.89368578
v 166.15040302 482.45553628 187.32888028
v 153.61870527 482.45553943 200.64528509
v 86.67280078 482.45542918 137.64448687
v 86.67280078 488.43463335 137.64448546
v 142.27269888 468.35327844 231.24929329
v 136.94499731 482.4555412 208.15227553
v 166.15040302 482.45553628 187.32888028
v 172.6320982 482.45553224 170.23058459
v 172.6320982 488.43464105 170.23058317
v 166.15040302 488.43464509 187.32887886
v 80.19109964 488.43463739 154.74278115
v 80.19109964 482.45543322 154.74278256
v 80.74589968 482.4555329 173.02008196
v 80.74589968 488.43464171 173.02008055
v 89.00449872 468.35327633 222.32468982
v 114.75100517 468.35327864 232.08487888
v 118.66769791 482.45554133 208.70719477
v 101.56940222 482.4555398 202.22538039
v 172.07729816 482.45543256 151.95318982
v 172.07729816 488.43454137 151.9531884
v 110.55049896 468.35324595 93.72399112
v 85.44350266 468.35324862 105.02808948
v 99.20449853 482.45542603 124.32808205
v 115.87820053 482.45542426 116.82098433
v 80.19109964 482.45543322 154.74278256
v 80.19109964 488.43463739 154.74278115
v 134.15549994 482.45551949 116.2661843
v 138.07220459 468.35324575 92.88848897
v 138.07220459 488.50199987 92.88848421
v 134.15549994 488.4346283 116.26618288
v 163.81870508 468.35324806 102.64868398
v 138.07220459 468.35324575 92.88848897
v 134.15549994 482.45551949 116.2661843
v 151.25379562 482.45542566 122.74789139
v 80.74589968 482.4555329 173.02008196
v 88.2529974 482.45553684 189.69378992
v 88.2529974 488.43464565 189.69378851
v 80.74589968 488.43464171 173.02008055
v 183.87019634 468.35325251 121.51858469
v 164.57020044 482.45542862 135.27958914
v 195.17430067 468.35325845 146.62558695
v 172.07729816 482.45543256 151.95318982
v 101.56940222 482.4555398 202.22538039
v 101.56940222 488.43455325 202.22537897
v 118.66769791 482.45554133 208.70719477
v 118.66769791 488.43455478 208.70719336
v 196.00980282 468.35326495 174.14729257
v 172.6320982 482.45553224 170.23058459
v 66.57360196 468.35325336 125.07968803
v 56.81340098 468.35325944 150.82609316
v 80.19109964 482.45543322 154.74278256
v 86.67280078 482.45542918 137.64448687
v 136.94499731 482.4555412 208.15227553
v 153.61870527 482.45553943 200.64528509
v 153.61870527 488.43464824 200.64528368
v 136.94499731 488.43455465 208.15227411
v 56.81340098 488.50201356 150.8260884
v 57.6489985 488.50202006 178.3477821
v 80.74589968 488.43464171 173.02008055
v 80.19109964 488.43463739 154.74278115
v 196.00980282 488.50201907 174.14728781
v 195.17430067 488.50201257 146.62558219
v 172.07729816 488.43454137 151.9531884
v 172.6320982 488.43464105 170.23058317
v 114.75100517 488.50203276 232.08487412
v 142.27269888 488.50203256 231.24928853
v 136.94499731 488.43455465 208.15227411
v 118.66769791 488.43455478 208.70719336
v 138.07220459 488.50199987 92.88848421
v 110.55049896 488.50200007 93.72398635
v 115.87820053 488.43453307 116.82098292
v 134.15549994 488.4346283 116.26618288
v 138.07220459 468.35324575 92.88848897
v 110.55049896 468.35324595 93.72399112
v 110.55049896 488.50200007 93.72398635
v 138.07220459 488.50199987 92.88848421
v 114.75100517 468.35327864 232.08487888
v 142.27269888 468.35327844 231.24929329
v 142.27269888 488.50203256 231.24928853
v 114.75100517 488.50203276 232.08487412
v 172.6320982 482.45553224 170.23058459
v 196.00980282 468.35326495 174.14729257
v 196.00980282 488.50201907 174.14728781
v 172.6320982 488.43464105 170.23058317
v 195.17430067 468.35325845 146.62558695
v 172.07729816 482.45543256 151.95318982
v 172.07729816 488.43454137 151.9531884
v 195.17430067 488.50201257 146.62558219
v 80.19109964 482.45543322 154.74278256
v 56.81340098 468.35325944 150.82609316
v 56.81340098 488.50201356 150.8260884
v 80.19109964 488.43463739 154.74278115
v 57.6489985 468.35326594 178.34778686
v 80.74589968 482.4555329 173.02008196
v 80.74589968 488.43464171 173.02008055
v 57.6489985 488.50202006 178.3477821
v 118.66769791 488.43455478 208.70719336
v 118.66769791 482.45554133 208.70719477
v 136.94499731 482.4555412 208.15227553
v 136.94499731 488.43455465 208.15227411
v 142.27269888 468.35327844 231.24929329
v 136.94499731 482.4555412 208.15227553
v 136.94499731 488.43455465 208.15227411
v 142.27269888 488.50203256 231.24928853
v 115.87820053 482.45542426 116.82098433
v 134.15549994 482.45551949 116.2661843
v 134.15549994 488.4346283 116.26618288
v 115.87820053 488.43453307 116.82098292
v 196.00980282 468.35326495 174.14729257
v 195.17430067 468.35325845 146.62558695
v 195.17430067 488.50201257 146.62558219
v 196.00980282 488.50201907 174.14728781
v 56.81340098 468.35325944 150.82609316
v 57.6489985 468.35326594 178.34778686
v 57.6489985 488.50202006 178.3477821
v 56.81340098 488.50201356 150.8260884
v 110.55049896 468.35324595 93.72399112
v 115.87820053 482.45542426 116.82098433
v 115.87820053 488.43453307 116.82098292
v 110.55049896 488.50200007 93.72398635
v 80.74589968 488.43464171 173.02008055
v 88.2529974 488.43464565 189.69378851
v 92.30309725 488.43464497 186.80608652
v 85.59280038 488.43464145 171.90208815
v 136.94499731 488.43455465 208.15227411
v 153.61870527 488.43464824 200.64528368
v 150.73109865 488.43464728 196.59518383
v 135.82710028 488.4345535 203.30548666
v 119.48970556 488.43455362 203.80149267
v 118.66769791 488.43455478 208.70719336
v 136.94499731 488.43455465 208.15227411
v 135.82710028 488.4345535 203.30548666
v 166.15040302 488.43464509 187.32887886
v 161.93259954 488.43464447 184.69218395
v 172.07729816 488.43454137 151.9531884
v 164.57020044 488.43453743 135.27958773
v 160.52010059 488.43453811 138.16728972
v 167.23040342 488.43454163 153.0711808
v 86.67280078 488.43463335 137.64448546
v 80.19109964 488.43463739 154.74278115
v 85.09680033 488.43463759 155.56468151
v 90.8905983 488.43463398 140.281085
v 172.6320982 488.43464105 170.23058317
v 167.72639751 488.43464086 169.40858744
v 151.25379562 488.43453447 122.74788998
v 148.61710072 488.43453546 126.96568154
v 133.33359957 488.43453409 121.17188357
v 134.15549994 488.4346283 116.26618288
v 115.87820053 488.43453307 116.82098292
v 116.99620485 488.43453421 121.66788958
v 115.87820053 488.43453307 116.82098292
v 99.20449853 488.43463021 124.32808064
v 102.09219456 488.43463116 128.37808512
v 116.99620485 488.43453421 121.66788958
v 134.15549994 488.4346283 116.26618288
v 133.33359957 488.43453409 121.17188357
v 101.56940222 488.43455325 202.22537897
v 104.20609713 488.43464762 198.00768278
v 118.66769791 488.43455478 208.70719336
v 119.48970556 488.43455362 203.80149267
v 167.72639751 488.43464086 169.40858744
v 167.23040342 488.43454163 153.0711808
v 167.23040342 491.06873314 153.07118018
v 167.72639751 491.06883237 169.40858682
v 102.09219456 488.43463116 128.37808512
v 90.8905983 488.43463398 140.281085
v 90.8905983 491.06882549 140.28108437
v 102.09219456 491.06882268 128.3780845
v 119.48970556 491.06874513 203.80149205
v 119.48970556 488.43455362 203.80149267
v 135.82710028 488.4345535 203.30548666
v 135.82710028 491.06874501 203.30548604
v 85.59280038 488.43464145 171.90208815
v 92.30309725 488.43464497 186.80608652
v 92.30309725 491.06883648 186.8060859
v 85.59280038 491.06883296 171.90208753
v 85.09680033 488.43463759 155.56468151
v 85.09680033 491.0688291 155.56468089
v 161.93259954 488.43464447 184.69218395
v 161.93259954 491.06883598 184.69218333
v 150.73109865 488.43464728 196.59518383
v 150.73109865 491.0688388 196.59518321
v 133.33359957 491.06872561 121.17188294
v 133.33359957 488.43453409 121.17188357
v 116.99620485 488.43453421 121.66788958
v 116.99620485 491.06872572 121.66788896
v 160.52010059 488.43453811 138.16728972
v 148.61710072 488.43453546 126.96568154
v 148.61710072 491.06872698 126.96568091
v 160.52010059 491.06872962 138.16728909
v 116.99620485 488.43453421 121.66788958
v 116.99620485 491.06872572 121.66788896
v 104.20609713 488.43464762 198.00768278
v 104.20609713 491.06883913 198.00768216
v 119.48970556 488.43455362 203.80149267
v 119.48970556 491.06874513 203.80149205
v 135.82710028 488.4345535 203.30548666
v 135.82710028 491.06874501 203.30548604
v 133.33359957 488.43453409 121.17188357
v 133.33359957 491.06872561 121.17188294
v 92.30309725 491.06883648 186.8060859
v 104.20609713 491.06883913 198.00768216
v 102.97290087 491.0688396 199.98038133
v 90.40880203 491.0688368 188.15667947
v 119.48970556 491.06874513 203.80149205
v 119.105196 491.06874567 206.09598477
v 135.82710028 491.06874501 203.30548604
v 150.73109865 491.0688388 196.59518321
v 152.08159685 491.06883924 198.48947843
v 136.3499999 491.06874555 205.5724891
v 148.61710072 491.06872698 126.96568091
v 133.33359957 491.06872561 121.17188294
v 133.71800184 491.06872507 118.8773783
v 149.85029697 491.06872651 124.99298175
v 167.72639751 491.06883237 169.40858682
v 167.23040342 491.06873314 153.07118018
v 169.49729919 491.06873302 152.54838784
v 170.02090216 491.06883246 169.79308446
v 102.09219456 491.06882268 128.3780845
v 90.8905983 491.06882549 140.28108437
v 88.91789913 491.0688252 139.04788812
v 100.74160099 491.06882223 126.48388465
v 119.105196 491.06874567 206.09598477
v 119.48970556 491.06874513 203.80149205
v 135.82710028 491.06874501 203.30548604
v 136.3499999 491.06874555 205.5724891
v 85.59280038 491.06883296 171.90208753
v 83.32589865 491.06883309 172.42498715
v 85.09680033 491.0688291 155.56468089
v 82.80230165 491.06882901 155.18027862
v 161.93259954 491.06883598 184.69218333
v 163.90529871 491.06883628 185.92537959
v 133.71800184 491.06872507 118.8773783
v 133.33359957 491.06872561 121.17188294
v 116.99620485 491.06872572 121.66788896
v 116.47330523 491.06872519 119.4008859
v 160.52010059 491.06872962 138.16728909
v 162.41439581 491.0687293 136.81668361
v 116.99620485 491.06872572 121.66788896
v 116.47330523 491.06872519 119.4008859
v 152.08159685 491.06883924 198.48947843
v 163.90529871 491.06883628 185.92537959
v 163.90529871 492.93493849 185.92537915
v 152.08159685 492.93494146 198.48947798
v 133.71800184 492.93492265 118.87737786
v 133.71800184 491.06872507 118.8773783
v 116.47330523 491.06872519 119.4008859
v 116.47330523 492.93492277 119.40088546
v 88.91789913 491.0688252 139.04788812
v 82.80230165 491.06882901 155.18027862
v 82.80230165 492.93493123 155.18027817
v 88.91789913 492.93492742 139.04788768
v 162.41439581 491.0687293 136.81668361
v 149.85029697 491.06872651 124.99298175
v 149.85029697 492.9349241 124.99298131
v 162.41439581 492.93492689 136.81668317
v 169.49729919 491.06873302 152.54838784
v 169.49729919 492.93493061 152.5483874
v 116.47330523 491.06872519 119.4008859
v 100.74160099 491.06882223 126.48388465
v 100.74160099 492.93492445 126.48388421
v 116.47330523 492.93492277 119.40088546
v 90.40880203 491.0688368 188.15667947
v 102.97290087 491.0688396 199.98038133
v 102.97290087 492.93494181 199.98038089
v 90.40880203 492.93493902 188.15667903
v 119.105196 491.06874567 206.09598477
v 119.105196 492.93494326 206.09598433
v 136.3499999 491.06874555 205.5724891
v 136.3499999 492.93494314 205.57248866
v 133.71800184 491.06872507 118.8773783
v 133.71800184 492.93492265 118.87737786
v 170.02090216 491.06883246 169.79308446
v 170.02090216 492.93493468 169.79308402
v 119.105196 492.93494326 206.09598433
v 119.105196 491.06874567 206.09598477
v 136.3499999 491.06874555 205.5724891
v 136.3499999 492.93494314 205.57248866
v 83.32589865 491.06883309 172.42498715
v 83.32589865 492.9349353 172.42498671
v 88.91789913 492.93492742 139.04788768
v 82.80230165 492.93493123 155.18027817
v 170.02090216 492.93493468 169.79308402
v 169.49729919 492.93493061 152.5483874
v 100.74160099 492.93492445 126.48388421
v 162.41439581 492.93492689 136.81668317
v 149.85029697 492.9349241 124.99298131
v 116.47330523 492.93492277 119.40088546
v 133.71800184 492.93492265 118.87737786
v 163.90529871 492.93493849 185.92537915
v 83.32589865 492.9349353 172.42498671
v 152.08159685 492.93494146 198.48947798
v 90.40880203 492.93493902 188.15667903
v 102.97290087 492.93494181 199.98038089
v 136.3499999 492.93494314 205.57248866
v 119.105196 492.93494326 206.09598433
v 191.73330069 333.29974935 173.43081705
v 190.9490943 333.29962403 147.60022633
v 182.57280588 333.29975506 197.59532682
v 191.73330069 333.29974935 173.43081705
v 61.08980179 333.29974417 151.54262058
v 61.87400222 333.29975028 177.37322323
v 180.33959866 333.29961847 124.0359234
v 72.48349786 333.29975585 200.93752615
v 161.52009964 333.29961428 106.32541649
v 91.30300283 333.29976003 218.64802114
v 137.35569715 333.29961212 97.16502301
v 115.46750069 333.29964299 227.80842058
v 111.52509451 333.29973151 97.94922344
v 141.29810333 333.2996428 227.02421419
v 87.96079755 333.29973402 108.55862371
v 164.86229897 333.29964029 216.41482584
v 70.25030255 333.29973846 127.37812273
v 180.33959866 333.29961847 124.0359234
v 190.9490943 333.29962403 147.60022633
v 191.73330069 333.29974935 173.43081705
v 182.57280588 333.29975506 197.59532682
v 164.86229897 333.29964029 216.41482584
v 141.29810333 333.2996428 227.02421419
v 115.46750069 333.29964299 227.80842058
v 91.30300283 333.29976003 218.64802114
v 72.48349786 333.29975585 200.93752615
v 61.87400222 333.29975028 177.37322323
v 61.08980179 333.29974417 151.54262058
v 70.25030255 333.29973846 127.37812273
v 87.96079755 333.29973402 108.55862371
v 111.52509451 333.29973151 97.94922344
v 137.35569715 333.29961212 97.16502301
v 161.52009964 333.29961428 106.32541649
v 57.67700076 343.99534883 169.1097162
v 57.67700076 349.62643805 169.10971486
v 52.81659961 349.62643808 169.26322067
v 52.81659961 343.99534887 169.263222
v 57.36910105 343.99534653 159.36122157
v 57.52310157 341.17983884 164.2354159
v 52.66270041 341.17983888 164.38892171
v 52.50869989 343.99534657 159.51471545
v 57.52310157 352.44194574 164.23541324
v 57.36910105 349.62643574 159.36122024
v 52.50869989 349.62643578 159.51471412
v 52.66270041 352.44194577 164.38891905
v 52.50869989 343.99534657 159.51471545
v 52.66270041 341.17983888 164.38892171
v 52.66270041 342.67083714 164.38892135
v 52.54949927 344.74083409 160.80532273
v 52.66270041 352.44194577 164.38891905
v 52.50869989 349.62643578 159.51471412
v 52.54949927 348.88094887 160.80532175
v 52.66270041 350.9509475 164.3889194
v 52.81659961 349.62643808 169.26322067
v 52.77590156 348.88095056 167.97251802
v 52.81659961 343.99534887 169.263222
v 52.77580023 344.74083578 167.972519
v 52.54949927 348.88094887 160.80532175
v 52.54949927 344.74083409 160.80532273
v 50.06150007 344.7408341 160.88391741
v 50.06150007 348.88082968 160.88391643
v 52.77580023 344.74083578 167.972519
v 52.77590156 348.88095056 167.97251802
v 50.28780103 348.88095058 168.05111271
v 50.28780103 344.7408358 168.05111369
v 52.66270041 342.67083714 164.38892135
v 50.17459989 342.67083716 164.46751604
v 52.66270041 350.9509475 164.3889194
v 50.17459989 350.95094752 164.46751408
v 50.17459989 350.95094752 164.46751408
v 50.06150007 348.88082968 160.88391643
v 50.06150007 344.7408341 160.88391741
v 50.17459989 342.67083716 164.46751604
v 50.28780103 344.7408358 168.05111369
v 50.28780103 348.88095058 168.05111271
vn -0.84795 0.53008 0
vn -0.98625 0.16524 0
vn -0.99502 0.09963 0
vn 0.98625 -0.16524 -0
vn 0.97441 0.22476 -0
vn 0.98715 0.1598 -0
vn 0.99502 -0.09963 -0
vn 0.84795 -0.53008 -0
vn 0.84795 -0.53008 -0
vn -0.97441 -0.22476 0
vn -0.98715 -0.1598 0
vn 0.81423 0.58055 -0
vn -0.81423 -0.58055 0
vn 0.53008 0.84795 -0
vn 0.53008 0.84795 -0
vn -0.53008 -0.84795 0
vn 0.16524 0.98625 -0
vn 0.09963 0.99502 -0
vn -0.16524 -0.98625 -0
vn -0.09963 -0.99502 -0
vn -0.22476 0.97441 0
vn -0.1598 0.98715 0
vn 0.22476 -0.97441 -0
vn 0.1598 -0.98715 -0
vn -0.58055 0.81423 0
vn 0.58055 -0.81423 -0
vn 0.81423 0.58054 0
vn -0.47292 -0.21292 0.85499
vn -0.41631 -0.29683 0.8594
vn -0.41631 -0.29683 0.8594
vn -0.99954 -0.03035 0
vn 0.35447 0.93507 0
vn -0.98625 0.16524 0
vn -0.41054 0.91184 0
vn -0.58055 0.81423 0
vn 0.29683 -0.41631 0.8594
vn 0.43356 -0.27103 0.8594
vn -0.84795 0.53008 0
vn 0.21293 -0.47292 0.85499
vn 0.84795 -0.53008 0
vn 0.93507 -0.35447 0
vn -0.99954 -0.03035 0
vn -0.27103 -0.43355 0.8594
vn -0.18384 -0.48496 0.85499
vn 0.91184 0.41054 0
vn -0.21292 0.47292 0.85499
vn -0.29683 0.41631 0.8594
vn -0.93507 0.35447 0
vn 0.98625 -0.16524 0
vn 0.27103 0.43355 0.8594
vn 0.18384 0.48496 0.85499
vn -0.91184 -0.41054 -0
vn -0.81423 -0.58055 -0
vn 0.41631 0.29683 0.8594
vn 0.41631 0.29683 0.8594
vn 0.47292 0.21292 0.85499
vn -0.53008 -0.84795 -0
vn -0.35447 -0.93507 0
vn 0.48496 -0.18384 0.85499
vn -0.43355 0.27103 0.8594
vn -0.48496 0.18384 0.85499
vn 0.41054 -0.91184 -0
vn 0.58055 -0.81423 -0
vn 0.0029 9E-05 1
vn -0.0029 -9E-05 1
vn -9E-05 0.0029 1
vn 9E-05 -0.0029 1
vn -0.03035 0.99954 -0
vn 0.03035 -0.99954 0
vn -0.16524 -0.98625 -0
vn -0.22476 0.97441 0
vn 0.22476 -0.97441 -0
vn 0.03035 -0.99954 0
vn 0.03034 -0.99954 0
vn 0.99954 0.03035 -0
vn -0.97441 -0.22476 0
vn 0 0 1
vn 0 -0 1
vn 0 0 1
vn -0 0 1
vn -0 0 1
vn -0 0 1
vn 0 0 1
vn 0 0 1
vn 0 0 1
vn 0 -0 1
vn 0.97441 0.22476 -0
vn -0.84794 0.53009 0
vn -0.16524 -0.98625 0
vn -0.97441 -0.22476 0
vn -0.81423 -0.58054 0
vn 0.84795 -0.53008 -0
vn 0.58055 -0.81423 0
vn 0.16524 0.98625 -0
vn -0.22476 0.97441 0
vn 0.81423 0.58054 0
vn 0.53009 0.84794 -0
vn 0.53009 0.84794 -0
vn 1E-05 0 -1
vn 0 0 -1
vn 0 0 -1
vn 0 0 -1
vn -0 0 -1
vn -0 0 -1
vn 0 0 -1
vn -1E-05 0 -1
vn -0 -0 -1
vn 1E-05 0 -1
vn 0 0 -1
vn 0 -0 -1
vn -1E-05 0 -1
vn 0.84795 -0.53008 0
vn 0.1233 0.73595 0.66572
vn 0.16524 0.98625 0
vn -0.16772 0.72711 0.66572
vn -0.84795 0.53008 0
vn -0.98625 0.16524 0
vn -0.98625 0.16524 0
vn 0.81423 0.58054 -0
vn 0.53009 0.84794 -0
vn 0.81423 0.58054 -0
vn 0.97441 0.22476 -0
vn -0.58055 0.81423 0
vn -0.81423 -0.58054 0
vn -0.53009 -0.84794 0
vn -0.16524 -0.98625 -0
vn -0.1233 -0.73594 0.66572
vn 0.22476 -0.97441 0
vn 0.16772 -0.72711 0.66572
vn 0.98625 -0.16524 0
vn -0.97441 -0.22476 0
vn 0.60072 0.13857 -0.78736
vn 0.60802 -0.10187 -0.78736
vn 0.60802 -0.10187 -0.78736
vn 0.52276 -0.32679 -0.78736
vn -0.60072 -0.13857 -0.78736
vn -0.60802 0.10187 -0.78736
vn 0.50197 0.3579 -0.78736
vn -0.50197 -0.3579 -0.78736
vn 0.32679 0.52276 -0.78736
vn 0.3268 0.52276 -0.78736
vn -0.3268 -0.52276 -0.78736
vn 0.10187 0.60802 -0.78736
vn -0.10187 -0.60802 -0.78736
vn -0.13857 0.60072 -0.78736
vn 0.13856 -0.60072 -0.78736
vn 0.13856 -0.60072 -0.78736
vn -0.35791 0.50197 -0.78736
vn 0.3579 -0.50197 -0.78736
vn -0.52276 0.3268 -0.78736
vn 0.02734 -0.86559 -0.5
vn 0.02734 -0.86559 0.5
vn -0.58803 -0.70516 0.3962
vn -0.58803 -0.70516 -0.3962
vn -0.02734 0.86559 -0.5
vn -0.60969 -0.01925 -0.79241
vn -0.63135 0.66664 -0.3962
vn -0 -0 1
vn -0.02734 0.86559 0.5
vn -0.63135 0.66665 0.3962
vn -0.60969 -0.01926 0.7924
vn -0.83821 -0.02647 -0.5447
vn -0.8531 0.44502 -0.27235
vn -0.8531 0.44502 0.27235
vn -0.83821 -0.02647 0.5447
vn -0.82332 -0.49797 0.27235
vn -0.82332 -0.49796 -0.27235
vn -0.63135 0.66665 -0.3962
vn -0.63135 0.66665 0.3962
vn -0.58803 -0.70516 0.3962
vn -0.58803 -0.70516 -0.3962
vn -0.60969 -0.01926 -0.79241
vn -0.60969 -0.01926 0.79241
vt 0.52227 0.44429
vt 0.52228 0.49931
vt 0.0041 0.50075
vt 0.00389 0.44573
vt 0.5222 0.00222
vt 0.52222 0.07951
vt 0.00246 0.08096
vt 0.00216 0.00366
vt 0.52235 0.94138
vt 0.52236 0.9964
vt 0.00604 0.99783
vt 0.00583 0.94281
vt 0.52229 0.5766
vt 0.0044 0.57804
vt 0.52222 0.13802
vt 0.00269 0.13946
vt 0.5223 0.63511
vt 0.00463 0.63654
vt 0.52223 0.19652
vt 0.00292 0.19796
vt 0.52231 0.69361
vt 0.00486 0.69504
vt 0.52224 0.25502
vt 0.00315 0.25646
vt 0.52232 0.75211
vt 0.00509 0.75355
vt 0.52225 0.32729
vt 0.00343 0.32873
vt 0.52233 0.82438
vt 0.00537 0.82581
vt 0.52226 0.38579
vt 0.00366 0.38723
vt 0.52234 0.88288
vt 0.0056 0.88431
vt 0.5445 0.35541
vt 0.5445 0.30946
vt 0.55953 0.30946
vt 0.55953 0.35541
vt 0.90068 0.99631
vt 0.87781 0.93101
vt 0.94614 0.91939
vt 0.96133 0.96275
vt 0.78348 0.56019
vt 0.78348 0.51424
vt 0.79851 0.51424
vt 0.79851 0.56019
vt 0.5445 0.26351
vt 0.55953 0.26351
vt 0.6455 0.65836
vt 0.6455 0.58905
vt 0.68901 0.61494
vt 0.65841 0.66604
vt 0.5445 0.64524
vt 0.5445 0.59929
vt 0.55953 0.59929
vt 0.55953 0.64524
vt 0.83426 0.3902
vt 0.83426 0.32101
vt 0.90259 0.33263
vt 0.90259 0.37858
vt 0.5445 0.55334
vt 0.55953 0.55334
vt 0.85713 0.45551
vt 0.91778 0.42195
vt 0.58139 0.58451
vt 0.58139 0.63046
vt 0.56636 0.63046
vt 0.56636 0.58451
vt 0.69444 0.30151
vt 0.67941 0.30151
vt 0.67941 0.34746
vt 0.69444 0.34746
vt 0.87781 0.86182
vt 0.90068 0.79651
vt 0.96133 0.83007
vt 0.94614 0.87344
vt 0.5445 0.40136
vt 0.55953 0.40136
vt 0.77693 0.4539
vt 0.75406 0.3886
vt 0.82238 0.37698
vt 0.83757 0.42035
vt 0.5445 0.50739
vt 0.55953 0.50739
vt 0.58362 0.19337
vt 0.58362 0.12406
vt 0.62714 0.14995
vt 0.59654 0.20105
vt 0.92856 0.6223
vt 0.90569 0.6876
vt 0.84504 0.65405
vt 0.86023 0.61068
vt 0.56857 0.05706
vt 0.56857 0.10301
vt 0.55355 0.10301
vt 0.55355 0.05706
vt 0.92856 0.55311
vt 0.86023 0.56473
vt 0.90569 0.48781
vt 0.84504 0.52136
vt 0.56857 0.14896
vt 0.55355 0.14896
vt 0.56857 0.19491
vt 0.55355 0.19491
vt 0.85713 0.25571
vt 0.91778 0.28927
vt 0.75406 0.31941
vt 0.77693 0.25411
vt 0.83757 0.28766
vt 0.82238 0.33103
vt 0.58139 0.49261
vt 0.58139 0.53856
vt 0.56636 0.53856
vt 0.56636 0.49261
vt 0.96141 0.17786
vt 0.89222 0.17786
vt 0.90384 0.11944
vt 0.94979 0.11944
vt 0.97288 0.43237
vt 0.97288 0.50156
vt 0.91446 0.48994
vt 0.91446 0.44399
vt 0.89441 0.08613
vt 0.89441 0.01694
vt 0.95283 0.02856
vt 0.95283 0.07451
vt 0.98102 0.71708
vt 0.91183 0.71708
vt 0.92345 0.65866
vt 0.9694 0.65866
vt 0.99063 0.19635
vt 0.99063 0.26554
vt 0.94 0.26554
vt 0.94 0.19635
vt 0.93547 0.65182
vt 0.93547 0.58263
vt 0.9861 0.58263
vt 0.9861 0.65182
vt 0.56636 0.35899
vt 0.56636 0.28968
vt 0.60987 0.31556
vt 0.57927 0.36667
vt 0.60836 0.00917
vt 0.60836 0.07848
vt 0.59545 0.08617
vt 0.56485 0.03506
vt 0.78277 0.63687
vt 0.78277 0.56756
vt 0.82628 0.59345
vt 0.79568 0.64455
vt 0.88438 0.26295
vt 0.88438 0.19364
vt 0.8973 0.18596
vt 0.9279 0.23706
vt 0.6137 0.47454
vt 0.62872 0.47454
vt 0.62872 0.42859
vt 0.6137 0.42859
vt 0.9392 0.72445
vt 0.9392 0.79376
vt 0.92629 0.80144
vt 0.89568 0.75034
vt 0.60325 0.56019
vt 0.60325 0.60614
vt 0.58822 0.60614
vt 0.58822 0.56019
vt 0.97512 0.3484
vt 0.97512 0.41759
vt 0.92449 0.41759
vt 0.92449 0.3484
vt 0.97601 0.27237
vt 0.97601 0.34157
vt 0.92537 0.34157
vt 0.92537 0.27237
vt 0.70862 0.50047
vt 0.70862 0.56978
vt 0.6957 0.57746
vt 0.6651 0.52636
vt 0.64378 0.48275
vt 0.66136 0.4403
vt 0.67175 0.44724
vt 0.65604 0.48519
vt 0.54742 0.44479
vt 0.58987 0.46238
vt 0.58293 0.47277
vt 0.54498 0.45705
vt 0.55676 0.99466
vt 0.5445 0.99709
vt 0.5445 0.95114
vt 0.55676 0.95358
vt 0.62236 0.49487
vt 0.61197 0.50181
vt 0.63995 0.58327
vt 0.62236 0.62573
vt 0.61197 0.61878
vt 0.62769 0.58083
vt 0.66136 0.57115
vt 0.64378 0.5287
vt 0.65604 0.52626
vt 0.67175 0.56421
vt 0.63995 0.53732
vt 0.62769 0.53976
vt 0.58987 0.65822
vt 0.58293 0.64782
vt 0.5445 0.68975
vt 0.55676 0.68731
vt 0.55676 0.73327
vt 0.5445 0.73083
vt 0.7363 0.62123
vt 0.69385 0.60364
vt 0.7008 0.59325
vt 0.73874 0.60897
vt 0.54742 0.6758
vt 0.54498 0.66354
vt 0.69385 0.40781
vt 0.7008 0.4182
vt 0.7363 0.39022
vt 0.73874 0.40248
vt 0.84735 0.54863
vt 0.84868 0.59034
vt 0.84199 0.58907
vt 0.84059 0.54989
vt 0.73273 0.46831
vt 0.76172 0.49938
vt 0.75576 0.50296
vt 0.72859 0.47395
vt 0.62157 0.06292
vt 0.6152 0.06416
vt 0.6152 0.02233
vt 0.62227 0.02392
vt 0.77552 0.58135
vt 0.75917 0.6198
vt 0.7536 0.61596
vt 0.76882 0.57981
vt 0.77663 0.5391
vt 0.76978 0.54016
vt 0.83277 0.50883
vt 0.82675 0.51229
vt 0.80485 0.47698
vt 0.80057 0.48247
vt 0.61446 0.09411
vt 0.62082 0.09291
vt 0.62082 0.13473
vt 0.61375 0.1332
vt 0.83326 0.62884
vt 0.80383 0.6578
vt 0.80026 0.65211
vt 0.82767 0.62501
vt 0.69354 0.45075
vt 0.69195 0.45778
vt 0.7302 0.6487
vt 0.72664 0.64313
vt 0.69305 0.66324
vt 0.69195 0.65699
vt 0.76638 0.45848
vt 0.76465 0.46542
vt 0.76578 0.67247
vt 0.76465 0.66606
vt 0.6552 0.17835
vt 0.68425 0.2074
vt 0.681 0.21226
vt 0.65034 0.1816
vt 0.72219 0.22312
vt 0.72105 0.22885
vt 0.63283 0.41059
vt 0.67078 0.39487
vt 0.67403 0.39973
vt 0.63398 0.41632
vt 0.67078 0.21982
vt 0.63283 0.2041
vt 0.63398 0.19836
vt 0.67403 0.21496
vt 0.71554 0.32788
vt 0.71554 0.28681
vt 0.72128 0.28567
vt 0.72128 0.32902
vt 0.68425 0.03234
vt 0.6552 0.06139
vt 0.65034 0.05814
vt 0.681 0.02748
vt 0.56359 0.67888
vt 0.56933 0.68003
vt 0.56933 0.7211
vt 0.56359 0.72224
vt 0.63949 0.14041
vt 0.63375 0.14155
vt 0.63949 0.09933
vt 0.63375 0.09819
vt 0.69982 0.36583
vt 0.70469 0.36908
vt 0.5984 0.55261
vt 0.59267 0.55147
vt 0.59267 0.5104
vt 0.5984 0.50926
vt 0.69983 0.24886
vt 0.70469 0.24561
vt 0.72219 0.01663
vt 0.72105 0.01089
vt 0.62167 0.4043
vt 0.65111 0.37477
vt 0.65512 0.37752
vt 0.62431 0.4083
vt 0.56359 0.95347
vt 0.5686 0.95454
vt 0.56812 0.99619
vt 0.56359 0.99709
vt 0.60987 0.37352
vt 0.62414 0.33363
vt 0.62891 0.33465
vt 0.614 0.37607
vt 0.65226 0.25499
vt 0.62298 0.22511
vt 0.62576 0.2211
vt 0.65638 0.25238
vt 0.66782 0.29396
vt 0.67263 0.29312
vt 0.54501 0.4206
vt 0.58198 0.40405
vt 0.58473 0.40795
vt 0.54598 0.42508
vt 0.61255 0.25204
vt 0.58399 0.22171
vt 0.58684 0.21772
vt 0.61673 0.24956
vt 0.54501 0.20529
vt 0.54601 0.20028
vt 0.58411 0.42031
vt 0.58503 0.42481
vt 0.58411 0.20908
vt 0.58509 0.20419
vt 0.66739 0.33603
vt 0.67216 0.33707
vt 0.58861 0.29222
vt 0.58365 0.29117
vt 0.58405 0.24942
vt 0.58861 0.24853
vt 0.62653 0.29132
vt 0.63137 0.2907
vt 0.89181 0.1012
vt 0.89181 0.14455
vt 0.67385 0.1012
vt 0.69044 0.06115
vt 0.87522 0.06114
vt 0.7211 0.03049
vt 0.76115 0.0139
vt 0.84456 0.03049
vt 0.80451 0.0139
vt 0.67385 0.14455
vt 0.87522 0.18461
vt 0.69044 0.18461
vt 0.84456 0.21526
vt 0.80451 0.23186
vt 0.7211 0.21526
vt 0.76115 0.23186
vt 0.53767 0.00216
vt 0.53767 0.07945
vt 0.53767 0.94132
vt 0.53766 0.99634
vt 0.53767 0.49925
vt 0.53767 0.57655
vt 0.53767 0.13796
vt 0.53767 0.63505
vt 0.53767 0.19646
vt 0.53767 0.69355
vt 0.53767 0.25496
vt 0.53767 0.75205
vt 0.53767 0.32723
vt 0.53767 0.82432
vt 0.53767 0.38573
vt 0.53767 0.88282
vt 0.53767 0.44423
vt 0.74021 0.99784
vt 0.67527 0.99784
vt 0.61527 0.97299
vt 0.56935 0.92707
vt 0.5445 0.86707
vt 0.5445 0.80213
vt 0.56935 0.74214
vt 0.61527 0.69622
vt 0.67527 0.67137
vt 0.74021 0.67137
vt 0.8002 0.69622
vt 0.84613 0.74214
vt 0.87098 0.80213
vt 0.87098 0.86707
vt 0.84613 0.92707
vt 0.8002 0.97299
vt 0.73062 0.45909
vt 0.71401 0.44342
vt 0.72638 0.43817
vt 0.7319 0.44198
vt 0.74969 0.42756
vt 0.74969 0.44615
vt 0.73791 0.43905
vt 0.73938 0.4319
vt 0.71479 0.42124
vt 0.73643 0.41478
vt 0.73372 0.42793
vt 0.72801 0.43133
vt 0.57521 0.99024
vt 0.57521 0.97609
vt 0.57846 0.97796
vt 0.57846 0.98836
vt 0.59972 0.99024
vt 0.58747 0.99731
vt 0.58747 0.99357
vt 0.59648 0.98836
vt 0.59972 0.97609
vt 0.59648 0.97796
vt 0.58747 0.96901
vt 0.58747 0.97276
vt 0.55179 0.24092
vt 0.55734 0.24431
vt 0.55754 0.25032
vt 0.54519 0.24543
vt 0.56162 0.23427
vt 0.556 0.23106
vt 0.55572 0.22184
vt 0.56839 0.23068
vt 0.56261 0.24076
vt 0.56839 0.24446
vt 0.55067 0.23446
vt 0.54457 0.23168
vt 0.5445 0.02308
vt 0.5445 0.01268
vt 0.55351 0.00748
vt 0.56252 0.01268
vt 0.56252 0.02308
vt 0.55351 0.02828
usemtl mat2
f 1/1/1 2/2/2 3/3/3
f 3/3/3 4/4/1 1/1/1
f 5/5/4 6/6/5 7/7/6
f 7/7/6 8/8/7 5/5/4
f 9/9/8 10/10/4 11/11/7
f 11/11/7 12/12/9 9/9/8
f 2/2/2 13/13/10 14/14/11
f 14/14/11 3/3/3 2/2/2
f 6/6/5 15/15/12 16/16/12
f 16/16/12 7/7/6 6/6/5
f 13/13/10 17/17/13 18/18/13
f 18/18/13 14/14/11 13/13/10
f 15/15/12 19/19/14 20/20/15
f 20/20/15 16/16/12 15/15/12
f 17/17/13 21/21/16 22/22/16
f 22/22/16 18/18/13 17/17/13
f 19/19/14 23/23/17 24/24/18
f 24/24/18 20/20/15 19/19/14
f 21/21/16 25/25/19 26/26/20
f 26/26/20 22/22/16 21/21/16
f 23/23/17 27/27/21 28/28/22
f 28/28/22 24/24/18 23/23/17
f 25/25/19 29/29/23 30/30/24
f 30/30/24 26/26/20 25/25/19
f 27/27/21 31/31/25 32/32/25
f 32/32/25 28/28/22 27/27/21
f 29/29/23 33/33/26 34/34/26
f 34/34/26 30/30/24 29/29/23
f 31/31/25 1/1/1 4/4/1
f 4/4/1 32/32/25 31/31/25
f 33/33/26 9/9/8 12/12/9
f 12/12/9 34/34/26 33/33/26
f 35/35/27 36/36/15 37/37/15
f 37/37/15 38/38/27 35/35/27
f 39/39/28 40/40/29 41/41/30
f 41/41/30 42/42/28 39/39/28
f 43/43/31 44/44/31 45/45/31
f 45/45/31 46/46/31 43/43/31
f 36/36/15 47/47/32 48/48/32
f 48/48/32 37/37/15 36/36/15
f 49/49/33 50/50/33 51/51/33
f 51/51/33 52/52/33 49/49/33
f 53/53/34 54/54/35 55/55/35
f 55/55/35 56/56/34 53/53/34
f 57/57/36 58/58/37 59/59/37
f 59/59/37 60/60/36 57/57/36
f 54/54/35 61/61/38 62/62/38
f 62/62/38 55/55/35 54/54/35
f 63/63/39 57/57/36 60/60/36
f 60/60/36 64/64/39 63/63/39
f 65/65/40 66/66/41 67/67/41
f 67/67/41 68/68/40 65/65/40
f 69/69/42 70/70/42 71/71/42
f 71/71/42 72/72/42 69/69/42
f 73/73/43 74/74/44 75/75/44
f 75/75/44 76/76/43 73/73/43
f 77/77/45 35/35/27 38/38/27
f 38/38/27 78/78/45 77/77/45
f 40/40/29 73/73/43 76/76/43
f 76/76/43 41/41/30 40/40/29
f 79/79/46 80/80/47 81/81/47
f 81/81/47 82/82/46 79/79/46
f 61/61/38 83/83/48 84/84/48
f 84/84/48 62/62/38 61/61/38
f 85/85/49 86/86/49 87/87/49
f 87/87/49 88/88/49 85/85/49
f 89/89/50 90/90/51 91/91/51
f 91/91/51 92/92/50 89/89/50
f 93/93/52 94/94/53 95/95/13
f 95/95/13 96/96/52 93/93/52
f 97/97/54 89/89/50 92/92/50
f 92/92/50 98/98/55 97/97/54
f 99/99/56 97/97/54 98/98/55
f 98/98/55 100/100/56 99/99/56
f 94/94/53 101/101/57 102/102/57
f 102/102/57 95/95/13 94/94/53
f 101/101/57 103/103/58 104/104/58
f 104/104/58 102/102/57 101/101/57
f 58/58/37 105/105/59 106/106/59
f 106/106/59 59/59/37 58/58/37
f 107/107/60 108/108/61 109/109/61
f 109/109/61 110/110/60 107/107/60
f 111/111/62 112/112/63 113/113/63
f 113/113/63 114/114/62 111/111/62
f 80/80/47 107/107/60 110/110/60
f 110/110/60 81/81/47 80/80/47
f 112/112/63 65/65/40 68/68/40
f 68/68/40 113/113/63 112/112/63
f 115/115/64 116/116/64 117/117/64
f 117/117/64 118/118/64 115/115/64
f 119/119/65 120/120/65 121/121/65
f 121/121/65 122/122/65 119/119/65
f 123/123/66 124/124/66 125/125/66
f 125/125/66 126/126/66 123/123/66
f 127/127/67 128/128/67 129/129/67
f 129/129/67 130/130/67 127/127/67
f 131/131/18 132/132/22 133/133/68
f 133/133/68 134/134/68 131/131/18
f 135/135/20 136/136/24 137/137/69
f 137/137/69 138/138/69 135/135/20
f 139/139/70 140/140/70 141/141/70
f 141/141/70 142/142/70 139/139/70
f 143/143/71 144/144/71 145/145/71
f 145/145/71 146/146/71 143/143/71
f 147/147/17 148/148/17 149/149/17
f 149/149/17 150/150/17 147/147/17
f 151/151/72 152/152/72 153/153/72
f 153/153/72 154/154/72 151/151/72
f 155/155/73 156/156/73 157/157/73
f 157/157/73 158/158/73 155/155/73
f 159/159/5 160/160/5 161/161/5
f 161/161/5 162/162/5 159/159/5
f 163/163/74 164/164/74 165/165/74
f 165/165/74 166/166/74 163/163/74
f 167/167/7 168/168/6 169/169/75
f 169/169/75 170/170/75 167/167/7
f 171/171/3 172/172/11 173/173/42
f 173/173/42 174/174/42 171/171/3
f 175/175/76 176/176/76 177/177/76
f 177/177/76 178/178/76 175/175/76
f 179/179/77 180/180/78 181/181/78
f 181/181/78 182/182/77 179/179/77
f 183/183/79 184/184/77 185/185/77
f 185/185/77 186/186/79 183/183/79
f 187/187/80 188/188/80 189/189/77
f 189/189/77 190/190/77 187/187/80
f 184/184/77 191/191/81 192/192/81
f 192/192/81 185/185/77 184/184/77
f 193/193/77 194/194/82 195/195/82
f 195/195/82 196/196/77 193/193/77
f 197/197/82 198/198/81 199/199/81
f 199/199/81 200/200/82 197/197/82
f 201/201/80 193/193/77 196/196/77
f 196/196/77 202/202/80 201/201/80
f 198/198/81 179/179/77 182/182/77
f 182/182/77 199/199/81 198/198/81
f 194/194/82 203/203/81 204/204/81
f 204/204/81 195/195/82 194/194/82
f 205/205/80 206/206/80 207/207/83
f 207/207/83 208/208/83 205/205/80
f 209/209/84 210/210/85 211/211/85
f 211/211/85 212/212/84 209/209/84
f 191/191/81 201/201/80 202/202/80
f 202/202/80 192/192/81 191/191/81
f 203/203/81 213/213/80 214/214/80
f 214/214/80 204/204/81 203/203/81
f 210/210/85 197/197/82 200/200/82
f 200/200/82 211/211/85 210/210/85
f 180/180/78 215/215/86 216/216/86
f 216/216/86 181/181/78 180/180/78
f 215/215/86 217/217/80 218/218/80
f 218/218/80 216/216/86 215/215/86
f 219/219/4 220/220/87 221/221/87
f 221/221/87 222/222/4 219/219/4
f 223/223/25 224/224/88 225/225/88
f 225/225/88 226/226/25 223/223/25
f 227/227/89 228/228/89 229/229/23
f 229/229/23 230/230/23 227/227/89
f 231/231/90 232/232/91 233/233/91
f 233/233/91 234/234/90 231/231/90
f 235/235/2 231/231/90 234/234/90
f 234/234/90 236/236/2 235/235/2
f 237/237/92 219/219/4 222/222/4
f 222/222/4 238/238/92 237/237/92
f 239/239/93 237/237/92 238/238/92
f 238/238/92 240/240/93 239/239/93
f 241/241/94 242/242/94 243/243/95
f 243/243/95 244/244/95 241/241/94
f 224/224/88 235/235/2 236/236/2
f 236/236/2 225/225/88 224/224/88
f 245/245/96 246/246/97 247/247/98
f 247/247/98 248/248/96 245/245/96
f 220/220/87 245/245/96 248/248/96
f 248/248/96 221/221/87 220/220/87
f 249/249/95 223/223/25 226/226/25
f 226/226/25 250/250/95 249/249/95
f 232/232/91 251/251/16 252/252/16
f 252/252/16 233/233/91 232/232/91
f 251/251/16 253/253/89 254/254/89
f 254/254/89 252/252/16 251/251/16
f 255/255/23 239/239/93 240/240/93
f 240/240/93 256/256/23 255/255/23
f 246/246/97 257/257/94 258/258/94
f 258/258/94 247/247/98 246/246/97
f 259/259/99 260/260/100 261/261/100
f 261/261/100 262/262/99 259/259/99
f 260/260/100 263/263/101 264/264/101
f 264/264/101 261/261/100 260/260/100
f 265/265/102 266/266/103 267/267/103
f 267/267/103 268/268/102 265/265/102
f 269/269/104 270/270/101 271/271/101
f 271/271/101 272/272/104 269/269/104
f 273/273/105 274/274/106 275/275/106
f 275/275/106 276/276/105 273/273/105
f 277/277/107 278/278/101 279/279/101
f 279/279/101 280/280/107 277/277/107
f 281/281/101 282/282/101 283/283/102
f 283/283/102 284/284/102 281/281/101
f 285/285/108 259/259/99 262/262/99
f 262/262/99 286/286/108 285/285/108
f 287/287/109 285/285/108 286/286/108
f 286/286/108 288/288/109 287/287/109
f 289/289/103 273/273/105 276/276/105
f 276/276/105 290/290/103 289/289/103
f 266/266/103 289/289/103 290/290/103
f 290/290/103 267/267/103 266/266/103
f 291/291/101 292/292/101 293/293/110
f 293/293/110 294/294/110 291/291/101
f 278/278/101 287/287/109 288/288/109
f 288/288/109 279/279/101 278/278/101
f 295/295/111 269/269/104 272/272/104
f 272/272/104 296/296/111 295/295/111
f 274/274/106 295/295/111 296/296/111
f 296/296/111 275/275/106 274/274/106
f 297/297/110 277/277/107 280/280/107
f 280/280/107 298/298/110 297/297/110
f 299/299/93 300/300/112 301/301/112
f 301/301/112 302/302/93 299/299/93
f 303/303/113 304/304/114 305/305/21
f 305/305/21 306/306/115 303/303/113
f 307/307/116 308/308/117 309/309/118
f 309/309/118 310/310/116 307/307/116
f 311/311/119 312/312/120 313/313/120
f 313/313/120 314/314/121 311/311/119
f 315/315/122 311/311/119 314/314/121
f 314/314/121 316/316/122 315/315/122
f 317/317/21 318/318/123 319/319/123
f 319/319/123 320/320/115 317/317/21
f 321/321/124 322/322/125 323/323/125
f 323/323/125 324/324/124 321/321/124
f 322/322/125 325/325/126 326/326/127
f 326/326/127 323/323/125 322/322/125
f 327/327/128 299/299/93 302/302/93
f 302/302/93 328/328/129 327/327/128
f 312/312/120 329/329/114 330/330/113
f 330/330/113 313/313/120 312/312/120
f 331/331/130 315/315/122 316/316/122
f 316/316/122 332/332/130 331/331/130
f 318/318/123 307/307/116 310/310/116
f 310/310/116 319/319/123 318/318/123
f 333/333/127 334/334/126 335/335/128
f 335/335/128 336/336/129 333/333/127
f 337/337/131 321/321/124 324/324/124
f 324/324/124 338/338/131 337/337/131
f 308/308/117 337/337/131 338/338/131
f 338/338/131 309/309/118 308/308/117
f 300/300/112 331/331/130 332/332/130
f 332/332/130 301/301/112 300/300/112
f 339/339/77 340/340/77 341/341/77
f 341/341/77 342/342/77 339/339/77
f 343/343/77 339/339/77 342/342/77
f 342/342/77 344/344/77 343/343/77
f 344/344/77 345/345/77 346/346/115
f 346/346/115 343/343/77 344/344/77
f 347/347/113 346/346/115 345/345/77
f 348/348/77 341/341/77 340/340/77
f 340/340/77 349/349/77 348/348/77
f 350/350/80 348/348/77 349/349/77
f 349/349/77 351/351/80 350/350/80
f 351/351/80 352/352/80 353/353/129
f 353/353/129 350/350/80 351/351/80
f 354/354/127 353/353/129 352/352/80
f 6/6/132 5/5/133 355/355/134
f 355/355/134 356/356/132 6/6/132
f 10/10/133 9/9/135 357/357/135
f 357/357/135 358/358/134 10/10/133
f 13/13/136 2/2/137 359/359/137
f 359/359/137 360/360/136 13/13/136
f 15/15/138 6/6/132 356/356/132
f 356/356/132 361/361/138 15/15/138
f 17/17/139 13/13/136 360/360/136
f 360/360/136 362/362/139 17/17/139
f 19/19/140 15/15/138 361/361/138
f 361/361/138 363/363/141 19/19/140
f 21/21/142 17/17/139 362/362/139
f 362/362/139 364/364/142 21/21/142
f 23/23/143 19/19/140 363/363/141
f 363/363/141 365/365/143 23/23/143
f 25/25/144 21/21/142 364/364/142
f 364/364/142 366/366/144 25/25/144
f 27/27/145 23/23/143 365/365/143
f 365/365/143 367/367/145 27/27/145
f 29/29/146 25/25/144 366/366/144
f 366/366/144 368/368/147 29/29/146
f 31/31/148 27/27/145 367/367/145
f 367/367/145 369/369/148 31/31/148
f 33/33/149 29/29/146 368/368/147
f 368/368/147 370/370/149 33/33/149
f 1/1/150 31/31/148 369/369/148
f 369/369/148 371/371/150 1/1/150
f 9/9/135 33/33/149 370/370/149
f 370/370/149 357/357/135 9/9/135
f 2/2/137 1/1/150 371/371/150
f 371/371/150 359/359/137 2/2/137
f 372/372/101 373/373/101 374/374/101
f 372/372/101 374/374/101 375/375/101
f 372/372/101 375/375/101 376/376/101
f 372/372/101 376/376/101 377/377/101
f 372/372/101 377/377/101 378/378/101
f 372/372/101 378/378/101 379/379/101
f 372/372/101 379/379/101 380/380/101
f 372/372/101 380/380/101 381/381/101
f 372/372/101 381/381/101 382/382/101
f 372/372/101 382/382/101 383/383/101
f 372/372/101 383/383/101 384/384/101
f 372/372/101 384/384/101 385/385/101
f 372/372/101 385/385/101 386/386/101
f 386/386/101 387/387/101 372/372/101
f 388/388/151 389/389/152 390/390/153
f 390/390/153 391/391/154 388/388/151
f 392/392/155 393/393/110 394/394/156
f 394/394/156 395/395/157 392/392/155
f 396/396/158 397/397/159 398/398/160
f 398/398/160 399/399/161 396/396/158
f 389/389/152 396/396/158 399/399/161
f 399/399/161 390/390/153 389/389/152
f 393/393/110 388/388/151 391/391/154
f 391/391/154 394/394/156 393/393/110
f 397/397/159 392/392/155 395/395/157
f 395/395/157 398/398/160 397/397/159
f 400/400/157 401/401/156 402/402/162
f 402/402/162 403/403/163 400/400/157
f 404/404/161 405/405/160 406/406/164
f 406/406/164 407/407/165 404/404/161
f 408/408/153 404/404/161 407/407/165
f 407/407/165 409/409/166 408/408/153
f 401/401/156 410/410/154 411/411/167
f 411/411/167 402/402/162 401/401/156
f 405/405/160 400/400/157 403/403/163
f 403/403/163 406/406/164 405/405/160
f 410/410/154 408/408/153 409/409/166
f 409/409/166 411/411/167 410/410/154
f 412/412/164 413/413/163 414/414/168
f 414/414/168 415/415/169 412/412/164
f 416/416/167 417/417/166 418/418/170
f 418/418/170 419/419/171 416/416/167
f 413/413/163 420/420/162 421/421/172
f 421/421/172 414/414/168 413/413/163
f 422/422/165 412/412/164 415/415/169
f 415/415/169 423/423/173 422/422/165
f 417/417/166 422/422/165 423/423/173
f 423/423/173 418/418/170 417/417/166
f 420/420/162 416/416/167 419/419/171
f 419/419/171 421/421/172 420/420/162
f 424/424/173 425/425/169 426/426/168
f 426/426/168 427/427/172 424/424/173
f 427/427/172 428/428/171 429/429/170
f 429/429/170 424/424/173 427/427/172
# Vertices: 429, normals: 173, texture coordinates: 429, faces: 348

o obj2
v 92.59478767 264.72358794 524.37717438
v 90.63668755 264.7235878 525.57607399
v 90.63668605 282.99818694 529.64687487
v 92.59478617 282.99818707 528.44787528
v 92.59478722 264.72358783 526.77497439
v 92.59478571 282.99818697 530.84577498
v 92.59478617 282.99818707 528.44787528
v 90.63668605 282.99818694 529.64687487
v 92.59478571 282.99818697 530.84577498
v 90.63668831 237.70428835 527.29037289
v 92.59478797 237.70428838 528.4892732
v 92.59478748 247.1545882 529.08827347
v 90.63668782 247.15458817 527.88937316
v 92.59478843 237.70428848 526.09137322
v 92.59478794 247.15458831 526.6904736
v -397.60605312 204.35868061 265.38287792
v -397.60615878 199.61657736 320.53307665
v -397.60615929 212.57907662 320.53307722
v -397.60605371 219.14228058 265.38287857
v 248.2261347 201.8806034 292.64421001
v 277.29134376 204.35870768 263.73260122
v 277.29134317 219.14230765 263.73260187
v 248.22613412 216.3744041 292.64421064
v -397.60615878 199.61657736 320.53307665
v 243.6807269 201.2295047 320.53319856
v 243.68072632 215.59420323 320.53319919
v -397.60615929 212.57907662 320.53307722
v 214.6873455 204.35870516 264.11229475
v 277.29134376 204.35870768 263.73260122
v 248.2261347 201.8806034 292.64421001
v 243.6807269 201.2295047 320.53319856
v 243.68072632 215.59420323 320.53319919
v 214.68734491 219.14230513 264.1122954
v -397.60605371 219.14228058 265.38287857
v -397.60615929 212.57907662 320.53307722
v 397.60634059 201.07773538 -265.7333852
v 397.60634946 2.398E-05 -270.05825933
v -397.60594403 -8.01E-06 -265.73573853
v -397.60595218 191.58230207 -263.16700839
v 202.67174031 202.00000278 265.73580368
v 202.67174839 -7.23E-06 265.73579485
v 397.29203581 5.5E-07 265.73583183
v 397.60624001 198.93521134 264.08553102
v -81.67156194 201.99999141 265.73574966
v -81.67155386 -1.861E-05 265.73574083
v 81.67174756 -1.207E-05 265.73577186
v 81.67173948 201.99999794 265.73578069
v 81.67173492 315.89019879 265.73578567
v -81.67156649 315.89009093 265.73575464
v 192.17173713 233.90270377 265.73580308
v 202.67173576 315.89020363 265.73580866
v 192.17173457 297.90270159 265.73580588
v 192.67173833 192.00000298 265.73580135
v 192.67174601 -7.63E-06 265.73579295
v -397.60605309 202.05367957 265.73568963
v -397.60604501 -3.125E-05 265.7356808
v -202.67165304 -2.345E-05 265.73571784
v -202.67156575 201.99998657 265.73572667
v -92.17156512 233.90269239 265.73574906
v -92.17156768 297.90269022 265.73575185
v -91.67156392 191.9999916 265.73574732
v -91.67155624 -1.901E-05 265.73573893
v 91.67174743 -1.167E-05 265.73577376
v 91.67173975 191.99999894 265.73578216
v -192.67154336 -2.305E-05 265.73571974
v -192.67155104 191.99998756 265.73572813
v 92.17173806 233.90269977 265.73578408
v 92.1717355 297.90269759 265.73578688
v 182.17174031 243.90270352 265.73580162
v 182.17173855 287.90270477 265.73580354
v 102.17173763 243.90270032 265.73578642
v 102.17173587 287.90260024 265.73578834
v -202.67157031 315.89008609 265.73573165
v -192.17156512 233.90268839 265.73573006
v -192.17156768 297.90268622 265.73573285
v -102.1715679 243.90269214 265.73574759
v -102.17156966 287.90269339 265.73574952
v -182.17155121 243.90268894 265.73573239
v -182.17155297 287.90269019 265.73573432
v 397.60629802 315.89012459 -65.81277357
v 397.60629891 293.50002722 -65.81277455
v 397.60631785 293.50003157 -165.46187009
v 397.606336 315.89013333 -265.73557364
v 397.606318 246.50003055 -156.40277676
v 397.60632013 236.5000308 -165.46187258
v 397.60631652 283.50003177 -156.40277514
v 397.60623502 315.8901101 265.7358457
v 397.60625497 293.50001711 165.46214019
v 397.6062739 293.50002146 65.81311618
v 397.60627301 315.89011884 65.81311716
v 397.60627406 246.50002044 74.87211414
v 397.60627618 236.50002069 65.81311369
v 397.60627258 283.50002166 74.87211576
v 397.60630119 236.50002644 -65.81277704
v 397.60630251 246.50002699 -74.87177662
v 397.60630103 283.50002821 -74.871775
v 397.60625725 236.50001633 165.4621377
v 397.60625857 246.50001688 156.40313812
v 397.60625709 283.5000181 156.40313974
v -397.60598234 -1.683E-05 -64.10605218
v -397.60600703 -2.251E-05 65.81285689
v -397.6060151 201.92058816 65.81286572
v -397.60599014 201.82529502 -65.56273319
v -397.60601877 293.49998965 65.81286972
v -397.60599376 293.49999541 -65.81302101
v -397.60599148 236.49999463 -65.8130235
v -397.60601649 236.49998888 65.81286723
v -397.60601966 315.89018836 65.8128707
v -397.60613307 293.4999853 165.4619891
v -397.60605765 315.89017962 265.73569461
v -397.60604501 -3.125E-05 265.7356808
v -397.60605309 202.05367957 265.73568963
v -397.60612947 246.49998507 156.40298703
v -397.60613079 236.49998452 165.46198661
v -397.60613095 283.49998629 156.40298865
v -397.60595218 191.58230207 -263.16700839
v -397.60594403 -8.01E-06 -265.73573853
v -397.60595658 313.57990298 -265.73572483
v -397.60607019 293.49999976 -165.46202118
v -397.60599436 315.89019418 -67.34872178
v -397.60598981 246.49999526 -76.69602058
v -397.60599164 283.4999964 -74.87202146
v -397.60601861 246.49998863 74.87186768
v -397.60602009 283.49998985 74.8718693
v -397.60606791 236.49999899 -165.46202367
v -397.60607003 246.49999874 -156.40302321
v -397.60607151 283.49999996 -156.4030216
v 397.6062776 201.12402177 65.81311214
v 397.60630261 201.10472754 -65.81277859
v -397.60605765 315.89017962 265.73569461
v 397.606336 315.89013333 -265.73557364
v -397.60595658 313.57990298 -265.73572483
v 397.60634059 201.07773538 -265.7333852
v 397.60624001 198.93521134 264.08553102
v 397.29209881 1.504E-05 -65.81278744
v 397.2920738 9.29E-06 65.81310329
v 397.60623502 315.8901101 265.7358457
v 397.29203581 5.5E-07 265.73583183
v 397.60634946 2.398E-05 -270.05825933
v 182.17174309 243.90270416 251.1082019
v 182.17174031 243.90270352 265.73580162
v 182.17173855 287.90270477 265.73580354
v 182.17174133 287.90270541 251.10820383
v -102.17156512 243.90269278 251.10814788
v -102.1715679 243.90269214 265.73574759
v -102.17156966 287.90269339 265.73574952
v -102.17156688 287.90269403 251.1081498
v 192.67174762 -7.26E-06 257.25998862
v 192.67174601 -7.63E-06 265.73579295
v 192.67173833 192.00000298 265.73580135
v 192.67173994 192.00000335 257.25999702
v 102.1717404 243.90270096 251.1081867
v 102.17173763 243.90270032 265.73578642
v 182.17174031 243.90270352 265.73580162
v 182.17174309 243.90270416 251.1082019
v -182.17154843 243.90268958 251.10813268
v -182.17155121 243.90268894 265.73573239
v -102.1715679 243.90269214 265.73574759
v -102.17156512 243.90269278 251.10814788
v 192.67173994 192.00000335 257.25999702
v 192.67173833 192.00000298 265.73580135
v 91.67173975 191.99999894 265.73578216
v 91.67174136 191.99999931 257.25997783
v 182.17174133 287.90270541 251.10820383
v 182.17173855 287.90270477 265.73580354
v 102.17173587 287.90260024 265.73578834
v 102.17173864 287.90260088 251.10818863
v -102.17156688 287.90269403 251.1081498
v -102.17156966 287.90269339 265.73574952
v -182.17155297 287.90269019 265.73573432
v -182.17155019 287.90269083 251.1081346
v -192.67154943 191.99998793 257.2599238
v -192.67155104 191.99998756 265.73572813
v -192.67154336 -2.305E-05 265.73571974
v -192.67154175 -2.268E-05 257.25991541
v -91.67155463 -1.864E-05 257.2599346
v -91.67155624 -1.901E-05 265.73573893
v -91.67156392 191.9999916 265.73574732
v -91.67156231 191.99999197 257.25994299
v -91.67156231 191.99999197 257.25994299
v -91.67156392 191.9999916 265.73574732
v -192.67155104 191.99998756 265.73572813
v -192.67154943 191.99998793 257.2599238
v -182.17155019 287.90269083 251.1081346
v -182.17155297 287.90269019 265.73573432
v -182.17155121 243.90268894 265.73573239
v -182.17154843 243.90268958 251.10813268
v 102.17173864 287.90260088 251.10818863
v 102.17173587 287.90260024 265.73578834
v 102.17173763 243.90270032 265.73578642
v 102.1717404 243.90270096 251.1081867
v 91.67174136 191.99999931 257.25997783
v 91.67173975 191.99999894 265.73578216
v 91.67174743 -1.167E-05 265.73577376
v 91.67174904 -1.13E-05 257.25996943
v -102.17156688 287.90269403 251.1081498
v -182.17155019 287.90269083 251.1081346
v -182.17154843 243.90268958 251.10813268
v -102.17156512 243.90269278 251.10814788
v 182.17174133 287.90270541 251.10820383
v 102.17173864 287.90260088 251.10818863
v 102.1717404 243.90270096 251.1081867
v 182.17174309 243.90270416 251.1082019
v 192.67173994 192.00000335 257.25999702
v 91.67174136 191.99999931 257.25997783
v 91.67174904 -1.13E-05 257.25996943
v 192.67174762 -7.26E-06 257.25998862
v -91.67156231 191.99999197 257.25994299
v -192.67154943 191.99998793 257.2599238
v -192.67154175 -2.268E-05 257.25991541
v -91.67155463 -1.864E-05 257.2599346
v 384.96207851 246.50001993 74.87211174
v 397.60627406 246.50002044 74.87211414
v 397.60627258 283.50002166 74.87211576
v 384.96207703 283.50002116 74.87211336
v 384.96210696 246.50002648 -74.87177902
v 397.60630251 246.50002699 -74.87177662
v 397.606318 246.50003055 -156.40277676
v 384.96212245 246.50003004 -156.40277916
v 384.96206302 246.50001637 156.40313572
v 397.60625857 246.50001688 156.40313812
v 397.60627406 246.50002044 74.87211414
v 384.96207851 246.50001993 74.87211174
v 384.96206154 283.50001759 156.40313734
v 397.60625709 283.5000181 156.40313974
v 397.60625857 246.50001688 156.40313812
v 384.96206302 246.50001637 156.40313572
v 384.96212097 283.50003127 -156.40277754
v 397.60631652 283.50003177 -156.40277514
v 397.60630103 283.50002821 -74.871775
v 384.96210548 283.5000277 -74.8717774
v 384.96212245 246.50003004 -156.40277916
v 397.606318 246.50003055 -156.40277676
v 397.60631652 283.50003177 -156.40277514
v 384.96212097 283.50003127 -156.40277754
v 384.96207703 283.50002116 74.87211336
v 397.60627258 283.50002166 74.87211576
v 397.60625709 283.5000181 156.40313974
v 384.96206154 283.50001759 156.40313734
v 384.96210548 283.5000277 -74.8717774
v 397.60630103 283.50002821 -74.871775
v 397.60630251 246.50002699 -74.87177662
v 384.96210696 246.50002648 -74.87177902
v 384.96207703 283.50002116 74.87211336
v 384.96206154 283.50001759 156.40313734
v 384.96206302 246.50001637 156.40313572
v 384.96207851 246.50001993 74.87211174
v 384.96212097 283.50003127 -156.40277754
v 384.96210548 283.5000277 -74.8717774
v 384.96210696 246.50002648 -74.87177902
v 384.96212245 246.50003004 -156.40277916
v -385.69420098 246.49999922 -156.40302095
v -397.60607003 246.49999874 -156.40302321
v -397.60598981 246.49999526 -76.69602058
v -385.69412111 246.49999565 -74.87202081
v -385.69420246 283.50000044 -156.40301933
v -397.60607151 283.49999996 -156.4030216
v -397.60607003 246.49999874 -156.40302321
v -385.69420098 246.49999922 -156.40302095
v -385.69414956 246.49998911 74.87186995
v -397.60601861 246.49998863 74.87186768
v -397.60612947 246.49998507 156.40298703
v -385.69416505 246.49998554 156.40298929
v -385.69415104 283.49999033 74.87187157
v -397.60602009 283.49998985 74.8718693
v -397.60601861 246.49998863 74.87186768
v -385.69414956 246.49998911 74.87186995
v -385.69412259 283.49999688 -74.8720192
v -397.60599164 283.4999964 -74.87202146
v -397.60607151 283.49999996 -156.4030216
v -385.69420246 283.50000044 -156.40301933
v -385.69412111 246.49999565 -74.87202081
v -397.60598981 246.49999526 -76.69602058
v -397.60599164 283.4999964 -74.87202146
v -385.69412259 283.49999688 -74.8720192
v -385.69416653 283.49998677 156.40299091
v -397.60613095 283.49998629 156.40298865
v -397.60602009 283.49998985 74.8718693
v -385.69415104 283.49999033 74.87187157
v -385.69416505 246.49998554 156.40298929
v -397.60612947 246.49998507 156.40298703
v -397.60613095 283.49998629 156.40298865
v -385.69416653 283.49998677 156.40299091
v -385.69416653 283.49998677 156.40299091
v -385.69415104 283.49999033 74.87187157
v -385.69414956 246.49998911 74.87186995
v -385.69416505 246.49998554 156.40298929
v -385.69412259 283.49999688 -74.8720192
v -385.69420246 283.50000044 -156.40301933
v -385.69420098 246.49999922 -156.40302095
v -385.69412111 246.49999565 -74.87202081
v 366.69252617 422.40641188 234.16912924
v 397.60623076 422.40641173 265.73585035
v 397.60633128 420.54243071 -262.92447096
v 366.69261522 420.54242821 -234.16885969
v 397.60623076 422.40641173 265.73585035
v 397.60623435 332.62081203 265.73584643
v 397.60633533 332.62083526 -265.7355729
v 397.60633128 420.54243071 -262.92447096
v -397.60606167 422.40637998 264.48469314
v -397.60605832 332.62078022 265.73569534
v 397.60623435 332.62081203 265.73584643
v 397.60623076 422.40641173 265.73585035
v -397.60596081 422.40640319 -266.38641206
v -397.60595725 330.31050358 -265.7357241
v -397.60605832 332.62078022 265.73569534
v -397.60606167 422.40637998 264.48469314
v 397.60633128 420.54243071 -262.92447096
v 397.60633533 332.62083526 -265.7355729
v -397.60595725 330.31050358 -265.7357241
v -397.60596081 422.40640319 -266.38641206
v -366.69237194 332.28290457 -234.1690029
v -366.69237554 422.40640301 -234.16899896
v -366.69246429 422.4063826 232.9178884
v -366.69246092 332.2828841 234.16898596
v -366.69246429 422.4063826 232.9178884
v -397.60606167 422.40637998 264.48469314
v -397.60596081 422.40640319 -266.38641206
v -366.69237554 422.40640301 -234.16899896
v -366.69237194 332.28290457 -234.1690029
v -366.69246092 332.2828841 234.16898596
v 366.69252977 332.28291344 234.1691253
v 366.69261876 332.28293391 -234.16886355
v 366.69261876 332.28293391 -234.16886355
v 366.69261522 420.54242821 -234.16885969
v -366.69237554 422.40640301 -234.16899896
v -366.69237194 332.28290457 -234.1690029
v 366.69252977 332.28291344 234.1691253
v 366.69252617 422.40641188 234.16912924
v 366.69261522 420.54242821 -234.16885969
v 366.69261876 332.28293391 -234.16886355
v -366.69246092 332.2828841 234.16898596
v -366.69246429 422.4063826 232.9178884
v 366.69252617 422.40641188 234.16912924
v 366.69252977 332.28291344 234.1691253
v -416.91539341 312.82637954 296.78818485
v -416.91539416 331.44397974 296.78818567
v -416.91528472 329.4164039 -278.7874284
v -416.91528397 310.7988037 -278.78742921
v -416.91528397 310.7988037 -278.78742921
v -416.91528472 329.4164039 -278.7874284
v 416.91564402 331.13963734 -278.78726989
v 416.9156447 313.99983893 -278.78727064
v 416.9156447 313.99983893 -278.78727064
v 416.91564402 331.13963734 -278.78726989
v 416.91553463 331.88511131 296.78834412
v 416.91553537 313.26751111 296.7883433
v 416.91553537 313.26751111 296.7883433
v 416.91553463 331.88511131 296.78834412
v -416.91539416 331.44397974 296.78818567
v -416.91539341 312.82637954 296.78818485
v 395.08703368 314.00001114 261.44183116
v 416.91553537 313.26751111 296.7883433
v -416.91539341 312.82637954 296.78818485
v -395.08687837 313.99997953 261.44168103
v 416.9156447 313.99983893 -278.78727064
v 395.08713303 314.000034 -261.44156022
v -395.08677902 314.00000239 -261.44171035
v -416.91528397 310.7988037 -278.78742921
v 397.60623435 332.62081203 265.73584643
v -397.60605832 332.62078022 265.73569534
v -416.91539416 331.44397974 296.78818567
v 416.91553463 331.88511131 296.78834412
v 397.60633533 332.62083526 -265.7355729
v 416.91564402 331.13963734 -278.78726989
v -416.91528472 329.4164039 -278.7874284
v -397.60595725 330.31050358 -265.7357241
v -109.86081539 129.79058475 530.04253004
v -106.6387979 129.79058602 503.8775303
v -371.02971957 131.6474747 503.92018091
v -394.83381696 133.09577012 529.84177602
v 397.01050314 125.12760242 532.5395258
v 397.32443181 129.79061661 265.19753604
v 376.29844101 129.79061592 261.83802353
v 376.22088491 125.12760275 506.07762183
v -373.44556948 129.79058581 264.53947353
v -397.32433458 129.79058485 264.53946899
v 376.2984436 64.8953079 261.8380207
v 376.22088779 64.89529733 503.60281944
v 376.22088491 125.12760275 506.07762183
v 376.29844101 129.79061592 261.83802353
v -371.02971724 64.89526735 505.68867761
v -373.44556688 64.89527779 264.53947069
v -373.44556948 129.79058581 264.53947353
v -371.02971957 131.6474747 503.92018091
v 376.22088779 64.89529733 503.60281944
v 110.66569968 64.8952867 503.84646854
v 110.00169683 129.79059468 504.08837223
v 376.22088491 125.12760275 506.07762183
v 397.01050602 64.895297 530.06472342
v 397.3244344 64.89530859 265.19753321
v 397.32443181 129.79061661 265.19753604
v 397.01050314 125.12760242 532.5395258
v -397.32433199 64.89527684 264.53946615
v -394.83381457 64.89526526 531.61027265
v -394.83381696 133.09577012 529.84177602
v -397.32433458 129.79058485 264.53946899
v -394.83381457 64.89526526 531.61027265
v -109.86081283 64.89527672 530.21712709
v -109.86081539 129.79058475 530.04253004
v -394.83381696 133.09577012 529.84177602
v -397.32437984 -4.279E-05 530.06456966
v -110.05979435 -3.13E-05 530.06462424
v -397.32432939 -3.118E-05 264.53946332
v -397.32437984 -4.279E-05 530.06456966
v -373.48437667 -4.07E-05 504.14297388
v -373.44556429 -3.023E-05 264.53946785
v 397.01050862 -1.101E-05 530.06472058
v 397.324437 5.8E-07 265.19753037
v 376.22089038 -1.069E-05 503.60281661
v 110.66570228 -2.132E-05 503.8464657
v 110.00169683 129.79059468 504.08837223
v 110.66569968 64.8952867 503.84646854
v 110.75390014 64.89528681 501.27126925
v 110.08989728 129.79059479 501.56047221
v 376.2984462 -1.2E-07 261.83801786
v 376.22089038 -1.069E-05 503.60281661
v -106.83789607 -3.002E-05 503.89952466
v -373.48437667 -4.07E-05 504.14297388
v -371.02971724 64.89526735 505.68867761
v -106.63879533 64.89527799 504.05202751
v 110.66570228 -2.132E-05 503.8464657
v 110.75390274 -2.121E-05 501.27126641
v 110.11849685 -2.249E-05 530.06466607
v 110.11849443 64.89528557 529.15796901
v 110.2030938 64.89528546 531.70436886
v 110.20309622 -2.26E-05 532.61106592
v -371.02971957 131.6474747 503.92018091
v -106.6387979 129.79058602 503.8775303
v -109.9581145 129.79058463 532.59402977
v -106.71490062 129.79058613 501.31753016
v -106.6387979 129.79058602 503.8775303
v -109.86081539 129.79058475 530.04253004
v 110.11849685 -2.249E-05 530.06466607
v 397.01050862 -1.101E-05 530.06472058
v 397.01050602 64.895297 530.06472342
v 110.11849443 64.89528557 529.15796901
v -106.63879533 64.89527799 504.05202751
v -106.6387979 129.79058602 503.8775303
v -106.71490062 129.79058613 501.31753016
v -106.71489806 64.8952781 501.52612719
v 87.11939673 -2.352E-05 532.61106153
v 89.07890277 -2.207E-05 501.3028617
v 89.13230208 -2.218E-05 503.872862
v 87.18559711 -2.341E-05 530.06466171
v 397.01050314 125.12760242 532.5395258
v 109.4544914 129.79059351 530.30657148
v 110.00169683 129.79059468 504.08837223
v 109.4544914 129.79059351 530.30657148
v -109.86081539 129.79058475 530.04253004
v -109.86081283 64.89527672 530.21712709
v -109.95811194 64.8952766 532.80252696
v -109.9581145 129.79058463 532.59402977
v -84.8898918 -2.903E-05 501.31202862
v -86.84940045 -3.048E-05 532.62032904
v -86.90310375 -3.037E-05 530.06462864
v -84.95629187 -2.915E-05 503.87282892
v 109.4544914 129.79059351 530.30657148
v 110.00169683 129.79059468 504.08837223
v 110.08989728 129.79059479 501.56047221
v 109.53909076 129.7905934 532.90027171
v -110.05979435 -3.13E-05 530.06462424
v -110.15840476 -3.141E-05 532.62032461
v 109.4544914 129.79059351 530.30657148
v 109.53909076 129.7905934 532.90027171
v -106.83789607 -3.002E-05 503.89952466
v -106.91519088 -2.992E-05 501.343825
v -84.889897 129.790587 501.31203429
v -106.71490062 129.79058613 501.31753016
v -106.71490505 240.42748152 501.317535
v -84.88990142 240.4274824 501.31203913
v 87.11939431 64.89528454 531.70436447
v 110.2030938 64.89528546 531.70436886
v 109.53909076 129.7905934 532.90027171
v 87.11939154 129.79059251 532.61106721
v -84.88979903 64.89527898 501.31203146
v -106.71489806 64.8952781 501.52612719
v -86.84940305 64.89527754 532.62033188
v -84.88979903 64.89527898 501.31203146
v -84.889897 129.790587 501.31203429
v -86.84940564 129.79058555 532.62033471
v 89.07890017 64.89528594 501.30286453
v 87.11939431 64.89528454 531.70436447
v 87.11939154 129.79059251 532.61106721
v 89.07889757 129.79059396 501.30286737
v -86.84940045 -3.048E-05 532.62032904
v -84.8898918 -2.903E-05 501.31202862
v -84.8898918 -2.903E-05 501.31202862
v -106.91519088 -2.992E-05 501.343825
v 89.07890277 -2.207E-05 501.3028617
v 87.11939673 -2.352E-05 532.61106153
v 87.11939673 -2.352E-05 532.61106153
v 110.20309622 -2.26E-05 532.61106592
v -110.15840476 -3.141E-05 532.62032461
v -86.84940045 -3.048E-05 532.62032904
v -86.84940305 64.89527754 532.62033188
v -109.95811194 64.8952766 532.80252696
v -86.84940564 129.79058555 532.62033471
v -109.9581145 129.79058463 532.59402977
v 110.08989728 129.79059479 501.56047221
v 89.07889757 129.79059396 501.30286737
v 89.07889319 239.43648934 501.30287216
v 110.08659394 235.42519024 501.56047682
v 110.75390274 -2.121E-05 501.27126641
v 89.07890277 -2.207E-05 501.3028617
v 89.07890017 64.89528594 501.30286453
v 110.75390014 64.89528681 501.27126925
v 109.53578722 240.42748879 532.90027655
v 110.08659394 235.42519024 501.56047682
v 89.07889319 239.43648934 501.30287216
v 87.11938715 239.43648789 532.611072
v -86.84941007 240.42748095 532.62033955
v -84.88990142 240.4274824 501.31203913
v -106.71490505 240.42748152 501.317535
v -109.95811868 234.36207984 532.59403434
v 109.53909076 129.7905934 532.90027171
v 110.08989728 129.79059479 501.56047221
v 110.08659394 235.42519024 501.56047682
v 109.53578722 240.42748879 532.90027655
v 87.11938715 239.43648789 532.611072
v 89.07889319 239.43648934 501.30287216
v -86.84941007 240.42748095 532.62033955
v -109.95811868 234.36207984 532.59403434
v 109.53578722 240.42748879 532.90027655
v 87.11938715 239.43648789 532.611072
v -106.71490062 129.79058613 501.31753016
v -109.9581145 129.79058463 532.59402977
v -109.95811868 234.36207984 532.59403434
v -106.71490505 240.42748152 501.317535
v -84.88990142 240.4274824 501.31203913
v -86.84941007 240.42748095 532.62033955
v -395.40796216 -22.71049813 -266.18902051
v 397.32744847 -22.71046622 -270.88876766
v -397.60600617 -21.38922081 65.81285596
v -397.60598149 -21.38921513 -64.10605311
v 397.29209966 -21.38918326 -65.81278837
v 397.29207465 -21.38918901 65.81310236
v -397.60619245 -4.322E-05 539.79086969
v -397.6060419 -3.053E-05 249.33737014
v -397.60604099 -22.71052076 249.33736915
v -399.25461745 -22.71053348 539.01496791
v 397.29198476 -22.71050163 539.24412029
v 397.29203984 -22.71048896 249.33752018
v 397.29203893 1.27E-06 249.33752117
v 397.29198374 -1.143E-05 539.79112056
v -399.25461745 -22.71053348 539.01496791
v 397.29198476 -22.71050163 539.24412029
v 397.29198374 -1.143E-05 539.79112056
v -397.60619245 -4.322E-05 539.79086969
v -397.6060419 -3.053E-05 249.33737014
v -397.60619245 -4.322E-05 539.79086969
v 397.29198374 -1.143E-05 539.79112056
v 397.29203893 1.27E-06 249.33752117
v -87.31451262 251.05488193 507.18503975
v -88.44510505 251.05488197 505.10833921
v -89.49980965 261.25118178 505.10833945
v -88.3692053 261.25118174 507.18504
v -89.5756029 251.05488184 507.18503932
v -90.6303075 261.25118165 507.18503957
v -88.3692053 261.25118174 507.18504
v -89.49980965 261.25118178 505.10833945
v -90.6303075 261.25118165 507.18503957
v -88.44510456 238.86978207 505.10833868
v -89.57560241 238.86978193 507.18503879
v -87.31451214 238.86978202 507.18503922
v -90.31900724 251.05488105 524.48423903
v -92.27721078 251.05488092 525.68313864
v -92.27721086 265.75567973 522.97223934
v -90.31900731 265.75567986 521.7734398
v -90.3190077 251.05488095 526.88213892
v -90.31900777 265.75567976 524.17123967
v -90.31900731 265.75567986 521.7734398
v -92.27721086 265.75567973 522.97223934
v -90.31900777 265.75567976 524.17123967
v -92.2772103 238.86978101 525.68313811
v -90.31900721 238.86978104 526.88213839
v -90.31900675 238.86978114 524.4842385
v -103.05980672 251.0548813 507.18503676
v -104.19041107 251.05488134 505.10833622
v -104.1904111 263.24008101 502.72423739
v -103.05980675 263.24008096 504.8008366
v -105.32090892 251.05488121 507.18503633
v -105.32090895 263.24008087 504.80083617
v -103.05980675 263.24008096 504.8008366
v -104.1904111 263.24008101 502.72423739
v -105.32090895 263.24008087 504.80083617
v -104.19041058 238.86978144 505.10833568
v -105.32090843 238.8697813 507.1850358
v -103.05980623 238.86978139 507.18503623
v -104.72480612 255.11818131 523.47663653
v -106.6829143 255.11818118 524.67553609
v -106.68291536 265.57578019 528.03963648
v -104.72480718 265.57578032 526.84073692
v -104.72480658 255.1181812 525.87453642
v -104.72480764 265.57578022 529.23853697
v -104.72480718 265.57578032 526.84073692
v -106.68291536 265.57578019 528.03963648
v -104.72480764 265.57578022 529.23853697
v -106.68291368 234.96948028 525.6831352
v -104.72480596 234.96948031 526.88213548
v -104.72480657 247.15458038 527.48103603
v -106.68291429 247.15458035 526.28213573
v -104.72480551 234.96948042 524.48423559
v -104.72480611 247.15458048 525.0832361
v 109.80729029 255.17738985 509.19777723
v 108.67679174 255.17738989 507.12117652
v 107.81979164 273.04009143 503.61257804
v 108.95039152 273.04009138 505.68917725
v 107.54619107 255.17738976 509.1977768
v 106.68929081 273.04009129 505.68917683
v 108.95039152 273.04009138 505.68917725
v 107.81979164 273.04009143 503.61257804
v 106.68929081 273.04009129 505.68917683
v 106.76979265 235.77388972 506.71557614
v 105.63929182 235.77388959 508.79227625
v 107.90039253 235.77388968 508.79227668
v 107.00058776 256.97998843 525.96717673
v 105.04238719 256.9799883 527.16617641
v 105.04238686 277.54458924 524.57947729
v 107.00058743 277.54458937 523.38067757
v 107.0005873 256.97998833 528.36507672
v 107.00058697 277.54458926 525.77847766
v 107.00058743 277.54458937 523.38067757
v 105.04238686 277.54458924 524.57947729
v 107.00058697 277.54458926 525.77847766
v 105.04238789 238.86978884 527.29037568
v 107.000588 238.86978886 528.48937582
v 107.00058846 238.86978897 526.09147593
v 94.25969097 255.95298872 508.79227497
v 93.1291914 255.95298877 506.71557443
v 93.12919109 275.02888919 504.33147441
v 94.25969066 275.02888914 506.40807511
v 91.99869103 255.95298863 508.79227454
v 91.99869072 275.02888905 506.40807468
v 94.25969066 275.02888914 506.40807511
v 93.12919109 275.02888919 504.33147441
v 91.99869072 275.02888905 506.40807468
v 93.12919212 237.88288926 506.71557364
v 91.99869176 237.88288913 508.79227375
v 94.2596917 237.88288922 508.79227418
v 52.62338331 102.81858116 583.35055866
v 53.33368285 102.81858118 583.72996024
v 53.33368257 109.75478561 583.72996054
v 52.62338303 109.7547856 583.35055896
v 56.9233828 102.81858161 577.00866103
v 56.21308326 102.8185816 576.62936078
v 56.21308298 109.75478604 576.62936108
v 56.92338252 109.75478605 577.00866133
v 53.33368285 102.81858118 583.72996024
v 56.9233828 102.81858161 577.00866103
v 56.92338252 109.75478605 577.00866133
v 53.33368257 109.75478561 583.72996054
v 53.33368285 102.81858118 583.72996024
v 52.62338331 102.81858116 583.35055866
v 56.21308326 102.8185816 576.62936078
v 56.9233828 102.81858161 577.00866103
v 56.92338252 109.75478605 577.00866133
v 56.21308298 109.75478604 576.62936108
v 52.62338303 109.7547856 583.35055896
v 53.33368257 109.75478561 583.72996054
v 83.2416899 223.30658801 520.92777079
v 81.97878979 223.30658799 520.25327061
v 81.97879401 117.8755886 520.253266
v 83.24169411 117.87558862 520.92776618
v 47.63908371 0.09657934 595.87845415
v 47.63907914 114.37308386 595.87845915
v 42.93168061 114.37308378 593.36425685
v 42.93168518 0.09657926 593.36425186
v 88.97969949 0.09658438 518.47346227
v 84.2722 0.0965843 515.95916088
v 84.27219543 114.37308882 515.95926646
v 88.97969492 114.3730889 518.47346727
v 84.27219088 228.19248829 515.95917085
v 88.97969037 228.19248837 518.47347224
v 47.63908371 0.09657934 595.87845415
v 42.93168518 0.09657926 593.36425186
v 84.2722 0.0965843 515.95916088
v 88.97969949 0.09658438 518.47346227
v 45.22498221 110.44787978 589.07015969
v 42.93168061 114.37308378 593.36425685
v 84.27219543 114.37308882 515.95926646
v 81.97879431 110.44788426 520.25326568
v 88.97969037 228.19248837 518.47347224
v 84.27219088 228.19248829 515.95917085
v 42.93167605 228.19248326 593.36426183
v 47.63907459 228.19248333 595.87846412
v 47.63907459 228.19248333 595.87846412
v 42.93167605 228.19248326 593.36426183
v 49.93248177 117.8755842 591.58445768
v 47.63907914 114.37308386 595.87845915
v 88.97969492 114.3730889 518.47346727
v 86.68629387 117.87558867 522.76746681
v 86.68628965 223.30658807 522.76747142
v 88.97969037 228.19248837 518.47347224
v 47.63907459 228.19248333 595.87846412
v 49.93247756 223.30658359 591.58446229
v 49.93248207 110.44787986 591.58445736
v 47.63908371 0.09657934 595.87845415
v 49.93248629 4.98249156 591.58445275
v 85.42349464 110.44788432 522.0929663
v 86.68629417 110.44788434 522.76746648
v 49.93248207 110.44787986 591.58445736
v 48.66968031 110.44787984 590.90995903
v 48.6696758 223.30658357 590.90996397
v 49.93247756 223.30658359 591.58446229
v 49.93248177 117.8755842 591.58445768
v 48.66968002 117.87558417 590.90995936
v 83.24169863 4.98249598 520.92776125
v 81.97879852 4.98249596 520.25326107
v 45.22498643 4.98249148 589.07015508
v 46.48788653 4.98249151 589.7446534
v 86.68629417 110.44788434 522.76746648
v 86.68629838 4.98249604 522.76746187
v 88.97969949 0.09658438 518.47346227
v 45.22498643 4.98249148 589.07015508
v 42.93168518 0.09657926 593.36425186
v 84.2722 0.0965843 515.95916088
v 81.97879852 4.98249596 520.25326107
v 45.22497769 223.30658352 589.07016462
v 42.93167605 228.19248326 593.36426183
v 84.27219088 228.19248829 515.95917085
v 81.97878979 223.30658799 520.25327061
v 45.22498191 117.87558412 589.07016002
v 81.97879401 117.8755886 520.253266
v 83.24169411 117.87558862 520.92776618
v 46.48788202 117.87558414 589.74465834
v 46.4878778 223.30658354 589.74466295
v 83.2416899 223.30658801 520.92777079
v 48.66968453 4.98249154 590.90995442
v 85.42349886 4.98249602 522.09296169
v 85.42349464 110.44788432 522.0929663
v 48.66968031 110.44787984 590.90995903
v 48.66968002 117.87558417 590.90995936
v 85.42349435 117.87558865 522.09296662
v 85.42349013 223.30658805 522.09297123
v 48.6696758 223.30658357 590.90996397
v 83.24169863 4.98249598 520.92776125
v 46.48788653 4.98249151 589.7446534
v 46.48788231 110.4478798 589.74465801
v 83.24169441 110.44788428 520.92776586
v 46.48788231 110.4478798 589.74465801
v 45.22498221 110.44787978 589.07015969
v 81.97879431 110.44788426 520.25326568
v 83.24169441 110.44788428 520.92776586
v 83.24169441 110.44788428 520.92776586
v 81.97879431 110.44788426 520.25326568
v 81.97879852 4.98249596 520.25326107
v 83.24169863 4.98249598 520.92776125
v 48.66968031 110.44787984 590.90995903
v 49.93248207 110.44787986 591.58445736
v 49.93248629 4.98249156 591.58445275
v 48.66968453 4.98249154 590.90995442
v 85.42349013 223.30658805 522.09297123
v 86.68628965 223.30658807 522.76747142
v 49.93247756 223.30658359 591.58446229
v 48.6696758 223.30658357 590.90996397
v 46.48788653 4.98249151 589.7446534
v 45.22498643 4.98249148 589.07015508
v 45.22498221 110.44787978 589.07015969
v 46.48788231 110.4478798 589.74465801
v 85.42349435 117.87558865 522.09296662
v 86.68629387 117.87558867 522.76746681
v 86.68628965 223.30658807 522.76747142
v 85.42349013 223.30658805 522.09297123
v 46.4878778 223.30658354 589.74466295
v 45.22497769 223.30658352 589.07016462
v 81.97878979 223.30658799 520.25327061
v 83.2416899 223.30658801 520.92777079
v 85.42349886 4.98249602 522.09296169
v 86.68629838 4.98249604 522.76746187
v 86.68629417 110.44788434 522.76746648
v 85.42349464 110.44788432 522.0929663
v 48.66968453 4.98249154 590.90995442
v 49.93248629 4.98249156 591.58445275
v 86.68629838 4.98249604 522.76746187
v 85.42349886 4.98249602 522.09296169
v 48.66968002 117.87558417 590.90995936
v 49.93248177 117.8755842 591.58445768
v 86.68629387 117.87558867 522.76746681
v 85.42349435 117.87558865 522.09296662
v 46.48788202 117.87558414 589.74465834
v 45.22498191 117.87558412 589.07016002
v 45.22497769 223.30658352 589.07016462
v 46.4878778 223.30658354 589.74466295
v 83.24169411 117.87558862 520.92776618
v 81.97879401 117.8755886 520.253266
v 45.22498191 117.87558412 589.07016002
v 46.48788202 117.87558414 589.74465834
v 57.92768459 112.89208841 578.65156237
v 57.06818232 112.89208831 580.26086377
v 57.27598197 112.95338573 580.37185958
v 58.13548424 112.95338583 578.76265951
v 56.61498492 100.32537878 580.01876099
v 56.40718229 100.263986 579.90786055
v 57.36608415 102.1644802 578.35176235
v 57.57398513 102.22588491 578.46275816
v 56.40718229 100.263986 579.90786055
v 57.06818232 112.89208831 580.26086377
v 57.92768459 112.89208841 578.65156237
v 57.36608415 102.1644802 578.35176235
v 55.56278375 100.32537866 581.98896252
v 56.22388213 112.9533856 582.34195979
v 55.36438285 112.9533855 583.95115986
v 54.80288374 102.22588457 583.65125852
v 54.80288374 102.22588457 583.65125852
v 55.36438285 112.9533855 583.95115986
v 55.1565832 112.89208808 583.84015809
v 54.59498276 102.16447986 583.5402627
v 57.36608415 102.1644802 578.35176235
v 57.92768459 112.89208841 578.65156237
v 58.13548424 112.95338583 578.76265951
v 57.57398513 102.22588491 578.46275816
v 57.57398513 102.22588491 578.46275816
v 58.13548424 112.95338583 578.76265951
v 57.27598197 112.95338573 580.37185958
v 56.61498492 100.32537878 580.01876099
v 56.24008294 108.91458682 581.80266275
v 56.00378351 104.39998797 581.67646159
v 54.59498276 102.16447986 583.5402627
v 55.1565832 112.89208808 583.84015809
v 56.01598413 112.89208818 582.23095801
v 55.3549841 100.26398587 581.87796075
v 56.63078268 108.88567863 580.57526013
v 56.39448325 104.37107978 580.44905898
v 55.3549841 100.26398587 581.87796075
v 55.56278375 100.32537866 581.98896252
v 55.56278375 100.32537866 581.98896252
v 55.3549841 100.26398587 581.87796075
v 56.01598413 112.89208818 582.23095801
v 55.1565832 112.89208808 583.84015809
v 55.36438285 112.9533855 583.95115986
v 56.22388213 112.9533856 582.34195979
v 56.60058417 104.39998804 580.55905939
v 55.79768259 104.37107971 581.56635985
v 56.8368836 108.91458689 580.68526055
v 56.03398202 108.88567856 581.69256101
v 56.03398202 108.88567856 581.69256101
v 56.24008294 108.91458682 581.80266275
v 56.00378351 104.39998797 581.67646159
v 55.79768259 104.37107971 581.56635985
v 55.79768259 104.37107971 581.56635985
v 56.00378351 104.39998797 581.67646159
v 56.60058417 104.39998804 580.55905939
v 56.39448325 104.37107978 580.44905898
v 56.39448325 104.37107978 580.44905898
v 56.60058417 104.39998804 580.55905939
v 56.8368836 108.91458689 580.68526055
v 56.63078268 108.88567863 580.57526013
v 56.63078268 108.88567863 580.57526013
v 56.8368836 108.91458689 580.68526055
v 56.24008294 108.91458682 581.80266275
v 56.03398202 108.88567856 581.69256101
v 49.53478131 113.14057914 594.64655662
v 48.72698045 114.40108624 594.21506061
v 63.81008721 114.40108807 565.97386124
v 64.61788509 113.14058098 566.40526188
v 50.84188121 113.62208933 595.34465841
v 49.53478131 113.14057914 594.64655662
v 64.61788509 113.14058098 566.40526188
v 65.92498499 113.62209117 567.10336367
v 50.84188115 115.18008322 595.34465847
v 50.84188121 113.62208933 595.34465841
v 65.92498499 113.62209117 567.10336367
v 65.92498493 115.18008505 567.10336374
v 65.92498499 113.62209117 567.10336367
v 64.61788509 113.14058098 566.40526188
v 63.81008721 114.40108807 565.97386124
v 64.61788499 115.66158327 566.40526199
v 65.92498493 115.18008505 567.10336374
v 49.53478121 115.66158144 594.64655673
v 50.84188115 115.18008322 595.34465847
v 65.92498493 115.18008505 567.10336374
v 64.61788499 115.66158327 566.40526199
v 49.53478121 115.66158144 594.64655673
v 64.61788499 115.66158327 566.40526199
v 49.53478121 115.66158144 594.64655673
v 48.72698045 114.40108624 594.21506061
v 49.53478131 113.14057914 594.64655662
v 50.84188121 113.62208933 595.34465841
v 50.84188115 115.18008322 595.34465847
v 50.78548137 113.11637991 589.92356229
v 49.93158194 113.11637981 591.52245672
v 50.86488033 112.94468269 592.02096034
v 51.71888108 112.94468279 590.42195861
v 52.37508005 113.50098478 592.82745918
v 53.22908081 113.50098489 591.22855878
v 53.22908081 113.50098489 591.22855878
v 52.37508005 113.50098478 592.82745918
v 52.37507998 115.30118811 592.82745925
v 53.22908074 115.30118821 591.22855886
v 53.22908074 115.30118821 591.22855886
v 52.37507998 115.30118811 592.82745925
v 50.86488021 115.85747823 592.02096046
v 51.71888096 115.85747833 590.42195874
v 49.93158183 115.91308935 591.52245684
v 50.78548126 115.91308945 589.92356241
v 58.29408326 115.85747913 578.11076366
v 54.91078235 115.85747872 584.44556255
v 53.97738265 115.91308984 583.94705893
v 57.36078489 115.91309025 577.61226004
v 59.80428311 113.50098569 578.91726238
v 56.4209822 113.50098527 585.25216259
v 56.42098212 115.3011886 585.25216267
v 59.80428304 115.30118901 578.91726245
v 58.29408338 112.94468359 578.11076354
v 54.91078247 112.94468318 584.44556242
v 56.4209822 113.50098527 585.25216259
v 59.80428311 113.50098569 578.91726238
v 57.360785 113.11638072 577.61225992
v 53.97738276 113.1163803 583.94705881
v 59.80428304 115.30118901 578.91726245
v 56.42098212 115.3011886 585.25216267
v 50.88758077 112.86388263 591.95336271
v 49.90378236 113.04487808 591.42795951
v 50.69158021 113.04487818 589.95295928
v 51.6753816 112.86388273 590.47845785
v 52.47948058 113.45028508 592.80355773
v 53.26718008 113.45028517 591.3285575
v 52.4794805 115.34778702 592.80355781
v 52.47948058 113.45028508 592.80355773
v 53.26718008 113.45028517 591.3285575
v 53.26718 115.34778712 591.32855758
v 50.88758065 115.93418941 591.95336284
v 52.4794805 115.34778702 592.80355781
v 53.26718 115.34778712 591.32855758
v 51.67538148 115.93418951 590.47845798
v 49.90378224 115.99278076 591.42795964
v 50.69158009 115.99278086 589.95295941
v 49.90378224 115.99278076 591.42795964
v 49.93158183 115.91308935 591.52245684
v 50.86488021 115.85747823 592.02096046
v 50.88758065 115.93418941 591.95336284
v 52.37507998 115.30118811 592.82745925
v 52.4794805 115.34778702 592.80355781
v 50.88758077 112.86388263 591.95336271
v 50.86488033 112.94468269 592.02096034
v 49.93158194 113.11637981 591.52245672
v 49.90378236 113.04487808 591.42795951
v 52.37508005 113.50098478 592.82745918
v 52.47948058 113.45028508 592.80355773
v 51.71888096 115.85747833 590.42195874
v 50.78548126 115.91308945 589.92356241
v 53.22908074 115.30118821 591.22855886
v 50.69158021 113.04487818 589.95295928
v 50.78548137 113.11637991 589.92356229
v 51.71888108 112.94468279 590.42195861
v 51.6753816 112.86388273 590.47845785
v 53.22908081 113.50098489 591.22855878
v 53.22908074 115.30118821 591.22855886
v 51.71888108 112.94468279 590.42195861
v 53.22908081 113.50098489 591.22855878
v 54.97038118 112.86388313 584.30896051
v 53.98658277 113.04487858 583.78346194
v 57.22988424 113.04487897 577.71076253
v 58.21368265 112.86388353 578.2362611
v 56.56218264 113.45028557 585.15916149
v 59.80548411 113.45028597 579.08636075
v 56.56218256 115.34778752 585.15916157
v 56.56218264 113.45028557 585.15916149
v 59.80548411 113.45028597 579.08636075
v 59.80558238 115.34778791 579.08636083
v 54.97038106 115.93418991 584.30896064
v 56.56218256 115.34778752 585.15916157
v 59.80558238 115.34778791 579.08636083
v 58.21368253 115.9341903 578.23626123
v 53.98658265 115.99278126 583.78356339
v 57.22988412 115.99278165 577.71076266
v 53.97738265 115.91308984 583.94705893
v 54.91078235 115.85747872 584.44556255
v 56.42098212 115.3011886 585.25216267
v 54.91078247 112.94468318 584.44556242
v 53.97738276 113.1163803 583.94705881
v 56.56218256 115.34778752 585.15916157
v 56.42098212 115.3011886 585.25216267
v 56.4209822 113.50098527 585.25216259
v 56.56218264 113.45028557 585.15916149
v 58.29408326 115.85747913 578.11076366
v 57.36078489 115.91309025 577.61226004
v 56.4209822 113.50098527 585.25216259
v 59.80428304 115.30118901 578.91726245
v 57.360785 113.11638072 577.61225992
v 58.29408338 112.94468359 578.11076354
v 59.80428311 113.50098569 578.91726238
v 59.80428304 115.30118901 578.91726245
v 59.80428311 113.50098569 578.91726238
v 62.33568546 113.11638132 568.29716055
v 61.48178604 113.11638122 569.89606095
v 62.41508442 112.94468409 570.39456158
v 63.26908517 112.9446842 568.79566119
v 63.92528415 113.50098619 571.20116175
v 64.7792849 113.50098629 569.60226136
v 64.7792849 113.50098629 569.60226136
v 63.92528415 113.50098619 571.20116175
v 63.92528408 115.30118951 571.20116183
v 64.77928483 115.30118962 569.60226144
v 64.77928483 115.30118962 569.60226144
v 63.92528408 115.30118951 571.20116183
v 62.4150843 115.85747964 570.39456171
v 63.26908506 115.85747974 568.79566132
v 61.48178593 115.91309076 569.89606107
v 62.33568535 115.91309086 568.29716068
v 62.43788619 112.86388404 570.3270623
v 61.45398645 113.04487949 569.80166208
v 62.2417843 113.04487958 568.32666185
v 63.2255857 112.86388414 568.8521634
v 64.02968467 113.45028648 571.17716196
v 64.81738417 113.45028658 569.70226305
v 64.0296846 115.34778843 571.17716204
v 64.02968467 113.45028648 571.17716196
v 64.81738417 113.45028658 569.70226305
v 64.8173841 115.34778852 569.70226314
v 62.43788607 115.93419082 570.32706244
v 64.0296846 115.34778843 571.17716204
v 64.8173841 115.34778852 569.70226314
v 63.22558557 115.93419091 568.85216354
v 61.45398634 115.99278217 569.80166221
v 62.24178419 115.99278226 568.32666198
v 61.45398634 115.99278217 569.80166221
v 61.48178593 115.91309076 569.89606107
v 62.4150843 115.85747964 570.39456171
v 62.43788607 115.93419082 570.32706244
v 63.92528408 115.30118951 571.20116183
v 64.0296846 115.34778843 571.17716204
v 62.43788619 112.86388404 570.3270623
v 62.41508442 112.94468409 570.39456158
v 61.48178604 113.11638122 569.89606095
v 61.45398645 113.04487949 569.80166208
v 63.92528415 113.50098619 571.20116175
v 64.02968467 113.45028648 571.17716196
v 63.26908506 115.85747974 568.79566132
v 62.33568535 115.91309086 568.29716068
v 64.77928483 115.30118962 569.60226144
v 62.2417843 113.04487958 568.32666185
v 62.33568546 113.11638132 568.29716055
v 63.26908517 112.9446842 568.79566119
v 63.2255857 112.86388414 568.8521634
v 64.7792849 113.50098629 569.60226136
v 64.77928483 115.30118962 569.60226144
v 63.26908517 112.9446842 568.79566119
v 64.7792849 113.50098629 569.60226136
v 56.56128367 108.35948882 580.66416042
v 56.06928291 108.35948876 581.58536204
v 54.77468208 108.27297856 580.89395983
v 55.26668284 108.27297862 579.97275822
v 57.92758303 105.55978715 581.3938585
v 57.43558228 105.55978709 582.31506012
v 57.54348149 107.62108261 582.37276348
v 58.03548225 107.62108267 581.45146054
v 56.38668393 105.02417979 580.5708611
v 55.89468318 105.02417973 581.49215807
v 57.43558228 105.55978709 582.31506012
v 57.92758303 105.55978715 581.3938585
v 55.29628262 105.28338845 579.98845795
v 54.80428187 105.28338839 580.90965957
v 58.03548225 107.62108267 581.45146054
v 57.54348149 107.62108261 582.37276348
v 55.88958401 104.93238858 581.46496047
v 54.74938302 105.20568778 580.85596173
v 55.22108243 105.20568783 579.9728594
v 56.36128341 104.93238864 580.58185814
v 57.51378357 105.49688036 582.33236336
v 57.98548297 105.49688041 581.44926103
v 57.62748231 107.66968424 582.39316021
v 57.51378357 105.49688036 582.33236336
v 57.98548297 105.49688041 581.44926103
v 58.09918172 107.66968429 581.51006384
v 56.07368174 108.44798974 581.56326064
v 57.62748231 107.66968424 582.39316021
v 58.09918172 107.66968429 581.51006384
v 56.54528279 108.4479898 580.68006294
v 54.72888188 108.36828639 580.84506017
v 55.20058427 108.36828644 579.96195785
v 54.72888188 108.36828639 580.84506017
v 54.77468208 108.27297856 580.89395983
v 56.06928291 108.35948876 581.58536204
v 56.07368174 108.44798974 581.56326064
v 57.54348149 107.62108261 582.37276348
v 57.62748231 107.66968424 582.39316021
v 55.88958401 104.93238858 581.46496047
v 55.89468318 105.02417973 581.49215807
v 54.80428187 105.28338839 580.90965957
v 54.74938302 105.20568778 580.85596173
v 57.43558228 105.55978709 582.31506012
v 57.51378357 105.49688036 582.33236336
v 56.54528279 108.4479898 580.68006294
v 56.56128367 108.35948882 580.66416042
v 55.26668284 108.27297862 579.97275822
v 55.20058427 108.36828644 579.96195785
v 58.09918172 107.66968429 581.51006384
v 58.03548225 107.62108267 581.45146054
v 55.22108243 105.20568783 579.9728594
v 55.29628262 105.28338845 579.98845795
v 56.38668393 105.02417979 580.5708611
v 56.36128341 104.93238864 580.58185814
v 57.98548297 105.49688041 581.44926103
v 57.92758303 105.55978715 581.3938585
v -45.7031977 222.85778706 444.5754469
v -46.96629152 222.85778704 443.90154462
v -46.9662873 117.42678764 443.90154001
v -45.70319348 117.42678766 444.57544229
v -81.27669745 -0.35222161 519.53992985
v -81.27670202 113.92428291 519.53993485
v -85.98520622 113.92428283 517.02763394
v -85.98520165 -0.35222169 517.02762895
v -39.96618164 -0.35221657 442.11894008
v -44.67459047 -0.35221665 439.60663917
v -44.67459504 113.92428786 439.60664417
v -39.96618621 113.92428794 442.11894508
v -44.6745996 227.74358601 439.60664915
v -39.96619077 227.74358609 442.11895005
v -81.27669745 -0.35222161 519.53992985
v -85.98520165 -0.35222169 517.02762895
v -44.67459047 -0.35221665 439.60663917
v -39.96618164 -0.35221657 442.11894008
v -83.69340666 109.99907883 512.73263377
v -85.98520622 113.92428283 517.02763394
v -44.67459504 113.92428786 439.60664417
v -46.96628701 109.99908331 443.90153969
v -39.96619077 227.74358609 442.11895005
v -44.6745996 227.74358601 439.60664915
v -85.98521077 227.7436823 517.02763892
v -81.27670657 227.74368238 519.53993982
v -81.27670657 227.74368238 519.53993982
v -85.98521077 227.7436823 517.02763892
v -78.98501004 117.42678324 515.24503559
v -81.27670202 113.92428291 519.53993485
v -39.96618621 113.92428794 442.11894508
v -42.25789039 117.42678772 446.41384092
v -42.25789461 222.85778712 446.41384553
v -39.96619077 227.74358609 442.11895005
v -81.27670657 227.74368238 519.53993982
v -78.98501426 222.85778264 515.2450402
v -78.98500975 109.99907891 515.24503526
v -81.27669745 -0.35222161 519.53992985
v -78.98500553 4.5335714 515.24503065
v -43.52099584 109.99908336 445.73994428
v -42.2578901 109.99908339 446.4138406
v -78.98500975 109.99907891 515.24503526
v -80.24810357 109.99907889 514.57113448
v -80.24810808 222.85778262 514.57113941
v -78.98501426 222.85778264 515.2450402
v -78.98501004 117.42678324 515.24503559
v -80.24810386 117.42678322 514.5711348
v -45.70318897 4.53357582 444.57543735
v -46.96628279 4.5335758 443.90153508
v -83.6934978 4.53357132 512.73272974
v -82.4302967 4.53357134 513.40662978
v -42.2578901 109.99908339 446.4138406
v -42.25788588 4.53357588 446.41383599
v -39.96618164 -0.35221657 442.11894008
v -83.6934978 4.53357132 512.73272974
v -85.98520165 -0.35222169 517.02762895
v -44.67459047 -0.35221665 439.60663917
v -46.96628279 4.5335758 443.90153508
v -83.69350654 222.85778256 512.73273929
v -85.98521077 227.7436823 517.02763892
v -44.6745996 227.74358601 439.60664915
v -46.96629152 222.85778704 443.90154462
v -83.69340695 117.42678316 512.7326341
v -46.9662873 117.42678764 443.90154001
v -45.70319348 117.42678766 444.57544229
v -82.4304085 117.42678318 513.40663472
v -82.43041272 222.85778258 513.40663933
v -45.7031977 222.85778706 444.5754469
v -80.24809935 4.53357138 514.57112987
v -43.52088433 4.53357586 445.73993967
v -43.52099584 109.99908336 445.73994428
v -80.24810357 109.99907889 514.57113448
v -80.24810386 117.42678322 514.5711348
v -43.52099613 117.4267877 445.73994461
v -43.52089306 222.8577871 445.73994922
v -80.24810808 222.85778262 514.57113941
v -45.70318897 4.53357582 444.57543735
v -82.4302967 4.53357134 513.40662978
v -82.4304082 109.99907885 513.40663439
v -45.70319319 109.99908333 444.57544196
v -82.4304082 109.99907885 513.40663439
v -83.69340666 109.99907883 512.73263377
v -46.96628701 109.99908331 443.90153969
v -45.70319319 109.99908333 444.57544196
v -45.70319319 109.99908333 444.57544196
v -46.96628701 109.99908331 443.90153969
v -46.96628279 4.5335758 443.90153508
v -45.70318897 4.53357582 444.57543735
v -80.24810357 109.99907889 514.57113448
v -78.98500975 109.99907891 515.24503526
v -78.98500553 4.5335714 515.24503065
v -80.24809935 4.53357138 514.57112987
v -43.52089306 222.8577871 445.73994922
v -42.25789461 222.85778712 446.41384553
v -78.98501426 222.85778264 515.2450402
v -80.24810808 222.85778262 514.57113941
v -82.4302967 4.53357134 513.40662978
v -83.6934978 4.53357132 512.73272974
v -83.69340666 109.99907883 512.73263377
v -82.4304082 109.99907885 513.40663439
v -43.52099613 117.4267877 445.73994461
v -42.25789039 117.42678772 446.41384092
v -42.25789461 222.85778712 446.41384553
v -43.52089306 222.8577871 445.73994922
v -82.43041272 222.85778258 513.40663933
v -83.69350654 222.85778256 512.73273929
v -46.96629152 222.85778704 443.90154462
v -45.7031977 222.85778706 444.5754469
v -43.52088433 4.53357586 445.73993967
v -42.25788588 4.53357588 446.41383599
v -42.2578901 109.99908339 446.4138406
v -43.52099584 109.99908336 445.73994428
v -80.24809935 4.53357138 514.57112987
v -78.98500553 4.5335714 515.24503065
v -42.25788588 4.53357588 446.41383599
v -43.52088433 4.53357586 445.73993967
v -80.24810386 117.42678322 514.5711348
v -78.98501004 117.42678324 515.24503559
v -42.25789039 117.42678772 446.41384092
v -43.52099613 117.4267877 445.73994461
v -82.4304085 117.42678318 513.40663472
v -83.69340695 117.42678316 512.7326341
v -83.69350654 222.85778256 512.73273929
v -82.43041272 222.85778258 513.40663933
v -45.70319348 117.42678766 444.57544229
v -46.9662873 117.42678764 443.90154001
v -83.69340695 117.42678316 512.7326341
v -82.4304085 117.42678318 513.40663472
v -41.88539679 112.66758338 445.65214111
v -42.73879256 112.66758328 447.25144085
v -41.80519317 112.49588615 447.74954512
v -40.95189277 112.49588626 446.15023941
v -40.29469244 113.05218825 448.55554328
v -39.44139204 113.05218835 446.95624353
v -39.44139204 113.05218835 446.95624353
v -40.29469244 113.05218825 448.55554328
v -40.29469251 114.85239157 448.55554336
v -39.44139211 114.85239168 446.95624361
v -39.44139211 114.85239168 446.95624361
v -40.29469251 114.85239157 448.55554336
v -41.80519329 115.4086817 447.74954525
v -40.95189289 115.4086818 446.15023954
v -42.73879267 115.46428089 447.25144098
v -41.8853969 115.464281 445.65214123
v -41.78249571 112.4150861 447.68194153
v -42.76649677 112.59608155 447.15694364
v -41.97939332 112.59608164 445.68163943
v -40.99539225 112.4150862 446.20674461
v -40.19039623 113.00148854 448.53154051
v -39.4031974 113.00148864 447.05624225
v -40.1903963 114.89899049 448.53154059
v -40.19039623 113.00148854 448.53154051
v -39.4031974 113.00148864 447.05624225
v -39.40319748 114.89899058 447.05624233
v -41.78249583 115.48528559 447.68194167
v -40.1903963 114.89899049 448.53154059
v -39.40319748 114.89899058 447.05624233
v -40.99539237 115.48528569 446.20674474
v -42.76649689 115.54398423 447.15694377
v -41.97939344 115.54398432 445.68163956
v -42.76649689 115.54398423 447.15694377
v -42.73879267 115.46428089 447.25144098
v -41.80519329 115.4086817 447.74954525
v -41.78249583 115.48528559 447.68194167
v -40.29469251 114.85239157 448.55554336
v -40.1903963 114.89899049 448.53154059
v -41.78249571 112.4150861 447.68194153
v -41.80519317 112.49588615 447.74954512
v -42.73879256 112.66758328 447.25144085
v -42.76649677 112.59608155 447.15694364
v -40.29469244 113.05218825 448.55554328
v -40.19039623 113.00148854 448.53154051
v -40.95189289 115.4086818 446.15023954
v -41.8853969 115.464281 445.65214123
v -39.44139211 114.85239168 446.95624361
v -41.97939332 112.59608164 445.68163943
v -41.88539679 112.66758338 445.65214111
v -40.95189277 112.49588626 446.15023941
v -40.99539225 112.4150862 446.20674461
v -39.44139204 113.05218835 446.95624353
v -39.44139211 114.85239168 446.95624361
v -40.95189277 112.49588626 446.15023941
v -39.44139204 113.05218835 446.95624353
v -419.20914632 338.94998654 162.05248209
v -416.86506246 336.11558311 162.24057083
v -418.48702397 334.03548227 162.24057043
v -421.47464721 335.44178222 162.05248151
v -419.80013891 339.58098499 165.13509118
v -419.20914632 338.94998654 162.05248209
v -421.47464721 335.44178222 162.05248151
v -422.53994971 335.92228489 165.1350905
v -398.4859505 423.38218384 165.4394879
v -399.28374615 423.62508479 162.240578
v -397.64232967 425.25678585 162.24057838
v -397.19477089 424.64058099 165.4394882
v -402.41484967 424.5780795 162.05248903
v -403.55196384 424.92428694 165.135098
v -400.03667277 428.5525887 165.13509883
v -399.39866403 427.67438594 162.05248973
v -420.55344418 302.36798146 162.05248024
v -417.69814341 304.80598439 162.2405693
v -402.94985618 304.25688315 162.24057208
v -403.85565589 301.11588524 162.05248336
v -417.27743061 305.22678114 165.43947916
v -419.59214148 303.23578318 167.22838092
v -403.48215038 302.41098667 167.22838394
v -402.71906764 305.05738532 165.43957729
v -404.18462638 299.97498662 165.13509242
v -403.85565589 301.11588524 162.05248336
v -402.27346245 299.62388567 162.05248359
v -403.44176175 299.3524817 165.13509253
v -417.58985553 335.67288136 165.43948043
v -418.36786347 337.97818626 167.22838267
v -420.25232379 334.87688499 167.22838218
v -417.73953464 333.69838213 165.43948032
v -416.86506246 336.11558311 162.24057083
v -418.48702397 334.03548227 162.24057043
v -418.36786347 337.97818626 167.22838267
v -419.80013891 339.58098499 165.13509118
v -422.53994971 335.92228489 165.1350905
v -420.25232379 334.87688499 167.22838218
v -401.12386171 424.18518935 167.22838971
v -398.4859505 423.38218384 165.4394879
v -397.19477089 424.64058099 165.4394882
v -398.67454007 426.67758151 167.22839029
v -402.85935377 336.20698739 162.2405735
v -402.50735316 335.53918279 165.43948329
v -417.58985553 335.67288136 165.43948043
v -416.86506246 336.11558311 162.24057083
v -399.28374615 423.62508479 162.240578
v -402.41484967 424.5780795 162.05248903
v -399.39866403 427.67438594 162.05248973
v -397.64232967 425.25678585 162.24057838
v -403.67093162 337.74708175 167.22838545
v -404.74214598 339.77948694 165.13509405
v -419.80013891 339.58098499 165.13509118
v -418.36786347 337.97818626 167.22838267
v -403.55196384 424.92428694 165.135098
v -400.03667277 428.5525887 165.13509883
v -404.24046498 338.82768437 162.05248493
v -419.20914632 338.94998654 162.05248209
v -419.59214148 303.23578318 167.22838092
v -421.15316283 301.76828109 165.13508927
v -403.48215038 302.41098667 167.22838394
v -400.94714089 299.93198191 167.22838432
v -398.23694122 300.56168729 165.43957794
v -404.24046498 338.82768437 162.05248493
v -402.85935377 336.20698739 162.2405735
v -402.50735316 335.53918279 165.43948329
v -403.67093162 337.74708175 167.22838545
v -418.36786347 337.97818626 167.22838267
v -417.58985553 335.67288136 165.43948043
v -418.47934577 305.96538411 162.24056921
v -417.63772879 305.965384 165.43957449
v -417.27743061 305.22678114 165.43947916
v -417.69814341 304.80598439 162.2405693
v -421.78172916 305.96538398 162.05248016
v -418.47934577 305.96538411 162.24056921
v -399.05662368 300.37118499 162.24057265
v -402.27346245 299.62388567 162.05248359
v -420.55344418 302.36798146 162.05248024
v -402.94985618 304.25688315 162.24057208
v -402.71906764 305.05738532 165.43957729
v -398.23694122 300.56168729 165.43957794
v -399.05662368 300.37118499 162.24057265
v -417.69814341 304.80598439 162.2405693
v -417.27743061 305.22678114 165.43947916
v -404.18462638 299.97498662 165.13509242
v -403.44176175 299.3524817 165.13509253
v -422.98116593 305.9653838 165.13508911
v -421.78172916 305.96538398 162.05248016
v -420.55344418 302.36798146 162.05248024
v -421.15316283 301.76828109 165.13508927
v -420.42002627 305.96538381 167.22838088
v -422.98116593 305.9653838 165.13508911
v -421.15316283 301.76828109 165.13508927
v -417.63772879 305.965384 165.43957449
v -417.73953464 333.69838213 165.43948032
v -399.65486514 339.38908281 162.24057424
v -398.89345216 339.09818223 165.43948414
v -398.89345216 339.09818223 165.43948414
v -401.410962 340.05998644 167.22838598
v -404.74214598 339.77948694 165.13509405
v -403.72824718 340.94538364 165.1350943
v -404.24046498 338.82768437 162.05248493
v -404.74214598 339.77948694 165.13509405
v -403.72824718 340.94538364 165.1350943
v -402.6429652 340.53069046 162.05248531
v -402.6429652 340.53069046 162.05248531
v -399.65486514 339.38908281 162.24057424
v -398.89345216 339.09818223 165.43948414
v -399.65486514 339.38908281 162.24057424
v -399.28374615 423.62508479 162.240578
v -398.4859505 423.38218384 165.4394879
v -359.90553231 424.66418606 162.24058552
v -359.90553288 423.82268755 165.43959061
v -399.39866403 427.67438594 162.05248973
v -400.03667277 428.5525887 165.13509883
v -359.90553304 429.16608899 165.13510648
v -359.90553241 427.96658141 162.05249725
v -359.90553288 423.82268755 165.43959061
v -359.90553334 426.6049846 167.22839765
v -359.90553241 427.96658141 162.05249725
v -359.90553231 424.66418606 162.24058552
v -398.67454007 426.67758151 167.22839029
v -359.90553334 426.6049846 167.22839765
v -399.01045292 -22.69211109 162.24055854
v -402.31293168 -22.69211121 162.0524695
v -399.05662368 300.37118499 162.24057265
v -398.23694122 300.56168729 165.43957794
v -398.16893131 -22.6921112 165.43956383
v -399.01045292 -22.69211109 162.24055854
v -403.44176175 299.3524817 165.13509253
v -402.27346245 299.62388567 162.05248359
v -402.31293168 -22.69211121 162.0524695
v -403.5122254 -22.6921114 165.13507844
v -400.95122879 -22.69211139 167.22837021
v -398.16893131 -22.6921112 165.43956383
v -403.5122254 -22.6921114 165.13507844
v -355.8260473 423.887192 162.05249785
v -358.71734943 423.47599136 162.2405857
v -359.90553304 429.16608899 165.13510648
v -359.90553334 426.6049846 167.22839765
v -357.01814118 423.71758075 167.22839807
v -354.77605247 424.03648962 165.13510723
v -358.71734943 423.47599136 162.2405857
v -359.45415881 423.37118238 165.43959068
v -354.77605247 424.03648962 165.13510723
v -355.8260473 423.887192 162.05249785
v -359.45415881 423.37118238 165.43959068
v -357.01814118 423.71758075 167.22839807
v -359.38983054 349.91838783 165.43958748
v -356.60753375 349.91838786 167.22839493
v -355.24592426 349.91838814 162.05249473
v -358.5483554 349.918388 162.24058251
v -356.60753375 349.91838786 167.22839493
v -354.04653634 349.91838806 165.13510413
v -359.45415881 423.37118238 165.43959068
v -358.71734943 423.47599136 162.2405857
v -358.5483554 349.918388 162.24058251
v -359.38983054 349.91838783 165.43958748
v -355.8260473 423.887192 162.05249785
v -355.24592426 349.91838814 162.05249473
v -353.65524404 346.72489032 167.22839535
v -353.65524374 349.28598279 165.13510418
v -353.65524301 344.78418715 162.24058322
v -353.65524359 343.94258135 165.43958831
v -353.65524311 348.08648713 162.05249495
v -353.65524359 343.94258135 165.43958831
v -353.65524404 346.72489032 167.22839535
v -353.65524311 348.08648713 162.05249495
v -353.65524301 344.78418715 162.24058322
v 51.70575314 343.94270485 165.43966533
v 51.70575269 346.72490654 167.22847237
v 51.70575361 348.08659872 162.05257197
v 51.70575371 344.78420336 162.24077945
v -353.65524374 349.28598279 165.13510418
v 51.70575298 349.28610629 165.13518119
v -353.65524359 343.94258135 165.43958831
v -353.65524301 344.78418715 162.24058322
v 51.70575371 344.78420336 162.24077945
v 51.70575314 343.94270485 165.43966533
v -353.65524311 348.08648713 162.05249495
v -353.65524374 349.28598279 165.13510418
v 51.70575298 349.28610629 165.13518119
v 51.70575361 348.08659872 162.05257197
v 346.70913683 339.80271081 263.91212568
v 345.34843436 338.6904106 263.91212537
v 344.68782369 350.283812 263.91212575
v 346.16604276 349.33340408 263.91212599
v 346.70912723 339.8027086 314.42682371
v 345.34842476 338.69040839 314.4268234
v 356.57841679 335.73620595 314.4268254
v 355.94112386 337.37401043 314.42682535
v 355.94112386 337.37401043 314.42682535
v 355.94122883 337.37401264 263.91212733
v 346.70913683 339.80271081 263.91212568
v 346.70912723 339.8027086 314.42682371
v 361.10381561 345.403704 314.42682669
v 361.10382521 345.40370621 263.91212866
v 355.94122883 337.37401264 263.91212733
v 355.94112386 337.37401043 314.42682535
v 362.8584333 345.50370875 314.42682702
v 361.10381561 345.403704 314.42682669
v 344.68782369 350.283812 263.91212575
v 345.34843436 338.6904106 263.91212537
v 345.34842476 338.69040839 314.4268234
v 344.68781409 350.28380979 314.42682378
v 356.5785456 335.73620816 263.91212738
v 362.85844289 345.50371095 263.912129
v 362.8584333 345.50370875 314.42682702
v 356.57841679 335.73620595 314.4268254
v 355.50952362 354.49460641 263.91212799
v 355.50951402 354.4946042 314.42682602
v 345.34843436 338.6904106 263.91212537
v 356.5785456 335.73620816 263.91212738
v 356.57841679 335.73620595 314.4268254
v 345.34842476 338.69040839 314.4268234
v 355.50952362 354.49460641 263.91212799
v 344.68782369 350.283812 263.91212575
v 344.68781409 350.28380979 314.42682378
v 355.50951402 354.4946042 314.42682602
v 355.06243157 352.7950135 314.42682586
v 355.06253654 352.79501571 263.91212783
v 355.50952362 354.49460641 263.91212799
v 355.06253654 352.79501571 263.91212783
v 346.70912723 339.8027086 314.42682371
v 346.70913683 339.80271081 263.91212568
v 346.16604276 349.33340408 263.91212599
v 346.16603317 349.33340187 314.42682402
v 346.16603317 349.33340187 314.42682402
v 344.68781409 350.28380979 314.42682378
v 346.16603317 349.33340187 314.42682402
v 346.16604276 349.33340408 263.91212599
v 355.06253654 352.79501571 263.91212783
v 355.06243157 352.7950135 314.42682586
v 362.85844289 345.50371095 263.912129
v 361.10382521 345.40370621 263.91212866
v 355.94122883 337.37401264 263.91212733
v 356.5785456 335.73620816 263.91212738
v 355.06243157 352.7950135 314.42682586
v 355.50951402 354.4946042 314.42682602
v -404.35851856 41.38278633 165.20636824
v -404.35851837 36.52357727 165.20636803
v -401.43154935 36.52357727 167.88817229
v -401.43154955 41.3828817 167.8881725
v -398.70971406 41.38288211 161.00808039
v -398.70971386 36.52357768 161.00808018
v -402.7125235 36.5235775 161.59387387
v -402.71252369 41.38288192 161.59387408
v -402.71252369 41.38288192 161.59387408
v -402.7125235 36.5235775 161.59387387
v -404.35851837 36.52357727 165.20636803
v -404.35851856 41.38278633 165.20636824
v -398.08634595 36.52357741 167.87696725
v -398.08634614 41.38288183 167.87696746
v -398.34612788 40.92588089 172.47446438
v -398.08634614 41.38288183 167.87696746
v -398.08634595 36.52357741 167.87696725
v -398.34612773 36.98057793 172.47446421
v -398.44993212 36.98048326 156.41055942
v -398.70971386 36.52357768 161.00808018
v -398.70971406 41.38288211 161.00808039
v -398.44993228 40.92588159 156.4105596
v -401.04783839 36.52357731 167.34805891
v -403.53182578 36.52357731 165.16466877
v -403.53182598 41.38278637 165.16466899
v -401.04783858 41.38288174 167.34805912
v -402.10522378 36.5235775 162.07288075
v -398.05954651 36.52357768 161.5862692
v -398.0595467 41.38288211 161.58626941
v -402.10522398 41.38278656 162.07276176
v -403.53182578 36.52357731 165.16466877
v -402.10522378 36.5235775 162.07288075
v -402.10522398 41.38278656 162.07276176
v -403.53182598 41.38278637 165.16466899
v -397.50474756 36.52357746 167.28676217
v -397.50474775 41.38288188 167.28676238
v -397.50474756 36.52357746 167.28676217
v -397.50474775 41.38288188 167.28676238
v -397.50913563 40.92588092 172.52176678
v -397.50913547 36.98057796 172.52176661
v -398.0595467 41.38288211 161.58626941
v -398.05954651 36.52357768 161.5862692
v -397.61293987 36.98048329 156.45786183
v -397.61294003 40.92588162 156.457862
v -397.50474756 36.52357746 167.28676217
v -398.08634595 36.52357741 167.87696725
v -401.43154935 36.52357727 167.88817229
v -401.04783839 36.52357731 167.34805891
v -402.10522378 36.5235775 162.07288075
v -402.7125235 36.5235775 161.59387387
v -398.70971386 36.52357768 161.00808018
v -398.05954651 36.52357768 161.5862692
v -403.53182578 36.52357731 165.16466877
v -404.35851837 36.52357727 165.20636803
v -401.04783858 41.38288174 167.34805912
v -401.43154955 41.3828817 167.8881725
v -398.08634614 41.38288183 167.87696746
v -397.50474775 41.38288188 167.28676238
v -398.0595467 41.38288211 161.58626941
v -398.70971406 41.38288211 161.00808039
v -402.71252369 41.38288192 161.59387408
v -402.10522398 41.38278656 162.07276176
v -404.35851856 41.38278633 165.20636824
v -403.53182598 41.38278637 165.16466899
v -397.61293987 36.98048329 156.45786183
v -398.44993212 36.98048326 156.41055942
v -398.44993228 40.92588159 156.4105596
v -397.61294003 40.92588162 156.457862
v -397.50913563 40.92588092 172.52176678
v -398.34612788 40.92588089 172.47446438
v -398.34612773 36.98057793 172.47446421
v -397.50913547 36.98057796 172.52176661
v -397.50913547 36.98057796 172.52176661
v -398.34612773 36.98057793 172.47446421
v -398.34612788 40.92588089 172.47446438
v -397.50913563 40.92588092 172.52176678
v -397.61294003 40.92588162 156.457862
v -398.44993228 40.92588159 156.4105596
v -398.44993212 36.98048326 156.41055942
v -397.61293987 36.98048329 156.45786183
v -404.41274114 193.9878848 165.63497998
v -404.41274094 189.1286817 165.63497977
v -401.40423275 189.1286817 168.22508826
v -401.40423295 193.98798315 168.22508847
v -398.89625891 193.98798356 161.26426779
v -398.89625871 189.12868211 161.26417221
v -402.87904121 189.12868192 161.97327599
v -402.8790414 193.98798337 161.97337157
v -402.8790414 193.98798337 161.97337157
v -402.87904121 189.12868192 161.97327599
v -404.41274094 189.1286817 165.63497977
v -404.41274114 193.9878848 165.63497998
v -398.06093668 189.12868184 168.11057645
v -398.06093687 193.98798329 168.11057666
v -398.17876419 193.53098533 172.71398638
v -398.06093687 193.98798329 168.11057666
v -398.06093668 189.12868184 168.11057645
v -398.17876403 189.58568237 172.71398621
v -398.77852676 189.58558768 156.6608817
v -398.89625871 189.12868211 161.26417221
v -398.89625891 193.98798356 161.26426779
v -398.77852692 193.53098601 156.66088187
v -401.0374495 189.12868174 167.67338773
v -403.58762191 189.12858637 165.56767436
v -403.5876221 193.98788483 165.56776994
v -401.0374497 193.98798319 167.67338795
v -402.25724564 189.12868192 162.43337629
v -398.22844838 189.12868211 161.82207182
v -398.22844857 193.98798356 161.82207203
v -402.25724584 193.98788502 162.4333765
v -403.58762191 189.12858637 165.56767436
v -402.25724564 189.12868192 162.43337629
v -402.25724584 193.98788502 162.4333765
v -403.5876221 193.98788483 165.56776994
v -397.49793493 189.12868189 167.50277607
v -397.49793512 193.98798334 167.50277628
v -397.49793493 189.12868189 167.50277607
v -397.49793512 193.98798334 167.50277628
v -397.34062752 193.53098537 172.73537269
v -397.34062736 189.5856824 172.73537252
v -398.22844857 193.98798356 161.82207203
v -398.22844838 189.12868211 161.82207182
v -397.94043777 189.58558771 156.682268
v -397.94043793 193.53098604 156.68226818
v -397.49793493 189.12868189 167.50277607
v -398.06093668 189.12868184 168.11057645
v -401.40423275 189.1286817 168.22508826
v -401.0374495 189.12868174 167.67338773
v -402.25724564 189.12868192 162.43337629
v -402.87904121 189.12868192 161.97327599
v -398.89625871 189.12868211 161.26417221
v -398.22844838 189.12868211 161.82207182
v -403.58762191 189.12858637 165.56767436
v -404.41274094 189.1286817 165.63497977
v -401.0374497 193.98798319 167.67338795
v -401.40423295 193.98798315 168.22508847
v -398.06093687 193.98798329 168.11057666
v -397.49793512 193.98798334 167.50277628
v -398.22844857 193.98798356 161.82207203
v -398.89625891 193.98798356 161.26426779
v -402.8790414 193.98798337 161.97337157
v -402.25724584 193.98788502 162.4333765
v -404.41274114 193.9878848 165.63497998
v -403.5876221 193.98788483 165.56776994
v -397.94043777 189.58558771 156.682268
v -398.77852676 189.58558768 156.6608817
v -398.77852692 193.53098601 156.66088187
v -397.94043793 193.53098604 156.68226818
v -397.34062752 193.53098537 172.73537269
v -398.17876419 193.53098533 172.71398638
v -398.17876403 189.58568237 172.71398621
v -397.34062736 189.5856824 172.73537252
v -397.34062736 189.5856824 172.73537252
v -398.17876403 189.58568237 172.71398621
v -398.17876419 193.53098533 172.71398638
v -397.34062752 193.53098537 172.73537269
v -397.94043793 193.53098604 156.68226818
v -398.77852692 193.53098601 156.66088187
v -398.77852676 189.58558768 156.6608817
v -397.94043777 189.58558771 156.682268
v -404.39663136 378.59208255 165.32058547
v -404.39663117 373.73288541 165.32058526
v -401.35073894 373.73288542 167.86658632
v -401.35073913 378.59218985 167.86658653
v -398.9443314 378.59208297 160.87007457
v -398.94433121 373.73288583 160.87007436
v -402.9163372 373.73288563 161.63699465
v -402.91633739 378.59208277 161.63699486
v -402.91633739 378.59208277 161.63699486
v -402.9163372 373.73288563 161.63699465
v -404.39663117 373.73288541 165.32058526
v -404.39663136 378.59208255 165.32058547
v -398.00963631 373.73288556 167.70358017
v -398.0096365 378.59218999 167.70358038
v -398.06022978 378.13518906 172.30808685
v -398.0096365 378.59218999 167.70358038
v -398.00963631 373.73288556 167.70358017
v -398.06022962 374.18977881 172.30818204
v -398.89354719 374.18977947 156.26549637
v -398.94433121 373.73288583 160.87007436
v -398.9443314 378.59208297 160.87007457
v -398.89354735 378.13518972 156.26549655
v -400.99215729 373.73288546 167.30968827
v -403.57265654 373.73279008 165.24138276
v -403.57265674 378.59208259 165.24138298
v -400.99215748 378.59218989 167.30968848
v -402.28796127 373.73288564 162.08789199
v -398.26846232 373.73288583 161.41807959
v -398.26846252 378.59208297 161.41807981
v -402.28796147 378.59208278 162.0878922
v -403.57265654 373.73279008 165.24138276
v -402.28796127 373.73288564 162.08789199
v -402.28796147 378.59208278 162.0878922
v -403.57265674 378.59208259 165.24138298
v -397.45545604 373.73288561 167.08757819
v -397.45545624 378.59208275 167.08757841
v -397.45545604 373.73288561 167.08757819
v -397.45545624 378.59208275 167.08757841
v -397.22195006 378.13518909 172.31738533
v -397.2219499 374.18977884 172.31738516
v -398.26846252 378.59208297 161.41807981
v -398.26846232 373.73288583 161.41807959
v -398.05526747 374.18977951 156.27479486
v -398.05526763 378.13518976 156.27479503
v -397.45545604 373.73288561 167.08757819
v -398.00963631 373.73288556 167.70358017
v -401.35073894 373.73288542 167.86658632
v -400.99215729 373.73288546 167.30968827
v -402.28796127 373.73288564 162.08789199
v -402.9163372 373.73288563 161.63699465
v -398.94433121 373.73288583 160.87007436
v -398.26846232 373.73288583 161.41807959
v -403.57265654 373.73279008 165.24138276
v -404.39663117 373.73288541 165.32058526
v -400.99215748 378.59218989 167.30968848
v -401.35073913 378.59218985 167.86658653
v -398.0096365 378.59218999 167.70358038
v -397.45545624 378.59208275 167.08757841
v -398.26846252 378.59208297 161.41807981
v -398.9443314 378.59208297 160.87007457
v -402.91633739 378.59208277 161.63699486
v -402.28796147 378.59208278 162.0878922
v -404.39663136 378.59208255 165.32058547
v -403.57265674 378.59208259 165.24138298
v -398.05526747 374.18977951 156.27479486
v -398.89354719 374.18977947 156.26549637
v -398.89354735 378.13518972 156.26549655
v -398.05526763 378.13518976 156.27479503
v -397.22195006 378.13518909 172.31738533
v -398.06022978 378.13518906 172.30808685
v -398.06022962 374.18977881 172.30818204
v -397.2219499 374.18977884 172.31738516
v -397.2219499 374.18977884 172.31738516
v -398.06022962 374.18977881 172.30818204
v -398.06022978 378.13518906 172.30808685
v -397.22195006 378.13518909 172.31738533
v -398.05526763 378.13518976 156.27479503
v -398.89354735 378.13518972 156.26549655
v -398.89354719 374.18977947 156.26549637
v -398.05526747 374.18977951 156.27479486
v 248.22613412 216.3744041 292.64421064
v 277.29134317 219.14230765 263.73260187
v -397.60615878 199.61657736 320.53307665
v -397.60605312 204.35868061 265.38287792
v 243.6807269 201.2295047 320.53319856
v 243.68072632 215.59420323 320.53319919
v 284.26243696 209.76600772 282.56011266
v 284.26243735 211.11740606 280.21950985
v 299.09563713 213.07890608 280.819207
v 299.09563674 211.72760609 283.15980982
v 284.26243685 212.46870584 282.56011278
v 284.26243696 209.76600772 282.56011266
v 299.09563674 211.72760609 283.15980982
v 299.09563663 214.43020586 283.15980994
v 299.09563674 211.72760609 283.15980982
v 299.09563713 213.07890608 280.819207
v 299.09563663 214.43020586 283.15980994
v 284.26243735 211.11740606 280.21950985
v 284.26243685 212.46870584 282.56011278
v 299.09563663 214.43020586 283.15980994
v 299.09563713 213.07890608 280.819207
v 262.55813419 211.11740543 274.63130801
v 262.55813369 212.46870521 276.97181558
v 262.55813369 212.46870521 276.97181558
v 262.5581338 209.7660071 276.97181546
v 262.5581338 209.7660071 276.97181546
v 262.55813419 211.11740543 274.63130801
v 265.13003086 208.30190377 317.26331598
v 265.13003125 209.65330508 314.92271316
v 280.42142375 206.78450424 317.14101009
v 280.42142336 205.43310591 319.48151753
v 265.13003075 211.00460486 317.2633161
v 265.13003086 208.30190377 317.26331598
v 280.42142336 205.43310591 319.48151753
v 280.42142325 208.13580402 319.48151765
v 280.42142336 205.43310591 319.48151753
v 280.42142375 206.78450424 317.14101009
v 280.42142325 208.13580402 319.48151765
v 265.13003125 209.65330508 314.92271316
v 265.13003075 211.00460486 317.2633161
v 280.42142325 208.13580402 319.48151765
v 280.42142375 206.78450424 317.14101009
v 246.6908349 209.58290259 308.67130299
v 246.69083441 210.93420535 311.01190592
v 246.69083441 210.93420535 311.01190592
v 246.69083451 208.23160261 311.0119058
v 246.69083451 208.23160261 311.0119058
v 246.6908349 209.58290259 308.67130299
v 267.90703909 206.78050517 296.58541612
v 267.90703949 208.13180515 294.2446941
v 281.9995323 204.56130561 296.28901673
v 281.99953191 203.21000563 298.62961954
v 267.90703899 209.48310493 296.58541624
v 267.90703909 206.78050517 296.58541612
v 281.99953191 203.21000563 298.62961954
v 281.9995318 205.91260539 298.62961966
v 281.99953191 203.21000563 298.62961954
v 281.9995323 204.56130561 296.28901673
v 281.9995318 205.91260539 298.62961966
v 267.90703949 208.13180515 294.2446941
v 267.90703899 209.48310493 296.58541624
v 281.9995318 205.91260539 298.62961966
v 281.9995323 204.56130561 296.28901673
v 248.26903876 208.75140387 287.81940506
v 248.26903826 210.10270365 290.16000799
v 248.26903826 210.10270365 290.16000799
v 248.26903837 207.40010389 290.16000787
v 248.26903837 207.40010389 290.16000787
v 248.26903876 208.75140387 287.81940506
v 273.76654266 1.16960454 290.65238575
v 262.0921322 0.74030613 323.98108358
v 262.0921318 14.589803 323.17248757
v 273.76654223 15.92800073 289.79069397
v 360.49633757 0.47330522 321.24350861
v 339.99813806 0.26721646 296.45431442
v 339.99813764 14.88101178 295.60111033
v 360.49633715 14.94249967 320.39881606
v 264.40212866 0.02800563 352.46009982
v 313.98442232 0.23669609 336.61320115
v 313.98442192 13.94161594 335.8130094
v 264.40212829 12.96850783 351.70459959
v 339.99813806 0.26721646 296.45431442
v 334.62044534 -0.09408207 269.00840102
v 334.62044492 14.66440948 268.1468046
v 339.99813764 14.88101178 295.60111033
v 313.98442192 13.94161594 335.8130094
v 302.5803418 14.72150766 309.14809456
v 262.0921318 14.589803 323.17248757
v 264.40212829 12.96850783 351.70459959
v 305.72864105 15.2823173 278.7301045
v 273.76654223 15.92800073 289.79069397
v 316.63034414 2.29491615 335.57230199
v 305.22624019 2.54799818 308.93809545
v 339.99813806 0.26721646 296.45431442
v 360.49633757 0.47330522 321.24350861
v 308.37453945 2.58199812 278.55090904
v 334.62044534 -0.09408207 269.00840102
v 264.40212866 0.02800563 352.46009982
v 264.40212829 12.96850783 351.70459959
v 357.09053719 6.46860464 272.51170434
v 357.03584404 3.77302033 272.69862437
v 355.95344789 5.00070917 270.54792174
v 334.82274157 7.62910596 277.56882048
v 335.95985471 9.09700143 279.53260307
v 357.09053719 6.46860464 272.51170434
v 355.95344789 5.00070917 270.54792174
v 335.95985471 9.09700143 279.53260307
v 335.90504235 6.40141712 279.71949927
v 357.03584404 3.77302033 272.69862437
v 357.09053719 6.46860464 272.51170434
v 335.90504235 6.40141712 279.71949927
v 334.82274157 7.62910596 277.56882048
v 355.95344789 5.00070917 270.54792174
v 357.03584404 3.77302033 272.69862437
v 366.74824726 6.56211126 307.6478098
v 365.66594648 7.78991931 305.49701181
v 375.46514153 3.92191217 302.57862704
v 376.54753767 2.69419949 304.72930583
v 366.80303578 9.25781478 307.46091361
v 366.74824726 6.56211126 307.6478098
v 376.54753767 2.69419949 304.72930583
v 376.60235003 5.389903 304.54231427
v 376.54753767 2.69419949 304.72930583
v 375.46514153 3.92191217 302.57862704
v 376.60235003 5.389903 304.54231427
v 365.66594648 7.78991931 305.49701181
v 366.80303578 9.25781478 307.46091361
v 376.60235003 5.389903 304.54231427
v 375.46514153 3.92191217 302.57862704
v 349.04013627 7.83931885 308.35140356
v 350.17724941 9.30730968 310.31521
v 350.17724941 9.30730968 310.31521
v 350.12243705 6.61160617 310.50220156
v 350.12243705 6.61160617 310.50220156
v 349.04013627 7.83931885 308.35140356
v 356.47465045 3.72121105 293.46140159
v 355.39234966 4.9490191 291.3106036
v 372.62624697 1.6442047 286.50041653
v 373.70854775 0.41651586 288.65111915
v 356.52943896 6.41691456 293.27441003
v 356.47465045 3.72121105 293.46140159
v 373.70854775 0.41651586 288.65111915
v 373.76343163 3.11210017 288.46412759
v 373.70854775 0.41651586 288.65111915
v 372.62624697 1.6442047 286.50041653
v 373.76343163 3.11210017 288.46412759
v 355.39234966 4.9490191 291.3106036
v 356.52943896 6.41691456 293.27441003
v 373.76343163 3.11210017 288.46412759
v 372.62624697 1.6442047 286.50041653
v 339.00524398 6.22219735 294.73331382
v 340.14233327 7.69021202 296.69700104
v 340.14233327 7.69021202 296.69700104
v 340.08754476 4.99450851 296.88401645
v 340.08754476 4.99450851 296.88401645
v 339.00524398 6.22219735 294.73331382
v 237.03593276 9.6166041 344.09519111
v 238.11823354 8.38879605 346.24589374
v 238.17303398 11.08449957 346.05898562
v 250.4249435 10.5213095 304.63670427
v 251.56204472 11.98930034 306.60048686
v 271.39204647 9.38710568 300.03069968
v 271.5556379 7.89291271 297.61580554
v 251.56204472 11.98930034 306.60048686
v 251.50724428 9.29359682 306.78750227
v 271.33724603 6.69149753 300.21769124
v 271.39204647 9.38710568 300.03069968
v 251.50724428 9.29359682 306.78750227
v 250.4249435 10.5213095 304.63670427
v 271.5556379 7.89291271 297.61580554
v 271.33724603 6.69149753 300.21769124
v 254.74403183 8.33930115 343.39159735
v 253.66173105 9.5671092 341.24079935
v 263.46093802 5.69910206 338.32229538
v 264.54333417 4.47141322 340.47309337
v 254.79892764 11.03500466 343.20459386
v 254.74403183 8.33930115 343.39159735
v 264.54333417 4.47141322 340.47309337
v 264.59802732 7.16709289 340.28608989
v 229.58853761 11.00880202 330.34278888
v 230.67083839 9.78111318 332.49358687
v 230.72563883 12.47679285 332.30659531
v 253.66173105 9.5671092 341.24079935
v 254.79892764 11.03500466 343.20459386
v 264.59802732 7.16709289 340.28608989
v 263.46093802 5.69910206 338.32229538
v 237.03593276 9.6166041 344.09519111
v 238.17303398 11.08449957 346.05898562
v 238.17303398 11.08449957 346.05898562
v 238.11823354 8.38879605 346.24589374
v 238.11823354 8.38879605 346.24589374
v 237.03593276 9.6166041 344.09519111
v 247.05803945 8.50779188 329.07099586
v 245.97563138 9.73550456 326.92019787
v 263.2095406 6.43080937 322.10990351
v 264.29193675 5.20309669 324.2607015
v 247.11283988 11.20349539 328.88399238
v 247.05803945 8.50779188 329.07099586
v 264.29193675 5.20309669 324.2607015
v 264.34673719 7.89870484 324.0736861
v 250.4249435 10.5213095 304.63670427
v 251.50724428 9.29359682 306.78750227
v 251.56204472 11.98930034 306.60048686
v 245.97563138 9.73550456 326.92019787
v 247.11283988 11.20349539 328.88399238
v 264.34673719 7.89870484 324.0736861
v 263.2095406 6.43080937 322.10990351
v 229.58853761 11.00880202 330.34278888
v 230.72563883 12.47679285 332.30659531
v 230.72563883 12.47679285 332.30659531
v 230.67083839 9.78111318 332.49358687
v 230.67083839 9.78111318 332.49358687
v 229.58853761 11.00880202 330.34278888
v 334.62044534 -0.09408207 269.00840102
v 308.37453945 2.58199812 278.55090904
v 308.37453903 17.34041815 277.68919342
v 334.62044492 14.66440948 268.1468046
v 305.72864147 0.5238019 279.59179628
v 273.76654266 1.16960454 290.65238575
v 273.76654223 15.92800073 289.79069397
v 305.72864105 15.2823173 278.7301045
v 262.0921322 0.74030613 323.98108358
v 273.76654266 1.16960454 290.65238575
v 305.72864147 0.5238019 279.59179628
v 302.58034221 0.48980196 309.97900653
v 264.40212866 0.02800563 352.46009982
v 313.98442232 0.23669609 336.61320115
v 339.99813764 14.88101178 295.60111033
v 334.62044492 14.66440948 268.1468046
v 308.37453903 17.34041815 277.68919342
v 305.22623978 16.77960851 308.10720732
v 360.49633715 14.94249967 320.39881606
v 316.63034374 15.99971679 334.77211023
v 316.63034414 2.29491615 335.57230199
v 360.49633757 0.47330522 321.24350861
v 360.49633715 14.94249967 320.39881606
v 316.63034374 15.99971679 334.77211023
v 305.22624019 2.54799818 308.93809545
v 316.63034414 2.29491615 335.57230199
v 316.63034374 15.99971679 334.77211023
v 305.22623978 16.77960851 308.10720732
v 308.37453903 17.34041815 277.68919342
v 308.37453945 2.58199812 278.55090904
v 305.72864105 15.2823173 278.7301045
v 302.5803418 14.72150766 309.14809456
v 302.58034221 0.48980196 309.97900653
v 305.72864147 0.5238019 279.59179628
v 313.98442192 13.94161594 335.8130094
v 313.98442232 0.23669609 336.61320115
v 307.31633419 8.33851746 320.7113009
v 308.35343071 9.81640265 322.84641107
v 312.17044097 9.30859515 321.15521342
v 311.20634821 7.83719494 319.13139706
v 303.75994523 8.0659108 291.23010381
v 303.77773075 9.55650366 293.58210316
v 307.33443552 9.3558031 292.30630217
v 307.46933327 7.86220618 289.90139777
v 303.77773075 9.55650366 293.58210316
v 303.72294223 6.86080014 293.76899936
v 307.279647 6.66021879 292.49329373
v 307.33443552 9.3558031 292.30630217
v 303.72294223 6.86080014 293.76899936
v 303.75994523 8.0659108 291.23010381
v 307.46933327 7.86220618 289.90139777
v 307.279647 6.66021879 292.49329373
v 308.35343071 9.81640265 322.84641107
v 308.29864219 7.1207945 323.03330726
v 312.11562861 6.61301084 321.34210961
v 312.17044097 9.30859515 321.15521342
v 308.29864219 7.1207945 323.03330726
v 307.31633419 8.33851746 320.7113009
v 311.20634821 7.83719494 319.13139706
v 312.11562861 6.61301084 321.34210961
v 397.32744847 -22.71046622 -270.88876766
v -395.40796216 -22.71049813 -266.18902051
vn 0.83785 0.513 0.18664
vn 0 -1 0
vn -0 0 1
vn -0.83785 0.513 -0.18664
vn -0.85159 0.52142 -0.05398
vn 0.85159 0.52142 0.05398
vn -0.84751 0.51892 0.11159
vn 0.84751 0.51892 -0.11159
vn 0 1 -0
vn -0.70898 -0.70523 0
vn -1 0 -0
vn 0.06557 0.01793 -0.99769
vn -0.09085 0.0023 0.99586
vn 0.99984 0.00444 0.01755
vn 0.99973 0.00506 0.02277
vn 0.9996 0.00566 0.02785
vn -1 0.00157 0.00074
vn -1 -0.00213 0.00206
vn -0.99998 -0.00427 0.00411
vn -0.99999 -0.00422 -0.00146
vn -1 0 -0
vn -1 -0 -0
vn -1 -1E-05 4E-05
vn -1 0 0
vn -1 -0 0
vn 0 1 0
vn 0 1 -0
vn 0 1 -0
vn 0 1 0
vn 0 -1 -0.00078
vn -0.00019 -1 -0.00059
vn 0.99994 0.00153 -0.01086
vn -0.00016 -1 -0.00016
vn 0 -1 -2E-05
vn -0.00041 -1 -0.00217
vn 0 -1 -0.00078
vn -0.99997 -0.00418 -0.00715
vn 1E-05 -1 -0.00157
vn -0.00083 -0.99999 -0.00362
vn 0 -0 -1
vn 1 0 0
vn 0.99678 -0.07631 0.02457
vn 0.00188 -9E-05 1
vn 0.00185 -8E-05 1
vn 0.00195 -0.00126 1
vn 0.00184 -0.00132 1
vn -0.99998 0.00079 0.00697
vn 0.99993 -0.00217 0.012
vn -0 -0.00125 1
vn -0 -0.00121 1
vn 0.99998 -0.00085 -0.00694
vn 0.02695 -0.00027 -0.99964
vn 0.00067 0.01651 -0.99986
vn -0.09189 -0.00196 -0.99577
vn -0.03078 0.00027 0.99953
vn 0.00067 -0.05763 0.99834
vn 0.09062 0.00247 0.99588
vn 0.00391 0.05537 0.99846
vn -0.00184 -0.10046 -0.99494
vn 0.02292 -0.0094 0.99969
vn -0.01822 0.01299 0.99975
vn 0.01046 -0.02467 0.99964
vn 0.00032 1 0
vn 0.00032 1 1E-05
vn 0.01005 -0.99995 -0.00014
vn 0.99976 -0.00347 0.02173
vn -0.00118 -1 -1E-05
vn -0.00118 -1 -1E-05
vn -0.00118 -1 -2E-05
vn -0.00936 0.99996 0.00012
vn -0.99989 -0.00218 0.0146
vn -0.99991 -0.00243 -0.01313
vn -0.00468 0.99981 0.01913
vn 0.00494 -0.99981 -0.01885
vn -0.00119 -1 0
vn 1 0.00092 -0
vn -0.03453 -0.99935 0.01008
vn -0.03437 -0.9994 0.00505
vn -0.03437 -0.9994 0.00503
vn 0.00032 1 0
vn 0.99991 0.00354 0.01316
vn -0.03422 -0.99941 0
vn 0.0332 -0.99945 -0.00046
vn 0.03304 -0.99944 0.00517
vn 0.03304 -0.99944 0.00519
vn 0.99989 0.00323 -0.01476
vn 1E-05 -0 -1
vn -0.99997 0.00158 0.00699
vn -0.03004 0.99955 0.00154
vn -0.0299 0.99955 9E-05
vn 1E-05 -0 -1
vn -0.99956 0.0057 -0.02897
vn 0.00649 -0.01689 0.99984
vn 0.03784 0.99928 -0.00011
vn 0.03795 0.99928 0.00153
vn 0.03795 0.99928 0.00153
vn 1E-05 -0 -1
vn -0 -0 -1
vn 0.03806 0.99927 0.00317
vn 0.03289 -0.9994 0.01082
vn -0.03018 0.99954 0.003
vn 1 0.00264 -0.0008
vn 1 0.00025 -0
vn -0.99985 0.00636 -0.01623
vn 0.99999 0.00532 -0.0001
vn 0.99999 0.00532 -9E-05
vn -0.06247 -0.99805 0
vn 0.06338 0.99799 -0
vn 0.06292 0.99802 0.00022
vn 0.06292 0.99802 0.00022
vn 0.99998 0.00561 0.00141
vn 0.06338 0.99799 -0.00044
vn -0.9999 0 0.01397
vn -0.99999 -0.00393 -0.00141
vn -0.99999 -0.00365 0.0001
vn -0.99999 -0.00365 0.0001
vn -1 -0.00112 0.0008
vn 0.99996 -0.00877 0.00113
vn 0.99996 -0.00878 0.00113
vn 0.99992 -0.01226 0
vn 1 0.00146 -0
vn 1 -0.00192 0.00113
vn 1 -0.00191 0.00112
vn 0.07661 -0.07014 0.99459
vn -0.08462 0.13333 0.98745
vn -0.01757 -0.99985 3E-05
vn 0.06247 0.99805 -0
vn -1 0.00114 -0
vn -0.99992 0.0129 -0
vn 0.10314 0.99467 -0
vn 0.99959 0.00568 0.02802
vn -0.00044 -0.99999 -0.00318
vn 0.00284 0.99934 0.03632
vn -0 -1 -0
vn -0.99958 0.00014 -0.02911
vn 0.47618 -0.87468 0.09048
vn 0.47618 0.87468 -0.09048
vn 0.47815 0.87828 0
vn 0.47815 -0.87828 0
vn 0.84248 0.51584 -0.15536
vn 0 -1 -0
vn -0.84248 0.51584 0.15536
vn -0.85284 0.52218 -0
vn 0.85284 0.52218 -0
vn 0.47606 -0.87446 -0.09315
vn -0.98139 0 0.19202
vn 0 0 1
vn 0.47607 0.87446 -0.09315
vn 0.47814 -0.87828 0
vn 0.82244 0.50357 0.26457
vn 0 -1 0
vn 0 -1 0
vn -0.82244 0.50357 -0.26457
vn -0.85209 0.52172 -0.04189
vn 0 -1 0
vn 0.85209 0.52172 0.04188
vn -0.84049 0.51462 0.16957
vn 0.84049 0.51462 -0.16956
vn 0.4775 -0.87711 -0.05171
vn -0.98125 0 0.19273
vn 0.47378 0.87026 -0.13481
vn 0.47594 0.87424 0.09587
vn -0.99978 0 -0.02089
vn 0.47676 -0.87573 -0.0761
vn 0.84797 0.5192 -0.10666
vn -0.84797 0.5192 0.10666
vn -0.85282 0.52217 0.00585
vn 0.85282 0.52217 -0.00585
vn 0.47729 -0.87672 -0.05965
vn -0.99228 0 0.12402
vn 0.47729 0.87672 -0.05965
vn 0.47814 0.87828 -0
vn 0.47814 -0.87828 0
vn -0.88208 0.4711 -0
vn 0.88208 -0.4711 -0
vn -0.4711 -0.88208 0
vn -1E-05 0 1
vn -0.88208 0.4711 -0
vn 0.88208 -0.4711 0
vn 0.4711 0.88208 0
vn 0.4711 0.88208 -0
vn -0.4711 -0.88208 -0
vn 0 -0 -1
vn 0.88208 -0.47111 0
vn 0.4711 0.88208 -0
vn -1E-05 -1E-05 -1
vn 0.88208 -0.4711 0
vn -0.88208 0.4711 -0
vn 1E-05 1E-05 -1
vn -0 0 1
vn 0.11879 0.2224 0.96769
vn 0.11878 0.2224 0.96769
vn 0.53706 -0.48973 -0.68683
vn 0.47027 0.88053 0.05924
vn 0.47027 0.88053 0.05924
vn 0.47027 0.88053 0.05924
vn -0.47027 -0.88053 -0.05924
vn -0.47027 -0.88053 -0.05924
vn -0.47028 -0.88053 -0.05924
vn -0.8821 0.47106 -0
vn 0.88207 -0.47112 -0
vn -0.47027 -0.88053 -0.05924
vn -0.47028 -0.88053 -0.05924
vn -0.47028 -0.88053 -0.05924
vn -0.47024 -0.88055 -0.05924
vn -0.47024 -0.88055 -0.05924
vn 0.47027 0.88053 0.05924
vn 0.47027 0.88053 0.05924
vn 0.47028 0.88053 0.05924
vn 0.47027 0.88053 0.05924
vn 0.47027 0.88053 0.05924
vn -0.70569 0.17402 -0.68682
vn -0.1188 -0.22245 -0.96768
vn 0.11877 0.2224 0.96769
vn 0.11877 0.22241 0.96769
vn -0.47031 -0.88051 -0.05924
vn 0.47029 0.88052 0.05924
vn -0.47031 -0.88051 -0.05924
vn 0.47029 0.88052 0.05924
vn 0.88209 -0.47109 0
vn 0.05777 0.10821 0.99245
vn -0.88207 0.47111 -0
vn -0.05781 -0.10827 -0.99244
vn 0.38113 0.71362 -0.58778
vn -0.14558 -0.27258 -0.95106
vn -0.14558 -0.27258 0.95106
vn 0.38113 0.71362 0.58779
vn -0.88208 0.4711 0
vn -0.07544 -0.14126 0.98709
vn 0.14559 0.27258 0.95105
vn 0.4711 0.88208 -0
vn 0.14557 0.27257 -0.95106
vn 0.02473 0.04631 -0.99862
vn 0.02474 0.04631 -0.99862
vn 0.4711 0.88208 0
vn 0.14558 0.27258 0.95106
vn -0.07544 -0.14125 0.9871
vn 0.14558 0.27257 -0.95106
vn 0.07544 0.14124 -0.9871
vn -0.14558 -0.27258 -0.95106
vn -0.4711 -0.88208 0
vn -0.14558 -0.27258 0.95106
vn -0.02473 -0.0463 0.99862
vn -0.66421 0.31434 0.67825
vn -0.72298 0.13665 0.67722
vn -0.61921 0.44915 -0.64409
vn -0.97465 -0.22373 0
vn 0.63059 -0.37723 0.67827
vn -0.73708 0.15096 -0.65872
vn 0.5156 -0.52484 0.67728
vn 0.71761 -0.2648 -0.64414
vn 0.35609 -0.93445 0
vn 0.53537 -0.52857 -0.65878
vn 0.07543 0.14124 -0.9871
vn -0.14558 -0.27258 -0.95106
vn -0.14558 -0.27258 0.95106
vn -0.02473 -0.0463 0.99862
vn -0.42353 0.17326 0.88916
vn -0.50483 -0.04786 0.86189
vn -0.35862 0.35066 -0.86512
vn -0.83521 -0.54993 -0
vn 0.37951 -0.25572 0.88915
vn -0.52043 -0.03632 -0.85313
vn 0.24095 -0.44617 0.8619
vn 0.49083 -0.10309 -0.86513
vn 0.00742 -0.99997 0
vn 0.25924 -0.45272 -0.85314
vn -0.07544 -0.14125 0.98709
vn 0.14558 0.27258 0.95105
vn 0.14557 0.27257 -0.95106
vn 0.02473 0.04631 -0.99862
vn -0.14558 -0.27258 0.95106
vn -0.02474 -0.0463 0.99862
vn -0.66417 0.31433 0.67829
vn -0.72288 0.1366 0.67733
vn -0.61918 0.44913 -0.64412
vn -0.97462 -0.22386 0
vn 0.63052 -0.37724 0.67833
vn -0.737 0.15091 -0.65883
vn 0.51557 -0.52485 0.67729
vn 0.71759 -0.2648 -0.64417
vn 0.35605 -0.93447 -0
vn 0.53535 -0.52856 -0.6588
vn -0.02772 -0.05191 -0.99827
vn 0.47027 0.88053 0.05924
vn 0.13809 0.25856 0.95607
vn -0.09668 -0.18104 0.97871
vn 0.19038 0.35648 -0.9147
vn 0.09743 0.18242 -0.97838
vn -0.13809 -0.25855 -0.95608
vn -0.47028 -0.88053 -0.05924
vn -0.19039 -0.35648 0.9147
vn 0.02458 0.04605 0.99864
vn -0.85365 0.47005 0.22437
vn -0.90096 0.35923 0.24336
vn -0.83675 0.50012 -0.22298
vn -0.97368 0.22741 -0.01531
vn 0.86541 -0.44809 0.22424
vn -0.88831 0.39047 -0.24174
vn 0.79972 -0.54892 0.24319
vn 0.881 -0.41727 -0.22297
vn 0.73064 -0.68259 -0.01531
vn 0.81847 -0.52123 -0.24172
vn -0.88226 0.47076 -0
vn -0.88226 0.47076 0
vn 0.88226 -0.47076 0
vn 0.88226 -0.47076 -0
vn 0.47076 0.88226 -0
vn 0.47076 0.88226 0
vn 0.47076 0.88226 0
vn 0.47076 0.88226 -0
vn -0.47076 -0.88226 0
vn -0.47076 -0.88226 0
vn -0.47076 -0.88226 0
vn -0.47076 -0.88226 -0
vn -0.47076 -0.88226 -0
vn -0.47076 -0.88226 -0
vn 0.88226 -0.47076 0
vn -0.47076 -0.88226 0
vn 0.47076 0.88226 0
vn -1E-05 -1E-05 -1
vn 0.88227 -0.47075 -0
vn 1E-05 1E-05 -1
vn -0.88226 0.47076 -0
vn -0.07539 -0.14128 0.98709
vn 0.14548 0.27264 0.95106
vn 0.47076 0.88226 0
vn 0.14548 0.27264 -0.95106
vn 0.02471 0.04631 -0.99862
vn 0.07538 0.14128 -0.9871
vn -0.14547 -0.27263 -0.95106
vn -0.47076 -0.88226 -0
vn -0.14547 -0.27263 0.95106
vn -0.02472 -0.04632 0.99862
vn -0.66429 0.31404 0.67831
vn -0.72283 0.13623 0.67746
vn -0.6193 0.44893 -0.64415
vn -0.97453 -0.22427 0
vn 0.63076 -0.37694 0.67827
vn -0.73704 0.15058 -0.65886
vn 0.51564 -0.52465 0.67739
vn 0.71774 -0.26451 -0.64412
vn 0.35642 -0.93433 0
vn 0.53541 -0.52841 -0.65888
vn 0.74205 0.29522 0.60184
vn 0.84222 -0.24711 -0.47917
vn 0.80821 -0.57527 -0.12595
vn 0.78724 0.58843 0.18441
vn -0.22734 0.47727 0.84884
vn -0.23221 0.92238 0.3087
vn -0.41937 -0.8322 -0.36273
vn 0.84778 -0.48955 -0.204
vn 0.84544 -0.20281 -0.49406
vn -0.41457 -0.31638 -0.85325
vn 0.77627 0.58156 0.2433
vn -0.22444 0.90639 0.3579
vn -0.22285 0.4108 0.88407
vn 0.7732 0.2377 0.58792
vn 0.73954 0.39643 -0.54399
vn 0.85856 -0.26231 0.44052
vn 0.6963 -0.28594 0.65833
vn 0.89052 0.17599 -0.41953
vn -0.48488 -0.43312 0.7598
vn -0.95636 0.14572 -0.25326
vn -0.9969 -0.04639 0.06348
vn -0.3227 -0.35925 0.87567
vn -0.27548 0.39599 -0.87596
vn 0.91051 0.38166 -0.1591
vn -0.30148 0.85995 -0.41183
vn -0.5288 -0.52922 -0.66355
vn -0.96256 0.08527 0.25732
vn -0.99017 0.12588 0.06101
vn -0.39482 -0.90341 -0.16726
vn -0.97977 0.17994 0.08754
vn -0.97912 0.04992 0.19705
vn 0.69142 -0.27049 -0.6699
vn -0.32493 -0.36512 -0.87241
vn -0.99538 -0.01735 -0.09441
vn -0.2847 0.36838 0.88501
vn 0.90284 0.1775 0.39163
vn -0.22822 0.60567 -0.76229
vn -0.99519 -0.07826 0.05886
vn -0.32243 -0.87955 0.3499
vn 0.8229 -0.54946 0.14464
vn -0.40731 -0.88638 0.22005
vn 0.80047 0.58855 -0.11337
vn 0.70819 -0.64966 0.27644
vn -0.23687 0.95769 -0.16347
vn -0.99111 0.12672 -0.04055
vn 0.70578 -0.6525 -0.27587
vn -0.31951 -0.87436 -0.36526
vn -0.99617 -0.07635 -0.04261
vn -0.29045 0.88966 0.35234
vn 0.90233 0.40233 0.15471
vn 0.83537 0.2096 -0.50816
vn -0.38797 0.40469 -0.82808
vn -0.21639 -0.32429 0.92087
vn 0.76022 -0.27035 0.59074
vn -0.97206 -0.14842 0.18188
vn 0.773 -0.63441 0.00011
vn 0.84013 0.54238 0.0001
vn -0.36131 -0.93244 0.00014
vn -0.25342 0.96736 0.00014
vn -0.99837 0.05713 8E-05
vn 0.76674 -0.5851 0.26413
vn 0.83917 0.50256 -0.20791
vn -0.97558 -0.18099 0.12446
vn -0.21948 -0.90756 0.358
vn -0.39638 0.83228 -0.38756
vn -0.31562 0.89284 -0.32128
vn -0.99217 0.0699 -0.10353
vn 0.89524 -0.42588 0.13103
vn 0.69729 0.65981 -0.28007
vn -0.26485 -0.88933 0.37275
vn -0.99024 0.11123 -0.084
vn -0.28837 -0.4769 0.8303
vn 0.69858 0.29606 -0.65141
vn -0.31921 0.33951 -0.88478
vn 0.91304 -0.1547 0.3774
vn -0.36263 -0 -0.93193
vn -0.99838 0 0.05689
vn 0.84115 -0 0.54081
vn 0.77427 -0 -0.63286
vn -0.25441 0 0.9671
vn 0.86583 -0.38739 0.31664
vn 0.59569 0.6219 -0.50832
vn 0.59569 0.67562 0.43438
vn 0.86583 -0.42085 -0.27059
vn -0.86583 -0.3874 0.31664
vn -0.59569 0.6219 -0.50832
vn -0.59569 -0.29126 -0.74854
vn -0.86583 0.18143 0.46628
vn 0.86583 0.18143 0.46628
vn -0.86583 0.49953 -0.02846
vn 0.86583 0.49953 -0.02846
vn -0.59569 -0.80191 0.04569
vn -0.59569 0.67562 0.43438
vn 0.59569 -0.29126 -0.74854
vn 0.59569 -0.80191 0.04569
vn 0.5957 -0.20434 0.77678
vn -0.5957 -0.20434 0.77678
vn -0.86583 0.1273 -0.48387
vn 0.86583 0.1273 -0.48387
vn -0.86583 -0.42086 -0.27059
vn -0.1602 0.78708 0.59569
vn -0.16019 0.78708 -0.59569
vn -0.72152 0.27917 -0.63362
vn -0.72151 0.27918 0.63363
vn 0.35953 0.31488 0.8784
vn 0.35957 0.31487 -0.87839
vn 0.63133 0.47427 -0.61359
vn 0.6313 0.47427 0.61361
vn -0.32708 0.26305 -0.90765
vn -0.32708 0.26305 0.90765
vn -0.57456 0.60245 0.55402
vn -0.57456 0.60245 -0.55402
vn 0.63788 0.5366 -0.55242
vn 0.63789 0.5366 0.55241
vn 0.56569 -0.20772 -0.79803
vn 0.10249 -0.48395 -0.86908
vn 0.1025 -0.48395 0.86907
vn 0.56569 -0.20771 0.79803
vn -0.44502 -0.32386 -0.83491
vn -0.54632 -0.57919 -0.60504
vn -0.54634 -0.57918 0.60503
vn -0.44506 -0.32385 0.83489
vn 0.57158 -0.56706 -0.59307
vn 0.57159 -0.56706 0.59307
vn -0.61127 -0.57989 0.5386
vn -0.61127 -0.57988 -0.53859
vn 0.55168 -0.63506 -0.5407
vn 0.55167 -0.63505 0.54071
vn -0.18442 0.78176 0.59569
vn -0.18441 0.78175 -0.5957
vn -0.72979 0.25676 -0.63362
vn -0.72979 0.25676 0.63363
vn 0.34965 0.32582 0.8784
vn 0.34966 0.32584 -0.87839
vn 0.61638 0.49354 -0.61359
vn 0.61637 0.49354 0.61361
vn -0.33504 0.25283 -0.90765
vn -0.33505 0.25282 0.90765
vn -0.5929 0.5844 0.55402
vn -0.5929 0.5844 -0.55402
vn 0.62099 0.55607 -0.55241
vn 0.621 0.55606 0.55241
vn 0.57185 -0.19015 -0.79802
vn 0.11738 -0.48055 -0.86908
vn 0.11739 -0.48055 0.86908
vn 0.57184 -0.19014 0.79803
vn -0.43482 -0.33745 -0.8349
vn -0.52818 -0.59578 -0.60504
vn -0.52818 -0.59579 0.60503
vn -0.43483 -0.33745 0.83489
vn 0.58883 -0.54913 -0.59307
vn 0.58883 -0.54914 0.59307
vn -0.59306 -0.5985 0.53859
vn -0.59306 -0.5985 -0.53859
vn 0.57104 -0.6177 -0.54071
vn 0.57103 -0.6177 0.54071
vn -0.19577 0.77899 0.59569
vn -0.19577 0.77899 -0.59569
vn -0.73345 0.24611 -0.63362
vn -0.73344 0.24611 0.63363
vn 0.34487 0.33088 0.8784
vn 0.34488 0.33088 -0.8784
vn 0.60913 0.50245 -0.6136
vn 0.60913 0.50244 0.61361
vn -0.33869 0.24794 -0.90764
vn -0.33869 0.24793 0.90765
vn -0.60133 0.57572 0.55403
vn -0.60133 0.57573 -0.55402
vn 0.61285 0.56503 -0.55241
vn 0.61285 0.56503 0.55241
vn 0.57454 -0.18181 -0.79803
vn 0.12436 -0.47879 -0.86908
vn 0.12437 -0.4788 0.86907
vn 0.57455 -0.1818 0.79803
vn -0.42987 -0.34374 -0.8349
vn -0.51946 -0.6034 -0.60503
vn -0.51946 -0.6034 0.60503
vn -0.42989 -0.34374 0.83489
vn 0.59675 -0.54051 -0.59307
vn 0.59675 -0.54052 0.59307
vn -0.5843 -0.60706 0.53859
vn -0.58431 -0.60705 -0.53859
vn 0.57995 -0.60934 -0.54071
vn 0.57995 -0.60934 0.54071
vn -0.07382 -0.01949 0.99708
vn 0.07069 -0.00121 -0.9975
vn -0.16086 -0.98698 -0
vn 0.49589 -0.12794 -0.85891
vn 0.49553 -0.13344 -0.85828
vn 0.49552 -0.13353 -0.85827
vn -0.99918 0.0404 -0
vn 0.49779 0.09389 0.8622
vn 0.49591 -0.12768 0.85894
vn -0.96842 0.24934 -0
vn 0.49591 -0.12768 -0.85894
vn 0.49799 0.08958 -0.86254
vn -0.98964 0.14356 -0
vn 0.48674 -0.22877 0.84306
vn 0.49323 -0.16396 0.85431
vn -0.94705 0.32108 -0
vn 0.4927 -0.1703 -0.85338
vn 0.49469 0.14533 -0.85683
vn -0.98964 0.14356 0
vn 0.47996 -0.28025 0.83132
vn 0.49113 -0.18753 0.85066
vn -0.95042 0.31097 -0
vn 0.49542 -0.13502 -0.8581
vn 0.33075 0.94352 -0.01931
vn 0.63663 -0.77027 -0.03717
vn -0.95113 -0.30376 0.05553
vn 0.19213 -0.98131 -0.01122
vn -0.04296 -0.00202 0.99907
vn -0.03414 -0.01891 0.99924
vn -0.02593 0.04326 -0.99873
vn -0.00864 0.07787 -0.99693
vn -0.08096 0.99671 0.00473
vn 0.47185 -0.88022 -0.0506
vn 0.56435 0.08537 0.82111
vn -0.94512 -0.32136 0.05901
vn 0.38761 0.23951 -0.89017
vn 0.27901 0.42332 -0.86195
vn -0.95001 -0.30648 0.05965
vn 0.47185 -0.88023 -0.05062
vn 0.63577 -0.11209 0.7637
vn 0.56066 0.09381 0.82272
vn -0.98348 -0.16904 0.06477
vn 0.46261 0.08205 -0.88276
vn 0.3694 0.27341 -0.88814
vn -0.95832 -0.27914 0.06079
vn 0.47186 -0.88022 -0.05063
vn 0.59433 0.01169 0.80414
vn 0.57635 0.05703 0.81521
vn -0.97591 -0.20876 0.06344
vn 0.42808 0.15854 -0.88973
vn -0.47187 0.88022 0.05061
vn 0.54724 0.07512 0.8336
vn -0.94527 -0.32092 0.05903
vn 0.40508 0.24682 -0.88033
vn 0.279 0.42332 -0.86195
vn -0.95 -0.30649 0.05965
vn -0.47186 0.88022 0.05062
vn 0.63577 -0.11209 0.7637
vn 0.56064 0.0938 0.82273
vn -0.98348 -0.16904 0.06476
vn 0.46262 0.08205 -0.88275
vn 0.3694 0.27341 -0.88814
vn -0.95832 -0.27914 0.06079
vn -0.47186 0.88022 0.05061
vn 0.59432 0.01169 0.80414
vn 0.57635 0.05704 0.81521
vn -0.97591 -0.20876 0.06344
vn 0.42809 0.15854 -0.88972
vn 0.9366 0.3461 -0.05468
vn 0.94324 0.32752 -0.05507
vn 0.01176 0.0147 -0.99982
vn 0.01103 0.01619 -0.99981
vn 0.01583 0.00629 -0.99985
vn 0.01608 0.00579 -0.99985
vn -0.00301 -0.07584 0.99712
vn 0.0077 -0.03493 0.99936
vn -0.94843 -0.3121 0.05537
vn -0.39369 0.91895 0.02298
vn 0.10306 0.99466 -0.00602
vn -0.10306 -0.99466 0.00602
vn 0.39369 -0.91896 -0.02298
vn 0.53602 0.11805 0.83591
vn 0.52851 0.14287 0.83682
vn -0.93863 -0.33998 0.05818
vn 0.42333 0.2009 -0.88342
vn -0.91019 -0.41055 0.05477
vn 0.36601 0.27188 -0.89001
vn -0.00087 -0.99998 -0.00634
vn 0.00527 0.99875 -0.04973
vt 0.96278 0.59893
vt 0.95827 0.59893
vt 0.95827 0.55684
vt 0.96278 0.55684
vt 0.80524 0.02472
vt 0.79243 0.0038
vt 0.77962 0.02472
vt 0.95827 0.66116
vt 0.96278 0.66116
vt 0.96278 0.6394
vt 0.95827 0.6394
vt 0.38467 0.5962
vt 0.3837 0.56692
vt 0.37679 0.56774
vt 0.37679 0.59713
vt 0.49776 0.02959
vt 0.49815 0.04782
vt 0.50661 0.04835
vt 0.50605 0.03011
vt 0.26972 0.98562
vt 0.27047 0.64422
vt 0.2628 0.64418
vt 0.2628 0.98558
vt 0.48002 0.6611
vt 0.48014 0.62774
vt 0.46471 0.64326
vt 0.44986 0.64573
vt 0.41785 0.96936
vt 0.44803 0.9539
vt 0.44815 0.62671
vt 0.4187 0.62671
vt 0.00057 0.06989
vt 0.00109 0.17782
vt 0.422 0.17656
vt 0.42163 0.07373
vt 0.74638 0.16055
vt 0.74629 0.26836
vt 0.8499 0.26836
vt 0.85009 0.16218
vt 0.59499 0.16055
vt 0.59491 0.26836
vt 0.68187 0.26836
vt 0.68195 0.16055
vt 0.682 0.10078
vt 0.59504 0.10078
vt 0.7408 0.14352
vt 0.74642 0.10078
vt 0.74082 0.10937
vt 0.74105 0.16589
vt 0.74097 0.26836
vt 0.42679 0.16052
vt 0.42671 0.26836
vt 0.53049 0.26836
vt 0.53057 0.16055
vt 0.58942 0.14352
vt 0.58944 0.10937
vt 0.58966 0.16589
vt 0.58958 0.26836
vt 0.68719 0.26836
vt 0.68727 0.16589
vt 0.53581 0.26836
vt 0.53589 0.16589
vt 0.68756 0.14352
vt 0.68759 0.10937
vt 0.73548 0.13819
vt 0.7355 0.11471
vt 0.69289 0.13819
vt 0.69291 0.11471
vt 0.53062 0.10078
vt 0.53618 0.14352
vt 0.5362 0.10937
vt 0.5841 0.13819
vt 0.58412 0.11471
vt 0.5415 0.13819
vt 0.54152 0.11471
vt 0.10968 0.52818
vt 0.10967 0.51723
vt 0.05669 0.51723
vt 0.00338 0.52818
vt 0.06148 0.49211
vt 0.05666 0.48677
vt 0.0615 0.51188
vt 0.28595 0.52818
vt 0.23263 0.51723
vt 0.17965 0.51723
vt 0.17966 0.52818
vt 0.18444 0.49211
vt 0.17962 0.48677
vt 0.18446 0.51188
vt 0.10964 0.48677
vt 0.10483 0.49211
vt 0.10485 0.51188
vt 0.2326 0.48677
vt 0.22779 0.49211
vt 0.22781 0.51188
vt 0.63029 0.67988
vt 0.63029 0.74864
vt 0.73869 0.74884
vt 0.73864 0.67931
vt 0.78786 0.74893
vt 0.78785 0.67927
vt 0.75725 0.67921
vt 0.75726 0.74888
vt 0.79886 0.74895
vt 0.78786 0.80167
vt 0.79887 0.85476
vt 0.6303 0.85445
vt 0.73877 0.85465
vt 0.76263 0.79683
vt 0.75726 0.80161
vt 0.78249 0.79687
vt 0.73313 0.57472
vt 0.63028 0.57317
vt 0.79761 0.57347
vt 0.78785 0.62653
vt 0.79886 0.67847
vt 0.76262 0.67346
vt 0.78248 0.67446
vt 0.76262 0.75368
vt 0.78249 0.75371
vt 0.75725 0.62647
vt 0.76262 0.63127
vt 0.78248 0.63131
vt 0.17961 0.46786
vt 0.10963 0.46785
vt 0.42684 0.10078
vt 0.00048 0.00929
vt 0.42176 0.00929
vt 0.00334 0.46784
vt 0.28502 0.4667
vt 0.10956 0.36039
vt 0.17954 0.36039
vt 0.8502 0.10078
vt 0.28583 0.36039
vt 0.00095 0.3604
vt 0.03164 0.59307
vt 0.03938 0.59306
vt 0.03938 0.56944
vt 0.03164 0.56945
vt 0.04109 0.59307
vt 0.04883 0.59306
vt 0.04883 0.56944
vt 0.04109 0.56945
vt 0.27218 0.67791
vt 0.27666 0.6779
vt 0.27666 0.57484
vt 0.27218 0.57484
vt 0.7338 0.53016
vt 0.74159 0.53016
vt 0.74159 0.48752
vt 0.7338 0.48752
vt 0.71684 0.53475
vt 0.72464 0.53475
vt 0.72464 0.49212
vt 0.71684 0.49212
vt 0.50135 0.30098
vt 0.49684 0.30098
vt 0.49684 0.35487
vt 0.50135 0.35486
vt 0.58528 0.22641
vt 0.57749 0.22643
vt 0.57749 0.26911
vt 0.58528 0.2691
vt 0.71822 0.43196
vt 0.71043 0.43198
vt 0.71043 0.47466
vt 0.71822 0.47465
vt 0.53907 0.53552
vt 0.54357 0.53553
vt 0.54357 0.43293
vt 0.53907 0.43293
vt 0.48431 0.68112
vt 0.4888 0.68111
vt 0.4888 0.57804
vt 0.48431 0.57805
vt 0.44197 0.57111
vt 0.43746 0.57111
vt 0.43746 0.625
vt 0.44197 0.62499
vt 0.05054 0.59307
vt 0.05832 0.59307
vt 0.05832 0.56956
vt 0.05054 0.56956
vt 0.06003 0.59307
vt 0.06781 0.59307
vt 0.06781 0.56956
vt 0.06003 0.56955
vt 0.53285 0.53554
vt 0.53736 0.53555
vt 0.53736 0.43295
vt 0.53285 0.43295
vt 0.76678 0.53014
vt 0.76678 0.48755
vt 0.7433 0.48753
vt 0.7433 0.53012
vt 0.75728 0.4676
vt 0.75728 0.42501
vt 0.7338 0.42499
vt 0.7338 0.46758
vt 0.99952 0.43716
vt 0.94575 0.4372
vt 0.94575 0.53966
vt 0.99952 0.53962
vt 0.99504 0.72617
vt 0.94128 0.72621
vt 0.94128 0.82868
vt 0.99504 0.82863
vt 0.17106 0.59306
vt 0.17779 0.59305
vt 0.17779 0.5733
vt 0.17106 0.57331
vt 0.56732 0.22567
vt 0.56059 0.22567
vt 0.56059 0.26913
vt 0.56732 0.26913
vt 0.56721 0.1772
vt 0.56047 0.1772
vt 0.56047 0.22066
vt 0.56721 0.22066
vt 0.15317 0.5732
vt 0.14647 0.57321
vt 0.14647 0.59306
vt 0.15317 0.59305
vt 0.56903 0.26909
vt 0.57578 0.2691
vt 0.57578 0.22568
vt 0.56903 0.22567
vt 0.17949 0.59305
vt 0.18623 0.59305
vt 0.18623 0.5733
vt 0.17949 0.57331
vt 0.58066 0.18056
vt 0.57391 0.18055
vt 0.57391 0.22397
vt 0.58066 0.22398
vt 0.14477 0.5732
vt 0.13807 0.57321
vt 0.13807 0.59306
vt 0.14477 0.59305
vt 0.60218 0.37023
vt 0.60218 0.41358
vt 0.62195 0.41356
vt 0.62195 0.37022
vt 0.62505 0.45862
vt 0.62505 0.41527
vt 0.60528 0.41529
vt 0.60528 0.45864
vt 0.55439 0.47527
vt 0.56074 0.47527
vt 0.56074 0.43278
vt 0.55439 0.43181
vt 0.19598 0.59305
vt 0.20233 0.59304
vt 0.20233 0.5733
vt 0.19598 0.5733
vt 0.54256 0.40803
vt 0.54891 0.40803
vt 0.54891 0.36457
vt 0.54256 0.36457
vt 0.19428 0.5733
vt 0.18793 0.5733
vt 0.18793 0.59305
vt 0.19428 0.59304
vt 0.58698 0.53529
vt 0.59334 0.5353
vt 0.59334 0.49189
vt 0.58698 0.49188
vt 0.16934 0.57326
vt 0.16289 0.57321
vt 0.16289 0.59301
vt 0.16918 0.59305
vt 0.59505 0.53527
vt 0.6014 0.53528
vt 0.6014 0.49187
vt 0.59505 0.49186
vt 0.15488 0.59306
vt 0.16119 0.59305
vt 0.16119 0.5732
vt 0.15488 0.57321
vt 0.72059 0.40625
vt 0.72059 0.3631
vt 0.70073 0.36306
vt 0.70073 0.40621
vt 0.79538 0.9701
vt 0.79538 0.92695
vt 0.77552 0.92691
vt 0.77552 0.97006
vt 0.46147 0.28795
vt 0.44491 0.2712
vt 0.44616 0.55301
vt 0.46257 0.53761
vt 0.49356 0.9875
vt 0.54153 0.98729
vt 0.54053 0.70472
vt 0.49356 0.70642
vt 0.86232 0.57615
vt 0.8144 0.57616
vt 0.81441 0.99948
vt 0.86232 0.99952
vt 0.54324 0.98749
vt 0.59268 0.98724
vt 0.59144 0.70597
vt 0.54324 0.70654
vt 0.84483 0.09907
vt 0.84477 0.05189
vt 0.42368 0.04967
vt 0.42344 0.09907
vt 0.75815 0.36105
vt 0.75811 0.31289
vt 0.50977 0.31289
vt 0.50915 0.36105
vt 0.85233 0.28692
vt 0.86873 0.27003
vt 0.87001 0.55301
vt 0.85345 0.53591
vt 0.26109 0.59475
vt 0.01144 0.59479
vt 0.01144 0.98566
vt 0.26109 0.98562
vt 0.31899 0.98752
vt 0.36609 0.98743
vt 0.36609 0.59701
vt 0.318 0.59709
vt 0.90453 0.02065
vt 0.85615 0.02037
vt 0.85615 0.26824
vt 0.90353 0.26852
vt 0.3678 0.98733
vt 0.41614 0.98751
vt 0.41615 0.59901
vt 0.3678 0.59894
vt 0.48185 0.98744
vt 0.49185 0.9875
vt 0.49185 0.68288
vt 0.48185 0.68282
vt 0.00048 0.52989
vt 0.00051 0.53988
vt 0.44209 0.53908
vt 0.44207 0.52989
vt 0.27289 0.98564
vt 0.28205 0.98562
vt 0.28205 0.6796
vt 0.2721 0.67963
vt 0.44438 0.55152
vt 0.4444 0.54159
vt 0.00049 0.54159
vt 0.00048 0.55152
vt 0.28872 0.98733
vt 0.30761 0.99897
vt 0.30751 0.55323
vt 0.28861 0.56492
vt 0.00048 0.99952
vt 0.00973 0.98783
vt 0.00963 0.56543
vt 0.00048 0.55381
vt 0.59983 0.56503
vt 0.59983 0.9892
vt 0.6164 0.99949
vt 0.61639 0.55472
vt 0.31629 0.56508
vt 0.30932 0.55476
vt 0.30932 0.99952
vt 0.31628 0.98923
vt 0.96689 0.66629
vt 0.97843 0.6743
vt 0.88422 0.77944
vt 0.86546 0.77975
vt 0.97871 0.90328
vt 0.87335 0.99925
vt 0.86449 0.99214
vt 0.96083 0.90454
vt 0.97843 0.86535
vt 0.96992 0.87484
vt 0.53691 0.57433
vt 0.53444 0.70285
vt 0.50224 0.70358
vt 0.50224 0.5737
vt 0.9413 0.26886
vt 0.94029 0.39635
vt 0.90543 0.39601
vt 0.90543 0.26944
vt 0.66415 0.85721
vt 0.66664 0.99857
vt 0.63202 0.9995
vt 0.63202 0.85766
vt 0.91139 0.53884
vt 0.90891 0.39867
vt 0.94374 0.39812
vt 0.94374 0.53964
vt 0.73768 0.85761
vt 0.73946 0.99952
vt 0.703 0.99907
vt 0.703 0.85807
vt 0.39548 0.36812
vt 0.39548 0.51896
vt 0.36066 0.51889
vt 0.35889 0.36791
vt 0.43031 0.36672
vt 0.43031 0.51889
vt 0.77237 0.85714
vt 0.77415 0.99836
vt 0.97617 0.2698
vt 0.97515 0.3967
vt 0.87656 0.53939
vt 0.87409 0.39922
vt 0.69878 0.85663
vt 0.70127 0.99799
vt 0.28339 0.60839
vt 0.2833 0.64314
vt 0.28193 0.64314
vt 0.28205 0.6084
vt 0.57158 0.57497
vt 0.56911 0.70349
vt 0.94883 0.54139
vt 0.94883 0.68336
vt 0.9142 0.68197
vt 0.91419 0.54125
vt 0.28339 0.67789
vt 0.28203 0.67789
vt 0.27896 0.67789
vt 0.27837 0.64295
vt 0.27972 0.64294
vt 0.2803 0.67788
vt 0.87856 0.682
vt 0.87955 0.54123
vt 0.00057 0.45082
vt 0.00067 0.46758
vt 0.00048 0.46623
vt 0.00067 0.45218
vt 0.35726 0.37628
vt 0.35477 0.52816
vt 0.31997 0.52754
vt 0.32246 0.37558
vt 0.43949 0.31675
vt 0.43957 0.28201
vt 0.44093 0.28201
vt 0.44083 0.31675
vt 0.00055 0.43238
vt 0.0006 0.44911
vt 0.00048 0.44774
vt 0.0006 0.43374
vt 0.28766 0.52718
vt 0.28766 0.37471
vt 0.86449 0.8001
vt 0.87462 0.79049
vt 0.45127 0.57237
vt 0.45118 0.60699
vt 0.44981 0.60699
vt 0.44991 0.57237
vt 0.35847 0.57855
vt 0.35853 0.59528
vt 0.35841 0.59392
vt 0.35853 0.57992
vt 0.42343 0.02611
vt 0.42348 0.01213
vt 0.4235 0.01078
vt 0.4235 0.02749
vt 0.45127 0.64162
vt 0.4499 0.64162
vt 0.27894 0.608
vt 0.2803 0.60799
vt 0.43957 0.35149
vt 0.44093 0.35149
vt 0.52219 0.46636
vt 0.51056 0.46638
vt 0.51052 0.40733
vt 0.52214 0.40731
vt 0.49042 0.50096
vt 0.47821 0.50101
vt 0.47838 0.46621
vt 0.49027 0.46616
vt 0.52221 0.501
vt 0.5106 0.50102
vt 0.50881 0.501
vt 0.49213 0.50102
vt 0.49213 0.46634
vt 0.50881 0.46632
vt 0.63488 0.40352
vt 0.65111 0.40353
vt 0.65159 0.43813
vt 0.63488 0.43812
vt 0.50881 0.53569
vt 0.49213 0.53571
vt 0.52224 0.53563
vt 0.51052 0.53565
vt 0.63488 0.36892
vt 0.65159 0.36892
vt 0.49042 0.53575
vt 0.47821 0.5358
vt 0.46415 0.40644
vt 0.4765 0.40642
vt 0.4765 0.44124
vt 0.46427 0.44125
vt 0.4765 0.47605
vt 0.46426 0.47607
vt 0.58447 0.63507
vt 0.57328 0.63508
vt 0.57328 0.57657
vt 0.58447 0.57871
vt 0.58481 0.70432
vt 0.57328 0.70433
vt 0.57328 0.6697
vt 0.58481 0.66969
vt 0.50429 0.38879
vt 0.50361 0.40544
vt 0.49225 0.405
vt 0.49225 0.38813
vt 0.24184 0.57608
vt 0.24125 0.59296
vt 0.22953 0.59179
vt 0.22953 0.57465
vt 0.46958 0.63094
vt 0.45297 0.63097
vt 0.45297 0.57434
vt 0.46958 0.57163
vt 0.65159 0.49659
vt 0.63488 0.49659
vt 0.4765 0.53541
vt 0.46426 0.53218
vt 0.47825 0.40689
vt 0.49014 0.40737
vt 0.55432 0.26918
vt 0.53756 0.26918
vt 0.53756 0.21345
vt 0.55432 0.21021
vt 0.49213 0.4072
vt 0.50881 0.40718
vt 0.42089 0.18875
vt 0.00133 0.19001
vt 0.61881 0.74862
vt 0.61881 0.67986
vt 0.10955 0.34896
vt 0.17953 0.34896
vt 0.63031 0.9995
vt 0.6303 0.84577
vt 0.61811 0.84575
vt 0.61811 0.99921
vt 0.43124 0.34826
vt 0.2771 0.34826
vt 0.27711 0.36039
vt 0.43154 0.36039
vt 0.80058 0.57527
vt 0.80057 0.99949
vt 0.81269 0.99952
vt 0.81269 0.57618
vt 0.00133 0.19172
vt 0.00135 0.34655
vt 0.42501 0.34655
vt 0.42498 0.19172
vt 0.99604 0.19013
vt 0.99244 0.19013
vt 0.98909 0.15772
vt 0.99269 0.15772
vt 0.98885 0.19013
vt 0.9855 0.15772
vt 0.62595 0.03986
vt 0.65789 0.03986
vt 0.64055 0.01304
vt 0.99244 0.22886
vt 0.98885 0.22886
vt 0.99604 0.22886
vt 0.98649 0.19013
vt 0.98026 0.19013
vt 0.98026 0.1434
vt 0.98649 0.1434
vt 0.6197 0.03983
vt 0.60351 0.01338
vt 0.58732 0.03983
vt 0.98026 0.22886
vt 0.98649 0.22886
vt 0.97475 0.18438
vt 0.97116 0.18438
vt 0.97116 0.14565
vt 0.97475 0.14565
vt 0.96757 0.18438
vt 0.96757 0.14565
vt 0.69392 0.0408
vt 0.67865 0.01275
vt 0.66338 0.0408
vt 0.97116 0.22311
vt 0.96757 0.22311
vt 0.97475 0.22311
vt 0.96946 0.17146
vt 0.96324 0.17146
vt 0.96324 0.13822
vt 0.96946 0.13822
vt 0.69392 0.04037
vt 0.72494 0.04037
vt 0.71084 0.01275
vt 0.96324 0.23551
vt 0.96946 0.23551
vt 0.96946 0.19678
vt 0.96324 0.19678
vt 0.98723 0.61167
vt 0.98392 0.61167
vt 0.98314 0.55228
vt 0.98645 0.55228
vt 0.98062 0.61167
vt 0.97983 0.55228
vt 0.77815 0.04691
vt 0.76607 0.02472
vt 0.75399 0.04691
vt 0.98327 0.66522
vt 0.97996 0.66522
vt 0.98657 0.66522
vt 0.98616 0.61205
vt 0.98043 0.61205
vt 0.98043 0.5519
vt 0.98616 0.5519
vt 0.7668 0.0038
vt 0.75399 0.02472
vt 0.98043 0.66502
vt 0.98616 0.66502
vt 0.96352 0.60072
vt 0.96091 0.60072
vt 0.96091 0.55678
vt 0.96352 0.55678
vt 0.95831 0.60072
vt 0.95831 0.55678
vt 0.80232 0.04691
vt 0.79023 0.02472
vt 0.96053 0.66133
vt 0.95792 0.66133
vt 0.96313 0.66133
vt 0.16217 0.56762
vt 0.16176 0.56762
vt 0.16176 0.57149
vt 0.16217 0.57149
vt 0.11738 0.56701
vt 0.11696 0.567
vt 0.11696 0.57081
vt 0.11738 0.57081
vt 0.14215 0.56757
vt 0.14215 0.57148
vt 0.14599 0.57149
vt 0.14599 0.56759
vt 0.12144 0.5713
vt 0.12187 0.5713
vt 0.12187 0.56724
vt 0.12144 0.56724
vt 0.12592 0.57143
vt 0.12635 0.57143
vt 0.12635 0.56737
vt 0.12592 0.56737
vt 0.43056 0.34654
vt 0.43129 0.34654
vt 0.43129 0.28774
vt 0.43056 0.28774
vt 0.49356 0.57719
vt 0.49356 0.64093
vt 0.49627 0.64094
vt 0.49627 0.5772
vt 0.65732 0.37154
vt 0.65455 0.37153
vt 0.65455 0.43415
vt 0.65732 0.43416
vt 0.65455 0.49652
vt 0.65732 0.49653
vt 0.54813 0.42853
vt 0.54528 0.42852
vt 0.54528 0.4753
vt 0.54813 0.47531
vt 0.91692 0.20263
vt 0.91439 0.20477
vt 0.95995 0.20494
vt 0.95742 0.20278
vt 0.55268 0.42852
vt 0.54984 0.42852
vt 0.54984 0.4753
vt 0.55268 0.4753
vt 0.49356 0.70441
vt 0.49627 0.70443
vt 0.73209 0.4694
vt 0.72959 0.47135
vt 0.77458 0.4712
vt 0.77208 0.46927
vt 0.77208 0.41084
vt 0.77458 0.40812
vt 0.72959 0.40827
vt 0.73209 0.41097
vt 0.73209 0.47352
vt 0.72959 0.53468
vt 0.73209 0.53197
vt 0.47218 0.4047
vt 0.47295 0.40471
vt 0.47295 0.36312
vt 0.47218 0.36312
vt 0.42766 0.62499
vt 0.4284 0.625
vt 0.4284 0.56722
vt 0.42766 0.56722
vt 0.60311 0.51522
vt 0.60387 0.51522
vt 0.60387 0.47364
vt 0.60311 0.47364
vt 0.77208 0.47338
vt 0.77208 0.53183
vt 0.77458 0.53453
vt 0.91692 0.14491
vt 0.91439 0.14223
vt 0.95995 0.1424
vt 0.95742 0.14506
vt 0.91692 0.26439
vt 0.91439 0.26705
vt 0.95995 0.26722
vt 0.95742 0.26454
vt 0.91692 0.20669
vt 0.95742 0.20684
vt 0.98013 0.94182
vt 0.93963 0.94167
vt 0.93963 0.99937
vt 0.98013 0.99952
vt 0.54528 0.53549
vt 0.58528 0.53536
vt 0.58528 0.4769
vt 0.54528 0.47704
vt 0.65903 0.43692
vt 0.69902 0.43678
vt 0.69902 0.37835
vt 0.65903 0.37849
vt 0.83217 0.47656
vt 0.79167 0.47641
vt 0.79167 0.53412
vt 0.83217 0.53427
vt 0.53836 0.16886
vt 0.5376 0.16885
vt 0.5376 0.21044
vt 0.53836 0.21044
vt 0.00121 0.46935
vt 0.00048 0.46935
vt 0.00048 0.52817
vt 0.00121 0.52818
vt 0.42031 0.62499
vt 0.42105 0.625
vt 0.42105 0.5672
vt 0.42031 0.5672
vt 0.47048 0.36312
vt 0.46971 0.36312
vt 0.46971 0.40471
vt 0.47048 0.40471
vt 0.4186 0.5672
vt 0.41786 0.5672
vt 0.41786 0.62499
vt 0.4186 0.625
vt 0.49026 0.29631
vt 0.48953 0.2963
vt 0.48953 0.35511
vt 0.49026 0.35511
vt 0.47164 0.30861
vt 0.47088 0.30861
vt 0.47088 0.3502
vt 0.47164 0.3502
vt 0.27001 0.58368
vt 0.26928 0.58368
vt 0.26928 0.6425
vt 0.27001 0.64251
vt 0.5433 0.16886
vt 0.54254 0.16886
vt 0.54254 0.21044
vt 0.5433 0.21045
vt 0.54578 0.168
vt 0.54501 0.168
vt 0.54501 0.20958
vt 0.54578 0.20958
vt 0.43085 0.56722
vt 0.43011 0.56722
vt 0.43011 0.62499
vt 0.43085 0.625
vt 0.54083 0.16886
vt 0.54007 0.16886
vt 0.54007 0.21044
vt 0.54083 0.21045
vt 0.09017 0.57035
vt 0.09017 0.56936
vt 0.09004 0.56935
vt 0.09004 0.57035
vt 0.25521 0.57321
vt 0.25507 0.5732
vt 0.25508 0.57433
vt 0.25521 0.57433
vt 0.35756 0.52817
vt 0.35756 0.52126
vt 0.35661 0.52127
vt 0.35661 0.52715
vt 0.23886 0.57398
vt 0.23886 0.56697
vt 0.23792 0.56696
vt 0.23792 0.57291
vt 0.25146 0.5738
vt 0.25183 0.56768
vt 0.2517 0.56772
vt 0.25134 0.57384
vt 0.0006 0.43035
vt 0.0006 0.42446
vt 0.00048 0.42442
vt 0.00048 0.43031
vt 0.24094 0.57297
vt 0.24094 0.56701
vt 0.24 0.567
vt 0.24 0.574
vt 0.2391 0.56922
vt 0.2391 0.57173
vt 0.35966 0.5271
vt 0.35966 0.52122
vt 0.35872 0.52124
vt 0.35872 0.52816
vt 0.35781 0.52345
vt 0.35781 0.52592
vt 0.2517 0.57491
vt 0.25183 0.57488
vt 0.25521 0.5719
vt 0.25508 0.57189
vt 0.09017 0.56814
vt 0.09017 0.56715
vt 0.09004 0.56715
vt 0.09004 0.56814
vt 0.23975 0.57174
vt 0.35847 0.52591
vt 0.23975 0.56923
vt 0.35847 0.52344
vt 0.22391 0.57254
vt 0.22403 0.57256
vt 0.22403 0.57009
vt 0.22391 0.57006
vt 0.0587 0.56784
vt 0.05882 0.56784
vt 0.05882 0.56717
vt 0.0587 0.56716
vt 0.09337 0.57011
vt 0.09349 0.57009
vt 0.09349 0.56757
vt 0.09337 0.56759
vt 0.06331 0.56716
vt 0.06319 0.56716
vt 0.06319 0.56784
vt 0.06331 0.56784
vt 0.21584 0.59282
vt 0.2166 0.59264
vt 0.2166 0.57416
vt 0.21584 0.57434
vt 0.24358 0.59301
vt 0.24438 0.59303
vt 0.24438 0.57538
vt 0.24358 0.57536
vt 0.49414 0.01357
vt 0.49327 0.01357
vt 0.49327 0.02998
vt 0.49414 0.02999
vt 0.36808 0.52775
vt 0.36885 0.52802
vt 0.36932 0.52733
vt 0.36885 0.52663
vt 0.36808 0.52689
vt 0.2469 0.57558
vt 0.24609 0.57558
vt 0.24609 0.59304
vt 0.2469 0.59304
vt 0.21737 0.59282
vt 0.21737 0.57434
vt 0.31394 0.36595
vt 0.3144 0.36525
vt 0.31394 0.36454
vt 0.31318 0.36481
vt 0.31318 0.36568
vt 0.38397 0.52818
vt 0.38495 0.52818
vt 0.38495 0.5276
vt 0.38396 0.5276
vt 0.38495 0.52667
vt 0.38397 0.52668
vt 0.38761 0.52719
vt 0.38666 0.52719
vt 0.38666 0.52817
vt 0.38761 0.52818
vt 0.38128 0.52497
vt 0.38226 0.52498
vt 0.38225 0.52404
vt 0.38128 0.52403
vt 0.38226 0.52347
vt 0.38128 0.52346
vt 0.15876 0.5676
vt 0.15876 0.57147
vt 0.15933 0.57147
vt 0.15933 0.5676
vt 0.13809 0.56777
vt 0.13809 0.5715
vt 0.13907 0.57149
vt 0.13907 0.56777
vt 0.1358 0.57147
vt 0.1358 0.56757
vt 0.13488 0.56756
vt 0.13488 0.57147
vt 0.13638 0.57147
vt 0.13638 0.56757
vt 0.15782 0.56761
vt 0.15782 0.57148
vt 0.2689 0.56815
vt 0.26892 0.56877
vt 0.26983 0.56875
vt 0.26982 0.56814
vt 0.2689 0.56718
vt 0.26982 0.56716
vt 0.38219 0.52175
vt 0.38219 0.52069
vt 0.38133 0.5207
vt 0.38133 0.52175
vt 0.37679 0.52389
vt 0.37679 0.52487
vt 0.37771 0.52488
vt 0.37771 0.52389
vt 0.37679 0.52328
vt 0.37771 0.52328
vt 0.3605 0.57702
vt 0.36048 0.57697
vt 0.35989 0.57694
vt 0.35988 0.57699
vt 0.35894 0.5766
vt 0.35888 0.57662
vt 0.35988 0.57512
vt 0.35989 0.57517
vt 0.36048 0.57528
vt 0.3605 0.57524
vt 0.35894 0.5755
vt 0.35888 0.57547
vt 0.37774 0.5239
vt 0.37775 0.52332
vt 0.37775 0.52483
vt 0.35841 0.51937
vt 0.35846 0.51933
vt 0.35846 0.5187
vt 0.35841 0.51871
vt 0.38128 0.52073
vt 0.38128 0.52172
vt 0.26986 0.56813
vt 0.26986 0.56721
vt 0.13137 0.57132
vt 0.13198 0.57131
vt 0.13198 0.56756
vt 0.13137 0.56756
vt 0.1304 0.5713
vt 0.1304 0.56754
vt 0.10905 0.56701
vt 0.108 0.56701
vt 0.108 0.57053
vt 0.10905 0.57054
vt 0.15513 0.57141
vt 0.15611 0.5714
vt 0.15611 0.56767
vt 0.15513 0.56768
vt 0.15453 0.57141
vt 0.15453 0.56768
vt 0.15456 0.57149
vt 0.15514 0.57149
vt 0.15607 0.57148
vt 0.13136 0.5714
vt 0.13195 0.5714
vt 0.00056 0.42147
vt 0.00048 0.4215
vt 0.00048 0.42258
vt 0.00056 0.42261
vt 0.15514 0.5676
vt 0.15456 0.5676
vt 0.13045 0.57138
vt 0.15607 0.56759
vt 0.13195 0.56747
vt 0.13136 0.56747
vt 0.10803 0.57063
vt 0.10903 0.57063
vt 0.13045 0.56746
vt 0.38576 0.57692
vt 0.38675 0.57692
vt 0.38674 0.57634
vt 0.38576 0.57635
vt 0.38675 0.57542
vt 0.38576 0.57542
vt 0.38221 0.36212
vt 0.38127 0.36212
vt 0.38127 0.36311
vt 0.38221 0.36311
vt 0.38128 0.36633
vt 0.38226 0.36633
vt 0.38225 0.3654
vt 0.38128 0.36539
vt 0.38226 0.36483
vt 0.38128 0.36482
vt 0.37121 0.52755
vt 0.37123 0.52816
vt 0.37214 0.52815
vt 0.37213 0.52753
vt 0.37121 0.52658
vt 0.37213 0.52656
vt 0.38488 0.52496
vt 0.38488 0.52391
vt 0.38402 0.52391
vt 0.38402 0.52496
vt 0.37616 0.52719
vt 0.37616 0.52818
vt 0.37707 0.52818
vt 0.37707 0.52719
vt 0.37616 0.52658
vt 0.37707 0.52658
vt 0.35602 0.36588
vt 0.35599 0.36583
vt 0.35541 0.3658
vt 0.3554 0.36584
vt 0.35446 0.36545
vt 0.3544 0.36548
vt 0.3554 0.36398
vt 0.35541 0.36403
vt 0.35599 0.36414
vt 0.35602 0.36409
vt 0.35446 0.36436
vt 0.3544 0.36433
vt 0.37711 0.5272
vt 0.37711 0.52662
vt 0.37711 0.52814
vt 0.35665 0.51937
vt 0.3567 0.51933
vt 0.3567 0.5187
vt 0.35665 0.51871
vt 0.38397 0.52394
vt 0.38397 0.52494
vt 0.37217 0.52753
vt 0.37217 0.52661
vt 0.36579 0.52724
vt 0.36636 0.52724
vt 0.36637 0.52645
vt 0.3658 0.52645
vt 0.21369 0.56791
vt 0.21423 0.56791
vt 0.21423 0.56677
vt 0.21369 0.56678
vt 0.37388 0.52751
vt 0.37445 0.52751
vt 0.37445 0.52656
vt 0.37388 0.52656
vt 0.37388 0.52818
vt 0.37445 0.52818
vt 0.3658 0.52817
vt 0.36637 0.52817
vt 0.26927 0.57774
vt 0.26928 0.57845
vt 0.26983 0.57845
vt 0.26982 0.57774
vt 0.26928 0.57676
vt 0.26983 0.57675
vt 0.21947 0.5669
vt 0.21947 0.5681
vt 0.21999 0.56811
vt 0.21999 0.5669
vt 0.26928 0.581
vt 0.26928 0.58197
vt 0.26983 0.58197
vt 0.26982 0.581
vt 0.26928 0.58017
vt 0.26983 0.58017
vt 0.36011 0.56976
vt 0.36008 0.5697
vt 0.35934 0.56974
vt 0.35933 0.56979
vt 0.35849 0.56932
vt 0.35844 0.56935
vt 0.35945 0.56784
vt 0.35945 0.56789
vt 0.36007 0.56804
vt 0.36011 0.568
vt 0.35856 0.56818
vt 0.35852 0.56814
vt 0.22572 0.5668
vt 0.22572 0.56685
vt 0.2265 0.5669
vt 0.22654 0.56684
vt 0.22479 0.56725
vt 0.22483 0.56727
vt 0.22654 0.56863
vt 0.2265 0.56859
vt 0.22584 0.56874
vt 0.22585 0.56879
vt 0.22486 0.56848
vt 0.2249 0.56844
vt 0.4944 0.35497
vt 0.49513 0.35497
vt 0.49513 0.29617
vt 0.4944 0.29617
vt 0.52395 0.40836
vt 0.52395 0.4721
vt 0.52667 0.47211
vt 0.52667 0.40838
vt 0.53115 0.41061
vt 0.52838 0.4106
vt 0.52838 0.47321
vt 0.53115 0.47322
vt 0.52838 0.53558
vt 0.53115 0.53559
vt 0.55603 0.26914
vt 0.55888 0.26914
vt 0.55888 0.22237
vt 0.55603 0.22236
vt 0.95742 0.0803
vt 0.95995 0.07816
vt 0.91439 0.07799
vt 0.91692 0.08015
vt 0.55436 0.36849
vt 0.55152 0.36849
vt 0.55152 0.41526
vt 0.55436 0.41526
vt 0.52395 0.53558
vt 0.52667 0.53559
vt 0.79145 0.40759
vt 0.78896 0.40954
vt 0.83394 0.40939
vt 0.83145 0.40746
vt 0.83145 0.34903
vt 0.83394 0.34631
vt 0.78896 0.34646
vt 0.79145 0.34916
vt 0.79145 0.4117
vt 0.78896 0.47287
vt 0.79145 0.47015
vt 0.47466 0.4047
vt 0.47542 0.40471
vt 0.47542 0.36312
vt 0.47466 0.36312
vt 0.43256 0.62499
vt 0.4333 0.625
vt 0.4333 0.56723
vt 0.43256 0.56722
vt 0.63292 0.43874
vt 0.63216 0.43874
vt 0.63216 0.48032
vt 0.63292 0.48032
vt 0.83145 0.41157
vt 0.83145 0.47002
vt 0.83394 0.47272
vt 0.95742 0.13801
vt 0.95995 0.14069
vt 0.91439 0.14052
vt 0.91692 0.13786
vt 0.95742 0.01854
vt 0.95995 0.01587
vt 0.91439 0.01571
vt 0.91692 0.01839
vt 0.95742 0.07623
vt 0.91692 0.07608
vt 0.72945 0.211
vt 0.68895 0.21085
vt 0.68895 0.26854
vt 0.72945 0.26869
vt 0.56048 0.42249
vt 0.60047 0.42236
vt 0.60047 0.36391
vt 0.56048 0.36404
vt 0.67514 0.53492
vt 0.71513 0.53479
vt 0.71513 0.47636
vt 0.67514 0.4765
vt 0.90454 0.88203
vt 0.86403 0.88188
vt 0.86403 0.93959
vt 0.90454 0.93974
vt 0.47536 0.35382
vt 0.47612 0.35382
vt 0.47612 0.31223
vt 0.47536 0.31223
vt 0.48465 0.35483
vt 0.48538 0.35483
vt 0.48538 0.29602
vt 0.48465 0.29601
vt 0.42521 0.62499
vt 0.42595 0.625
vt 0.42595 0.56721
vt 0.42521 0.56721
vt 0.468 0.36312
vt 0.46724 0.36311
vt 0.46724 0.4047
vt 0.468 0.40471
vt 0.4235 0.56721
vt 0.42276 0.5672
vt 0.42276 0.62499
vt 0.4235 0.625
vt 0.49269 0.29617
vt 0.49196 0.29617
vt 0.49196 0.35497
vt 0.49269 0.35497
vt 0.53884 0.36283
vt 0.53808 0.36283
vt 0.53808 0.40442
vt 0.53884 0.40442
vt 0.48782 0.29602
vt 0.48709 0.29601
vt 0.48709 0.35483
vt 0.48782 0.35483
vt 0.62844 0.43513
vt 0.62768 0.43513
vt 0.62768 0.47671
vt 0.62844 0.47671
vt 0.57019 0.18238
vt 0.56943 0.18238
vt 0.56943 0.22396
vt 0.57019 0.22396
vt 0.43575 0.56723
vt 0.43501 0.56722
vt 0.43501 0.62499
vt 0.43575 0.625
vt 0.62762 0.43342
vt 0.62838 0.43342
vt 0.62838 0.39184
vt 0.62762 0.39184
vt 0.38565 0.57371
vt 0.38664 0.57371
vt 0.38664 0.57313
vt 0.38565 0.57314
vt 0.38664 0.57221
vt 0.38565 0.57221
vt 0.39026 0.52719
vt 0.38931 0.52719
vt 0.38931 0.52817
vt 0.39026 0.52818
vt 0.37882 0.52817
vt 0.3798 0.52817
vt 0.3798 0.52724
vt 0.37882 0.52723
vt 0.3798 0.52666
vt 0.37882 0.52666
vt 0.36137 0.52162
vt 0.36139 0.52223
vt 0.3623 0.52222
vt 0.36229 0.5216
vt 0.36137 0.52064
vt 0.36229 0.52063
vt 0.38645 0.5705
vt 0.38645 0.56945
vt 0.38559 0.56945
vt 0.38559 0.5705
vt 0.36784 0.36526
vt 0.36784 0.36625
vt 0.36875 0.36626
vt 0.36875 0.36527
vt 0.36784 0.36466
vt 0.36875 0.36466
vt 0.3605 0.57343
vt 0.36048 0.57338
vt 0.35989 0.57334
vt 0.35988 0.57339
vt 0.35894 0.573
vt 0.35888 0.57303
vt 0.35988 0.57153
vt 0.35989 0.57157
vt 0.36048 0.57168
vt 0.3605 0.57164
vt 0.35894 0.57191
vt 0.35888 0.57188
vt 0.36879 0.36528
vt 0.36879 0.3647
vt 0.36879 0.36621
vt 0.29616 0.37307
vt 0.29621 0.37302
vt 0.29621 0.37239
vt 0.29616 0.3724
vt 0.38554 0.56948
vt 0.38554 0.57048
vt 0.36233 0.52159
vt 0.36233 0.52067
vt 0.66046 0.50487
vt 0.66043 0.50291
vt 0.6618 0.50259
vt 0.66257 0.50417
vt 0.09641 0.57214
vt 0.09813 0.57248
vt 0.09801 0.57442
vt 0.09627 0.57416
vt 0.06952 0.57112
vt 0.07127 0.57068
vt 0.07126 0.57156
vt 0.06951 0.57181
vt 0.46537 0.3576
vt 0.46363 0.35742
vt 0.46382 0.35542
vt 0.46553 0.35589
vt 0.67329 0.49014
vt 0.67128 0.49019
vt 0.66535 0.48503
vt 0.66679 0.48404
vt 0.78656 0.32351
vt 0.78782 0.32461
vt 0.77838 0.32567
vt 0.77801 0.32412
vt 0.32427 0.37246
vt 0.32607 0.37264
vt 0.32607 0.37358
vt 0.32427 0.3729
vt 0.20533 0.59163
vt 0.20426 0.59292
vt 0.20409 0.59116
vt 0.20532 0.59051
vt 0.20718 0.59188
vt 0.20703 0.5907
vt 0.78589 0.30398
vt 0.78687 0.30297
vt 0.78861 0.30505
vt 0.7871 0.30576
vt 0.48158 0.35693
vt 0.48295 0.35643
vt 0.48372 0.35717
vt 0.48303 0.3584
vt 0.29168 0.36472
vt 0.29347 0.36451
vt 0.29348 0.37296
vt 0.29169 0.37256
vt 0.6238 0.53335
vt 0.62478 0.5348
vt 0.62249 0.53508
vt 0.62257 0.53348
vt 0.27837 0.56786
vt 0.27964 0.56849
vt 0.27962 0.57706
vt 0.27837 0.57622
vt 0.47995 0.35737
vt 0.48203 0.35951
vt 0.28135 0.56819
vt 0.28135 0.57671
vt 0.32305 0.36343
vt 0.32427 0.36254
vt 0.32304 0.37284
vt 0.77698 0.32723
vt 0.77553 0.32696
vt 0.6543 0.49982
vt 0.6546 0.49826
vt 0.48021 0.30416
vt 0.47971 0.30549
vt 0.47107 0.3057
vt 0.47135 0.30431
vt 0.2071 0.57486
vt 0.2054 0.57486
vt 0.20544 0.57444
vt 0.20718 0.57421
vt 0.67259 0.49204
vt 0.67121 0.49093
vt 0.66504 0.48212
vt 0.66663 0.48289
vt 0.32607 0.36288
vt 0.3096 0.3706
vt 0.31137 0.37074
vt 0.3115 0.37334
vt 0.30971 0.37286
vt 0.30971 0.36224
vt 0.3115 0.3625
vt 0.77908 0.32709
vt 0.77866 0.32749
vt 0.0963 0.5906
vt 0.09805 0.59059
vt 0.09813 0.59255
vt 0.09641 0.59289
vt 0.78821 0.32296
vt 0.78991 0.32287
vt 0.78899 0.32543
vt 0.78674 0.32306
vt 0.78584 0.30655
vt 0.29169 0.36296
vt 0.29348 0.36253
vt 0.48235 0.30626
vt 0.48105 0.30685
vt 0.47889 0.30669
vt 0.47949 0.30738
vt 0.46545 0.40446
vt 0.46374 0.40394
vt 0.4638 0.4033
vt 0.46553 0.40352
vt 0.65307 0.49999
vt 0.6522 0.49851
vt 0.47704 0.62785
vt 0.47536 0.62769
vt 0.47536 0.58083
vt 0.47704 0.58096
vt 0.07126 0.59219
vt 0.06952 0.5922
vt 0.34681 0.56861
vt 0.34859 0.56822
vt 0.34857 0.59186
vt 0.3468 0.59188
vt 0.50563 0.35649
vt 0.50581 0.35816
vt 0.60603 0.522
vt 0.60713 0.52062
vt 0.3499 0.56905
vt 0.3499 0.59189
vt 0.77339 0.34801
vt 0.77476 0.34912
vt 0.5951 0.76568
vt 0.59342 0.7658
vt 0.59342 0.58538
vt 0.5951 0.58537
vt 0.43665 0.35342
vt 0.43838 0.35327
vt 0.43838 0.52817
vt 0.43665 0.52818
vt 0.78821 0.51925
vt 0.78674 0.51935
vt 0.78991 0.51916
vt 0.60571 0.51894
vt 0.60704 0.51973
vt 0.44587 0.57354
vt 0.4471 0.57504
vt 0.44682 0.57673
vt 0.44538 0.57654
vt 0.07127 0.59285
vt 0.06952 0.59245
vt 0.34877 0.59495
vt 0.34696 0.59434
vt 0.50589 0.35622
vt 0.50749 0.35642
vt 0.50559 0.30983
vt 0.5074 0.30982
vt 0.63178 0.48619
vt 0.63314 0.48728
vt 0.4471 0.62301
vt 0.44562 0.62301
vt 0.46665 0.30119
vt 0.46842 0.30115
vt 0.46817 0.34346
vt 0.4664 0.34346
vt 0.44369 0.57665
vt 0.44395 0.62303
vt 0.44682 0.62488
vt 0.44559 0.62338
vt 0.46842 0.34623
vt 0.46669 0.34667
vt 0.44379 0.6241
vt 0.50893 0.30624
vt 0.50912 0.30791
vt 0.63174 0.48489
vt 0.63284 0.48352
vt 0.74715 0.30416
vt 0.74733 0.30582
vt 0.46379 0.34939
vt 0.46489 0.34801
vt 0.50893 0.30942
vt 0.74714 0.30734
vt 0.59613 0.98748
vt 0.59439 0.98749
vt 0.59439 0.76757
vt 0.59613 0.76756
vt 0.43495 0.52815
vt 0.43327 0.52817
vt 0.43327 0.3012
vt 0.43495 0.30118
vt 0.34171 0.36662
vt 0.34096 0.36606
vt 0.34096 0.37229
vt 0.34171 0.37174
vt 0.43132 0.27915
vt 0.43056 0.2797
vt 0.43644 0.28161
vt 0.43615 0.28071
vt 0.34007 0.56803
vt 0.34007 0.59534
vt 0.34509 0.59533
vt 0.34509 0.56802
vt 0.39506 0.59654
vt 0.39506 0.56678
vt 0.39023 0.56729
vt 0.39023 0.59705
vt 0.44007 0.27659
vt 0.43914 0.27659
vt 0.49054 0.37871
vt 0.48432 0.37864
vt 0.48432 0.4054
vt 0.49054 0.40547
vt 0.40367 0.59692
vt 0.40951 0.59729
vt 0.40951 0.5674
vt 0.40367 0.56703
vt 0.41482 0.59685
vt 0.41482 0.56696
vt 0.33837 0.56796
vt 0.33226 0.56805
vt 0.33226 0.59532
vt 0.33837 0.59522
vt 0.3246 0.59533
vt 0.33055 0.59535
vt 0.33055 0.56735
vt 0.3246 0.56733
vt 0.39944 0.59715
vt 0.39944 0.56739
vt 0.34681 0.37422
vt 0.34652 0.37332
vt 0.35161 0.56843
vt 0.35161 0.59531
vt 0.3567 0.59528
vt 0.3567 0.56839
vt 0.43132 0.27405
vt 0.43056 0.2735
vt 0.32289 0.59534
vt 0.32289 0.56735
vt 0.31799 0.56721
vt 0.31799 0.5952
vt 0.35042 0.36918
vt 0.34949 0.36918
vt 0.34652 0.36503
vt 0.34681 0.36414
vt 0.43615 0.27247
vt 0.43644 0.27158
vt 0.17349 0.56789
vt 0.17073 0.56789
vt 0.17072 0.56966
vt 0.17348 0.56965
vt 0.26894 0.57049
vt 0.26894 0.57314
vt 0.27104 0.57314
vt 0.27104 0.57048
vt 0.332 0.36705
vt 0.332 0.36968
vt 0.33408 0.36969
vt 0.33408 0.36705
vt 0.17073 0.57156
vt 0.17349 0.57155
vt 0.26131 0.5728
vt 0.26375 0.57305
vt 0.26375 0.57045
vt 0.26131 0.5707
vt 0.20656 0.5722
vt 0.20901 0.57244
vt 0.20901 0.56984
vt 0.20656 0.57009
vt 0.18402 0.57004
vt 0.18401 0.5716
vt 0.18671 0.57159
vt 0.18672 0.57003
vt 0.35233 0.37017
vt 0.35448 0.37016
vt 0.35448 0.36755
vt 0.35233 0.36756
vt 0.26723 0.57047
vt 0.26546 0.57048
vt 0.26546 0.57314
vt 0.26723 0.57314
vt 0.18401 0.5681
vt 0.18671 0.56809
vt 0.19424 0.56854
vt 0.19165 0.56877
vt 0.19214 0.57152
vt 0.19424 0.57134
vt 0.2222 0.56976
vt 0.21962 0.56999
vt 0.22011 0.57271
vt 0.2222 0.57252
vt 0.43213 0.98163
vt 0.43182 0.98132
vt 0.43003 0.98133
vt 0.43024 0.98162
vt 0.4297 0.98444
vt 0.42938 0.9847
vt 0.43152 0.98499
vt 0.43187 0.98468
vt 0.42892 0.9828
vt 0.42848 0.98278
vt 0.41979 0.98467
vt 0.41958 0.98496
vt 0.42136 0.98497
vt 0.42168 0.98466
vt 0.42141 0.98162
vt 0.42107 0.9813
vt 0.41893 0.9816
vt 0.41925 0.98185
vt 0.41803 0.98352
vt 0.41847 0.9835
vt 0.27226 0.56877
vt 0.2727 0.56877
vt 0.2727 0.56666
vt 0.27226 0.56666
vt 0.26391 0.57986
vt 0.26346 0.57986
vt 0.26346 0.58197
vt 0.26391 0.58197
vt 0.43209 0.97886
vt 0.43165 0.97889
vt 0.42121 0.98742
vt 0.42165 0.98745
vt 0.42168 0.97888
vt 0.42123 0.97885
vt 0.43169 0.98745
vt 0.43213 0.98743
vt 0.16899 0.56783
vt 0.16625 0.56784
vt 0.16624 0.56964
vt 0.16898 0.56963
vt 0.24644 0.56676
vt 0.24644 0.56943
vt 0.24854 0.56942
vt 0.24854 0.56676
vt 0.33408 0.36534
vt 0.33408 0.36272
vt 0.33199 0.36271
vt 0.33199 0.36534
vt 0.16625 0.57152
vt 0.16899 0.57151
vt 0.23344 0.57337
vt 0.23588 0.57361
vt 0.23588 0.57101
vt 0.23344 0.57126
vt 0.24683 0.57355
vt 0.24927 0.57379
vt 0.24927 0.57119
vt 0.24683 0.57144
vt 0.17961 0.57002
vt 0.1796 0.5716
vt 0.1823 0.5716
vt 0.18231 0.57001
vt 0.34992 0.36496
vt 0.35206 0.36496
vt 0.35206 0.36234
vt 0.34992 0.36234
vt 0.27452 0.57048
vt 0.27275 0.57048
vt 0.27275 0.57313
vt 0.27452 0.57313
vt 0.1796 0.56809
vt 0.1823 0.56809
vt 0.10059 0.56765
vt 0.098 0.56788
vt 0.09849 0.57062
vt 0.10059 0.57043
vt 0.21777 0.56953
vt 0.21519 0.56976
vt 0.21567 0.57247
vt 0.21777 0.57228
vt 0.42904 0.01307
vt 0.42873 0.01276
vt 0.42694 0.01277
vt 0.42715 0.01306
vt 0.42662 0.01588
vt 0.42629 0.01614
vt 0.42844 0.01643
vt 0.42878 0.01612
vt 0.42584 0.01424
vt 0.42539 0.01422
vt 0.42524 0.98467
vt 0.42504 0.98496
vt 0.42682 0.98497
vt 0.42713 0.98466
vt 0.42687 0.98162
vt 0.42652 0.9813
vt 0.42438 0.9816
vt 0.42471 0.98185
vt 0.42349 0.98352
vt 0.42393 0.9835
vt 0.07558 0.56705
vt 0.07514 0.56705
vt 0.07514 0.56916
vt 0.07558 0.56916
vt 0.26175 0.57986
vt 0.26131 0.57986
vt 0.26131 0.58197
vt 0.26175 0.58197
vt 0.42901 0.0103
vt 0.42856 0.01033
vt 0.42667 0.98742
vt 0.42711 0.98745
vt 0.42713 0.97888
vt 0.42669 0.97885
vt 0.4286 0.01889
vt 0.42904 0.01887
vt 0.15045 0.5678
vt 0.14771 0.56781
vt 0.1477 0.56962
vt 0.15044 0.56961
vt 0.24264 0.56676
vt 0.24264 0.56943
vt 0.24473 0.56942
vt 0.24473 0.56675
vt 0.35649 0.37451
vt 0.35649 0.37189
vt 0.3544 0.37188
vt 0.3544 0.3745
vt 0.14771 0.57149
vt 0.15045 0.57149
vt 0.0856 0.5696
vt 0.08804 0.56984
vt 0.08804 0.56723
vt 0.0856 0.56748
vt 0.22896 0.57276
vt 0.2314 0.573
vt 0.2314 0.57039
vt 0.22896 0.57064
vt 0.17521 0.57
vt 0.1752 0.5716
vt 0.1779 0.57159
vt 0.1779 0.57
vt 0.32778 0.36533
vt 0.32992 0.36533
vt 0.32992 0.3627
vt 0.32778 0.36271
vt 0.332 0.37405
vt 0.33378 0.37404
vt 0.33378 0.3714
vt 0.332 0.3714
vt 0.1752 0.56809
vt 0.1779 0.56808
vt 0.19869 0.56855
vt 0.1961 0.56878
vt 0.19659 0.57153
vt 0.19869 0.57134
vt 0.20313 0.56858
vt 0.20055 0.56881
vt 0.20104 0.57152
vt 0.20313 0.57133
vt 0.31791 0.36785
vt 0.3176 0.36754
vt 0.31581 0.36755
vt 0.31602 0.36784
vt 0.31548 0.37066
vt 0.31516 0.37092
vt 0.3173 0.37121
vt 0.31765 0.3709
vt 0.3147 0.36902
vt 0.31426 0.369
vt 0.2981 0.3705
vt 0.29789 0.37078
vt 0.29967 0.37079
vt 0.29999 0.37048
vt 0.29972 0.36744
vt 0.29937 0.36712
vt 0.29724 0.36742
vt 0.29756 0.36768
vt 0.29634 0.36934
vt 0.29678 0.36932
vt 0.07299 0.56916
vt 0.07343 0.56916
vt 0.07343 0.56705
vt 0.07299 0.56705
vt 0.25629 0.56808
vt 0.25584 0.56808
vt 0.25584 0.57018
vt 0.25629 0.57018
vt 0.31787 0.36508
vt 0.31743 0.36511
vt 0.29952 0.37324
vt 0.29996 0.37327
vt 0.29999 0.3647
vt 0.29954 0.36467
vt 0.31746 0.37367
vt 0.31791 0.37365
vt 0.43275 0.97181
vt 0.44815 0.98735
vt 0.45064 0.9875
vt 0.48014 0.98745
vt 0.49839 0.01342
vt 0.50661 0.01394
vt 0.96442 0.4135
vt 0.96705 0.41381
vt 0.96922 0.39938
vt 0.9666 0.39906
vt 0.98137 0.42116
vt 0.97873 0.42102
vt 0.97988 0.43542
vt 0.98252 0.43556
vt 0.96213 0.40025
vt 0.96442 0.40157
vt 0.96442 0.39893
vt 0.98513 0.42093
vt 0.98252 0.42139
vt 0.98351 0.43556
vt 0.98611 0.43511
vt 0.98611 0.39904
vt 0.98351 0.3995
vt 0.98252 0.3993
vt 0.97988 0.39916
vt 0.9666 0.43525
vt 0.96922 0.43556
vt 0.98611 0.41599
vt 0.98867 0.41665
vt 0.98921 0.40145
vt 0.98665 0.40079
vt 0.95902 0.41667
vt 0.96166 0.41666
vt 0.96178 0.40158
vt 0.95348 0.40001
vt 0.95577 0.40133
vt 0.95577 0.39869
vt 0.97659 0.41995
vt 0.97398 0.4204
vt 0.97612 0.43556
vt 0.97873 0.43511
vt 0.97873 0.40103
vt 0.97612 0.40148
vt 0.95914 0.43556
vt 0.96178 0.43556
vt 0.98665 0.4349
vt 0.98921 0.43556
vt 0.98921 0.4147
vt 0.99176 0.41541
vt 0.99208 0.40133
vt 0.98954 0.40062
vt 0.95348 0.41548
vt 0.95612 0.41537
vt 0.95902 0.40133
vt 0.95638 0.40144
vt 0.9613 0.40157
vt 0.9613 0.39893
vt 0.95902 0.40025
vt 0.97183 0.4211
vt 0.96922 0.4215
vt 0.97137 0.43556
vt 0.97398 0.43517
vt 0.97398 0.40102
vt 0.97137 0.40141
vt 0.95373 0.43556
vt 0.95638 0.43545
vt 0.98954 0.43485
vt 0.99208 0.43556
vt 0.51912 0.04756
vt 0.51863 0.0288
vt 0.51119 0.02953
vt 0.51119 0.04833
vt 0.18617 0.49528
vt 0.18617 0.51017
vt 0.19515 0.5101
vt 0.19506 0.49522
vt 0.37052 0.59537
vt 0.37095 0.56862
vt 0.36336 0.56847
vt 0.36336 0.59522
vt 0.09062 0.51013
vt 0.0907 0.49555
vt 0.08265 0.49517
vt 0.08265 0.50975
vt 0.45759 0.0415
vt 0.45268 0.02683
vt 0.43056 0.03251
vt 0.43056 0.04777
vt 0.45568 0.0108
vt 0.4382 0.01528
vt 0.54929 0.0447
vt 0.54843 0.02927
vt 0.52883 0.03163
vt 0.5249 0.04831
vt 0.53972 0.01551
vt 0.5249 0.01727
vt 0.51837 0.01388
vt 0.51142 0.01456
vt 0.92902 0.76573
vt 0.93161 0.76723
vt 0.93161 0.76424
vt 0.92902 0.79522
vt 0.93199 0.79491
vt 0.93199 0.77021
vt 0.92902 0.77052
vt 0.9379 0.7703
vt 0.93493 0.77053
vt 0.93493 0.79522
vt 0.9379 0.795
vt 0.93199 0.79468
vt 0.93493 0.77047
vt 0.93199 0.76993
vt 0.92866 0.78342
vt 0.9258 0.78257
vt 0.92616 0.79437
vt 0.90413 0.77685
vt 0.90709 0.77653
vt 0.90964 0.76475
vt 0.90668 0.76507
vt 0.93161 0.77021
vt 0.92902 0.76872
vt 0.91663 0.78298
vt 0.9137 0.7835
vt 0.9159 0.79522
vt 0.91883 0.7947
vt 0.91883 0.76454
vt 0.9159 0.76506
vt 0.90668 0.79522
vt 0.90964 0.7949
vt 0.92902 0.76506
vt 0.92616 0.76421
vt 0.92279 0.77599
vt 0.92567 0.77676
vt 0.9258 0.75669
vt 0.92291 0.75592
vt 0.91883 0.77674
vt 0.9218 0.77646
vt 0.92279 0.7564
vt 0.91982 0.75668
vt 0.93458 0.76993
vt 0.93458 0.76695
vt 0.93199 0.76844
vt 0.91259 0.77469
vt 0.90964 0.77517
vt 0.91075 0.79522
vt 0.9137 0.79474
vt 0.9137 0.7562
vt 0.91075 0.75668
vt 0.91982 0.79522
vt 0.92279 0.79494
vt 0.92291 0.79445
vt 0.9258 0.79522
vt 0.89947 0.70096
vt 0.89657 0.70263
vt 0.89947 0.70431
vt 0.90039 0.70436
vt 0.89706 0.70472
vt 0.89714 0.73075
vt 0.90039 0.73208
vt 0.90373 0.70578
vt 0.90039 0.70606
vt 0.90373 0.7318
vt 0.89377 0.73147
vt 0.89706 0.73208
vt 0.89706 0.70431
vt 0.89368 0.7054
vt 0.89325 0.71883
vt 0.89004 0.71788
vt 0.89047 0.73113
vt 0.89368 0.73208
vt 0.86574 0.71147
vt 0.86907 0.7111
vt 0.87193 0.69788
vt 0.8686 0.69825
vt 0.89657 0.70096
vt 0.89657 0.69761
vt 0.89368 0.69928
vt 0.87977 0.71834
vt 0.87648 0.71893
vt 0.87894 0.73208
vt 0.88223 0.73149
vt 0.88223 0.69764
vt 0.87894 0.69823
vt 0.8686 0.73208
vt 0.87193 0.73171
vt 0.89368 0.69823
vt 0.89047 0.69728
vt 0.88667 0.7105
vt 0.88991 0.71136
vt 0.89004 0.68884
vt 0.88681 0.68798
vt 0.88223 0.71134
vt 0.88557 0.71102
vt 0.88667 0.68852
vt 0.88334 0.68883
vt 0.89368 0.70263
vt 0.89657 0.70431
vt 0.87524 0.70903
vt 0.87193 0.70958
vt 0.87318 0.73208
vt 0.87648 0.73153
vt 0.87648 0.68829
vt 0.87318 0.68883
vt 0.88334 0.73208
vt 0.88667 0.73176
vt 0.88681 0.73122
vt 0.89004 0.73208
vt 0.08094 0.51006
vt 0.08094 0.49603
vt 0.07257 0.49498
vt 0.07257 0.50902
vt 0.5112 0.36581
vt 0.5112 0.38276
vt 0.51958 0.38306
vt 0.51958 0.36612
vt 0.46192 0.02631
vt 0.46956 0.04351
vt 0.48704 0.048
vt 0.48405 0.03201
vt 0.46192 0.01108
vt 0.48896 0.01739
vt 0.55571 0.03262
vt 0.55178 0.04701
vt 0.56661 0.04866
vt 0.5753 0.03487
vt 0.55178 0.01592
vt 0.57615 0.01943
vt 0.01912 0.56933
vt 0.01912 0.59304
vt 0.02714 0.5927
vt 0.02672 0.56901
vt 0.57033 0.45767
vt 0.57014 0.44416
vt 0.56254 0.44473
vt 0.56245 0.45826
vt 0.56245 0.4752
vt 0.57063 0.47458
vt 0.52464 0.36296
vt 0.52464 0.37977
vt 0.53245 0.38037
vt 0.53274 0.36358
vt 0.52475 0.39373
vt 0.53227 0.39431
vt 0.98905 0.08614
vt 0.98017 0.08608
vt 0.98053 0.09945
vt 0.98905 0.09958
vt 0.98017 0.10074
vt 0.97174 0.09803
vt 0.97175 0.11006
vt 0.98017 0.11328
vt 0.99765 0.09949
vt 0.99765 0.08747
vt 0.98905 0.08756
vt 0.97174 0.09813
vt 0.9632 0.10075
vt 0.9632 0.11328
vt 0.97174 0.11015
vt 0.98017 0.08403
vt 0.9716 0.08467
vt 0.9716 0.09803
vt 0.98017 0.09739
vt 0.98906 0.09993
vt 0.98017 0.09958
vt 0.98052 0.11301
vt 0.98906 0.11328
vt 0.00051 0.34826
vt 0.61811 0.57271
usemtl mat1
f 430/430/174 431/431/174 432/432/174
f 432/432/174 433/433/174 430/430/174
f 434/430/175 430/430/175 433/433/175
f 433/433/175 435/433/175 434/430/175
f 436/434/176 437/435/176 438/436/176
f 431/431/177 434/430/177 435/433/177
f 435/433/177 432/432/177 431/431/177
f 439/437/178 440/438/178 441/439/178
f 441/439/178 442/440/178 439/437/178
f 440/438/175 443/438/175 444/439/175
f 444/439/175 441/439/175 440/438/175
f 443/438/179 439/437/179 442/440/179
f 442/440/179 444/439/179 443/438/179
f 442/440/180 441/439/180 434/430/180
f 434/430/180 431/431/180 442/440/180
f 441/439/175 444/439/175 430/430/175
f 430/430/175 434/430/175 441/439/175
f 444/439/181 442/440/181 431/431/181
f 431/431/181 430/430/181 444/439/181
f 445/441/182 446/442/182 447/443/182
f 447/443/182 448/444/182 445/441/182
f 449/445/183 450/446/183 451/447/183
f 451/447/183 452/448/183 449/445/183
f 453/449/184 454/450/184 455/451/184
f 455/451/184 456/452/184 453/449/184
f 457/453/185 458/454/185 459/455/185
f 457/453/185 459/455/185 460/456/185
f 461/457/186 462/458/186 463/459/186
f 463/459/186 464/460/186 461/457/186
f 465/461/187 466/462/188 467/463/189
f 467/463/189 468/464/187 465/461/187
f 469/465/190 470/466/191 471/467/192
f 471/467/192 472/468/193 469/465/190
f 473/469/184 474/470/194 475/471/195
f 475/471/195 476/472/184 473/469/184
f 477/473/184 478/474/184 473/469/184
f 473/469/184 476/472/184 477/473/184
f 479/475/184 469/465/190 480/476/196
f 480/476/196 481/477/184 479/475/184
f 482/478/194 483/479/197 470/466/191
f 470/466/191 469/465/190 482/478/194
f 484/480/184 485/481/184 486/482/195
f 486/482/195 487/483/184 484/480/184
f 488/484/184 473/469/184 478/474/184
f 478/474/184 489/485/184 488/484/184
f 490/486/194 491/487/197 474/470/194
f 474/470/194 473/469/184 490/486/194
f 476/472/184 475/471/195 492/488/198
f 492/488/198 493/489/195 476/472/184
f 476/472/184 493/489/195 482/478/194
f 482/478/194 469/465/190 476/472/184
f 487/483/184 486/482/195 494/490/198
f 494/490/198 495/491/195 487/483/184
f 487/483/184 495/491/195 490/486/194
f 490/486/194 473/469/184 487/483/184
f 477/473/184 476/472/184 496/492/184
f 496/492/184 497/493/184 477/473/184
f 477/473/184 497/493/184 481/477/184
f 481/477/184 480/476/196 477/473/184
f 496/492/184 476/472/184 469/465/190
f 469/465/190 479/475/184 496/492/184
f 498/494/195 479/475/184 481/477/184
f 481/477/184 499/495/195 498/494/195
f 497/493/184 496/492/184 500/496/194
f 500/496/194 501/497/194 497/493/184
f 497/493/184 501/497/194 499/495/195
f 499/495/195 481/477/184 497/493/184
f 500/496/194 496/492/184 479/475/184
f 479/475/184 498/494/195 500/496/194
f 502/498/184 487/483/184 503/499/184
f 503/499/184 504/500/184 502/498/184
f 502/498/184 504/500/184 489/485/184
f 489/485/184 478/474/184 502/498/184
f 503/499/184 487/483/184 473/469/184
f 473/469/184 488/484/184 503/499/184
f 505/501/195 488/484/184 489/485/184
f 489/485/184 506/502/195 505/501/195
f 504/500/184 503/499/184 507/503/194
f 507/503/194 508/504/194 504/500/184
f 504/500/184 508/504/194 506/502/195
f 506/502/195 489/485/184 504/500/184
f 507/503/194 503/499/184 488/484/184
f 488/484/184 505/501/195 507/503/194
f 509/505/175 510/506/175 511/507/175
f 511/507/175 512/508/175 509/505/175
f 513/509/175 514/510/175 511/507/175
f 511/507/175 515/511/175 513/509/175
f 516/512/175 517/513/175 518/514/175
f 518/514/175 519/515/175 516/512/175
f 520/516/175 521/517/175 518/514/175
f 518/514/175 522/518/175 520/516/175
f 510/506/175 523/519/175 524/520/175
f 524/520/175 525/521/175 510/506/175
f 510/506/175 525/521/175 515/511/175
f 515/511/175 511/507/175 510/506/175
f 524/520/175 523/519/175 514/510/175
f 514/510/175 513/509/175 524/520/175
f 517/513/175 526/522/175 527/523/175
f 527/523/175 528/524/175 517/513/175
f 517/513/175 528/524/175 522/518/175
f 522/518/175 518/514/175 517/513/175
f 527/523/175 526/522/175 521/517/175
f 521/517/175 520/516/175 527/523/175
f 529/525/182 530/526/182 531/527/182
f 531/527/182 532/528/182 529/525/182
f 533/529/199 534/530/182 535/531/182
f 535/531/182 536/532/200 533/529/199
f 537/533/182 533/529/199 538/534/199
f 538/534/199 539/535/182 537/533/182
f 530/526/182 540/536/182 541/537/182
f 541/537/182 531/527/182 530/526/182
f 542/538/201 543/539/200 538/534/199
f 538/534/199 544/540/202 542/538/201
f 545/541/182 546/542/182 529/525/182
f 529/525/182 532/528/182 545/541/182
f 547/543/182 548/544/182 534/530/182
f 534/530/182 549/545/182 547/543/182
f 550/546/182 535/531/182 534/530/182
f 534/530/182 551/547/182 550/546/182
f 533/529/199 536/532/200 552/548/201
f 552/548/201 553/549/202 533/529/199
f 533/529/199 553/549/202 544/540/202
f 544/540/202 538/534/199 533/529/199
f 552/548/201 536/532/200 543/539/200
f 543/539/200 542/538/201 552/548/201
f 548/544/182 554/550/182 555/551/182
f 555/551/182 556/552/182 548/544/182
f 548/544/182 556/552/182 551/547/182
f 551/547/182 534/530/182 548/544/182
f 555/551/182 554/550/182 535/531/182
f 535/531/182 550/546/182 555/551/182
f 533/529/199 537/533/182 549/545/182
f 549/545/182 534/530/182 533/529/199
f 510/506/175 509/505/175 519/515/175
f 519/515/175 518/514/175 510/506/175
f 523/519/175 510/506/175 518/514/175
f 518/514/175 521/517/175 523/519/175
f 523/519/175 521/517/175 557/553/203
f 557/553/203 558/554/204 523/519/175
f 559/555/184 484/480/184 487/483/184
f 487/483/184 502/498/184 559/555/184
f 547/543/182 545/541/182 554/550/182
f 554/550/182 548/544/182 547/543/182
f 536/532/200 531/527/182 541/537/182
f 541/537/182 543/539/200 536/532/200
f 543/539/200 541/537/182 539/535/182
f 539/535/182 538/534/199 543/539/200
f 535/531/182 532/528/182 531/527/182
f 531/527/182 536/532/200 535/531/182
f 554/550/182 545/541/182 532/528/182
f 532/528/182 535/531/182 554/550/182
f 560/556/205 465/461/205 468/464/205
f 468/464/205 561/557/205 560/556/205
f 523/519/175 558/554/204 562/558/206
f 562/558/206 514/510/175 523/519/175
f 514/510/175 562/558/206 512/508/175
f 512/508/175 511/507/175 514/510/175
f 526/522/175 563/559/207 557/553/203
f 557/553/203 521/517/175 526/522/175
f 516/512/175 563/559/207 526/522/175
f 526/522/175 517/513/175 516/512/175
f 564/560/208 558/554/204 557/553/203
f 557/553/203 565/561/209 564/560/208
f 480/476/196 469/465/190 472/468/193
f 472/468/193 566/562/210 480/476/196
f 567/563/211 565/561/209 557/553/203
f 557/553/203 563/559/207 567/563/211
f 564/560/208 568/564/212 562/558/206
f 562/558/206 558/554/204 564/560/208
f 569/565/182 570/566/182 571/567/182
f 571/567/182 572/568/182 569/565/182
f 573/569/182 574/570/182 575/571/182
f 575/571/182 576/572/182 573/569/182
f 577/573/182 578/574/182 579/575/182
f 579/575/182 580/576/182 577/573/182
f 581/577/176 582/578/176 583/579/176
f 583/579/176 584/580/176 581/577/176
f 585/581/176 586/582/176 587/583/176
f 587/583/176 588/584/176 585/581/176
f 589/585/213 590/586/213 591/587/213
f 591/587/213 592/588/213 589/585/213
f 593/589/213 594/590/213 595/591/213
f 595/591/213 596/592/213 593/589/213
f 597/593/213 598/594/213 599/595/213
f 599/595/213 600/596/213 597/593/213
f 601/597/175 602/598/175 603/599/175
f 603/599/175 604/600/175 601/597/175
f 605/601/182 606/602/182 607/603/182
f 607/603/182 608/604/182 605/601/182
f 609/605/213 610/606/213 611/607/213
f 611/607/213 612/608/213 609/605/213
f 613/609/175 614/610/175 615/611/175
f 615/611/175 616/612/175 613/609/175
f 617/613/175 618/614/175 619/615/175
f 619/615/175 620/616/175 617/613/175
f 621/617/175 622/618/175 623/619/175
f 623/619/175 624/620/175 621/617/175
f 625/621/184 626/622/184 627/623/184
f 627/623/184 628/624/184 625/621/184
f 629/625/184 630/626/184 631/627/184
f 631/627/184 632/628/184 629/625/184
f 633/629/184 634/630/184 635/631/184
f 635/631/184 636/632/184 633/629/184
f 637/633/184 638/634/184 639/635/184
f 639/635/184 640/636/184 637/633/184
f 641/637/184 642/638/184 643/639/184
f 643/639/184 644/640/184 641/637/184
f 645/641/176 646/642/176 647/643/176
f 647/643/176 648/644/176 645/641/176
f 649/645/176 650/646/176 651/647/176
f 651/647/176 652/648/176 649/645/176
f 653/649/214 654/650/214 655/651/214
f 655/651/214 656/652/214 653/649/214
f 657/653/213 658/654/213 659/655/213
f 659/655/213 660/656/213 657/653/213
f 661/657/184 662/658/184 663/659/184
f 663/659/184 664/660/184 661/657/184
f 665/661/213 666/662/213 667/663/213
f 667/663/213 668/664/213 665/661/213
f 669/665/214 670/666/214 671/667/214
f 671/667/214 672/668/214 669/665/214
f 673/669/175 674/670/175 675/671/175
f 675/671/175 676/672/175 673/669/175
f 677/673/175 678/674/175 679/675/175
f 679/675/175 680/676/175 677/673/175
f 681/677/176 682/678/176 683/679/176
f 683/679/176 684/680/176 681/677/176
f 685/681/184 686/682/184 687/683/184
f 687/683/184 688/684/184 685/681/184
f 689/685/176 690/686/176 691/687/176
f 691/687/176 692/688/176 689/685/176
f 693/689/184 694/690/184 695/691/184
f 695/691/184 696/692/184 693/689/184
f 697/693/213 698/694/213 699/695/213
f 699/695/213 700/696/213 697/693/213
f 701/697/215 702/698/215 703/699/215
f 703/699/215 704/700/215 701/697/215
f 705/701/213 706/702/213 707/703/213
f 707/703/213 708/704/213 705/701/213
f 709/705/214 710/706/214 711/707/214
f 711/707/214 712/708/214 709/705/214
f 713/709/182 714/710/182 715/711/182
f 715/711/182 716/712/182 713/709/182
f 717/713/182 718/714/182 719/715/182
f 719/715/182 720/716/182 717/713/182
f 721/717/216 722/718/217 723/719/218
f 723/719/218 724/720/219 721/717/216
f 725/721/175 726/722/175 727/723/175
f 727/723/175 728/724/175 725/721/175
f 729/725/220 730/726/220 731/727/220
f 731/727/220 732/728/220 729/725/220
f 733/729/182 734/730/182 735/731/182
f 735/731/182 736/732/182 733/729/182
f 737/733/221 738/734/221 739/735/221
f 739/735/221 740/736/221 737/733/221
f 741/737/175 742/738/175 743/739/175
f 743/739/175 744/740/175 741/737/175
f 745/741/176 746/742/176 722/718/217
f 722/718/217 721/717/216 745/741/176
f 724/720/219 723/719/218 747/743/222
f 747/743/222 748/744/223 724/720/219
f 749/745/176 750/746/176 751/747/176
f 751/747/176 752/748/176 749/745/176
f 753/749/184 754/750/184 755/751/184
f 755/751/184 756/752/184 753/749/184
f 757/753/182 758/754/182 759/755/182
f 759/755/182 760/756/182 757/753/182
f 761/757/224 762/758/224 763/759/224
f 763/759/224 764/760/224 761/757/224
f 765/761/182 766/762/182 767/763/182
f 767/763/182 768/764/182 765/761/182
f 769/765/214 770/766/214 771/767/214
f 771/767/214 772/768/214 769/765/214
f 773/769/175 774/770/175 775/771/175
f 775/771/175 776/772/175 773/769/175
f 777/773/184 778/774/184 779/775/184
f 779/775/184 780/776/184 777/773/184
f 781/777/225 782/778/225 783/779/225
f 783/779/225 784/780/225 781/777/225
f 785/781/226 782/778/226 781/777/226
f 781/777/226 786/782/226 785/781/226
f 786/782/227 787/783/227 788/784/227
f 788/784/227 785/781/227 786/782/227
f 789/785/228 790/786/228 791/787/228
f 791/787/228 792/788/228 789/785/228
f 793/789/229 789/785/229 792/788/229
f 792/788/229 794/790/229 793/789/229
f 795/791/230 796/792/230 793/789/230
f 793/789/230 794/790/230 795/791/230
f 790/786/231 796/792/231 795/791/231
f 795/791/231 791/787/231 790/786/231
f 784/780/232 783/779/232 788/784/232
f 788/784/232 787/783/232 784/780/232
f 748/744/223 747/743/222 746/742/176
f 746/742/176 745/741/176 748/744/223
f 797/793/233 798/794/233 799/795/233
f 799/795/233 800/796/233 797/793/233
f 801/797/234 802/798/234 803/799/234
f 803/799/234 804/800/234 801/797/234
f 799/795/235 805/801/235 806/802/235
f 806/802/235 800/796/235 799/795/235
f 807/803/236 808/804/236 809/805/237
f 809/805/237 810/806/237 807/803/236
f 811/807/238 812/808/238 813/809/238
f 813/809/238 814/810/238 811/807/238
f 815/811/239 816/812/239 817/813/239
f 817/813/239 818/814/239 815/811/239
f 819/815/240 820/816/241 821/817/242
f 821/817/242 822/818/242 819/815/240
f 823/819/243 824/820/243 825/821/243
f 825/821/243 826/822/243 823/819/243
f 827/823/244 828/824/244 829/825/244
f 829/825/244 830/826/244 827/823/244
f 831/827/245 832/828/245 828/824/245
f 828/824/245 827/823/245 831/827/245
f 833/829/246 834/830/246 824/820/246
f 824/820/246 823/819/246 833/829/246
f 835/831/247 836/832/247 812/808/247
f 812/808/247 811/807/247 835/831/247
f 837/833/248 838/834/248 820/816/241
f 820/816/241 819/815/240 837/833/248
f 839/835/249 840/836/249 816/812/249
f 816/812/249 815/811/249 839/835/249
f 841/837/250 842/838/251 843/839/252
f 843/839/252 844/840/250 841/837/250
f 845/841/253 846/842/253 808/804/236
f 808/804/236 807/803/236 845/841/253
f 847/843/254 848/844/254 849/845/254
f 849/845/254 850/846/254 847/843/254
f 842/838/251 851/847/255 852/848/255
f 852/848/255 843/839/252 842/838/251
f 853/849/256 854/850/257 855/851/258
f 855/851/258 856/852/256 853/849/256
f 850/846/259 849/845/259 857/853/259
f 857/853/259 858/854/259 850/846/259
f 859/855/260 860/856/260 861/857/260
f 862/858/260 859/855/260 861/857/260
f 863/859/261 864/860/261 865/861/261
f 865/861/261 866/862/261 863/859/261
f 867/863/262 868/864/263 869/865/263
f 869/865/263 870/866/262 867/863/262
f 871/867/264 872/868/264 873/869/264
f 874/870/264 871/867/264 873/869/264
f 866/862/265 865/861/265 875/871/265
f 875/871/265 876/872/265 866/862/265
f 801/797/266 804/800/266 877/873/266
f 877/873/266 878/874/266 801/797/266
f 879/875/267 880/876/268 881/877/269
f 881/877/269 882/878/267 879/875/267
f 883/879/270 884/880/270 885/881/270
f 886/882/270 883/879/270 885/881/270
f 887/883/271 888/884/271 889/885/271
f 889/885/271 890/886/271 887/883/271
f 880/876/268 891/887/272 892/888/272
f 892/888/272 881/877/269 880/876/268
f 854/850/257 893/889/273 894/890/273
f 894/890/273 855/851/258 854/850/257
f 895/891/274 867/863/262 870/866/262
f 870/866/262 896/892/274 895/891/274
f 897/893/275 898/894/275 899/895/276
f 899/895/276 900/896/276 897/893/275
f 901/897/277 902/898/277 903/899/277
f 903/899/277 904/900/277 901/897/277
f 905/901/278 906/902/279 898/894/275
f 898/894/275 897/893/275 905/901/278
f 907/903/280 908/904/280 909/905/280
f 909/905/280 910/906/280 907/903/280
f 911/907/281 912/908/281 913/909/282
f 913/909/282 914/910/283 911/907/281
f 915/911/280 916/912/280 908/904/280
f 908/904/280 907/903/280 915/911/280
f 917/913/284 918/914/284 906/902/279
f 906/902/279 905/901/278 917/913/284
f 919/915/285 920/916/285 912/908/281
f 912/908/281 911/907/281 919/915/285
f 921/917/286 922/918/286 902/898/286
f 902/898/286 901/897/286 921/917/286
f 923/919/287 924/920/287 925/921/288
f 925/921/288 926/922/289 923/919/287
f 926/922/289 925/921/288 927/923/290
f 927/923/290 928/924/290 926/922/289
f 929/925/291 930/926/292 931/927/293
f 931/927/293 932/928/293 929/925/291
f 933/929/294 934/930/294 935/931/295
f 935/931/295 936/932/296 933/929/294
f 936/932/296 935/931/295 930/926/292
f 930/926/292 929/925/291 936/932/296
f 937/933/297 938/934/297 939/935/297
f 939/935/297 940/936/297 937/933/297
f 941/937/298 942/938/298 943/939/298
f 943/939/298 944/940/298 941/937/298
f 945/941/299 946/942/299 947/943/299
f 947/943/299 948/944/299 945/941/299
f 914/910/283 913/909/282 949/945/300
f 949/945/300 950/946/300 914/910/283
f 928/924/290 927/923/290 951/947/301
f 951/947/301 952/948/301 928/924/290
f 904/900/302 903/899/302 953/949/302
f 953/949/302 954/950/302 904/900/302
f 955/951/303 956/952/303 957/953/303
f 957/953/303 958/954/303 955/951/303
f 910/906/280 909/905/280 959/955/280
f 959/955/280 960/956/280 910/906/280
f 961/957/304 467/463/189 466/462/188
f 466/462/188 962/958/304 961/957/304
f 963/959/182 530/526/182 529/525/182
f 529/525/182 964/960/182 963/959/182
f 965/961/305 564/560/208 565/561/209
f 565/561/209 966/962/175 965/961/305
f 967/963/306 968/964/306 969/965/306
f 969/965/306 970/966/306 967/963/306
f 971/967/307 972/968/307 973/969/307
f 973/969/307 974/970/307 971/967/307
f 975/971/308 976/972/308 977/973/308
f 977/973/308 978/974/308 975/971/308
f 979/975/176 980/976/176 981/977/176
f 981/977/176 982/978/176 979/975/176
f 983/979/309 984/980/309 985/981/309
f 985/981/309 986/982/309 983/979/309
f 987/983/184 983/979/184 986/982/184
f 986/982/184 988/984/184 987/983/184
f 989/985/176 990/986/176 991/987/176
f 984/980/310 987/983/310 988/984/310
f 988/984/310 985/981/310 984/980/310
f 992/988/311 993/989/311 987/983/311
f 987/983/311 984/980/311 992/988/311
f 993/989/184 994/990/184 983/979/184
f 983/979/184 987/983/184 993/989/184
f 994/990/312 992/988/312 984/980/312
f 984/980/312 983/979/312 994/990/312
f 995/991/313 996/992/313 997/993/313
f 997/993/313 998/994/313 995/991/313
f 999/991/307 995/991/307 998/994/314
f 998/994/314 1000/994/314 999/991/307
f 1001/995/176 1002/996/176 1003/997/176
f 996/992/315 999/991/315 1000/994/315
f 1000/994/315 997/993/315 996/992/315
f 1004/998/316 1005/999/316 999/991/316
f 999/991/316 996/992/316 1004/998/316
f 1005/999/175 1006/999/175 995/991/307
f 995/991/307 999/991/307 1005/999/175
f 1006/999/317 1004/998/317 996/992/317
f 996/992/317 995/991/317 1006/999/317
f 1007/1000/318 1008/1001/318 1009/1002/318
f 1009/1002/318 1010/1003/318 1007/1000/318
f 1011/1004/319 1007/1000/319 1010/1003/319
f 1010/1003/319 1012/1005/319 1011/1004/319
f 1013/1006/320 1014/1007/320 1015/1008/320
f 1008/1001/321 1011/1004/321 1012/1005/321
f 1012/1005/321 1009/1002/321 1008/1001/321
f 1016/1009/311 1017/1010/311 1011/1004/311
f 1011/1004/311 1008/1001/311 1016/1009/311
f 1017/1010/184 1018/1011/184 1007/1000/184
f 1007/1000/184 1011/1004/184 1017/1010/184
f 1018/1011/322 1016/1009/322 1008/1001/322
f 1008/1001/322 1007/1000/322 1018/1011/322
f 1019/1012/323 1020/1013/323 1021/1014/323
f 1021/1014/323 1022/1015/323 1019/1012/323
f 1023/1012/324 1019/1012/324 1022/1015/325
f 1022/1015/325 1024/1015/325 1023/1012/324
f 1025/1016/176 1026/1017/176 1027/1018/176
f 1020/1013/326 1023/1012/326 1024/1015/326
f 1024/1015/326 1021/1014/326 1020/1013/326
f 1028/1019/327 1029/1020/327 1030/1021/327
f 1030/1021/327 1031/1022/327 1028/1019/327
f 1029/1020/307 1032/1020/307 1033/1021/328
f 1033/1021/328 1030/1021/328 1029/1020/307
f 1032/1020/329 1028/1019/329 1031/1022/329
f 1031/1022/329 1033/1021/329 1032/1020/329
f 1031/1022/330 1030/1021/330 1023/1012/330
f 1023/1012/330 1020/1013/330 1031/1022/330
f 1030/1021/328 1033/1021/328 1019/1012/324
f 1019/1012/324 1023/1012/324 1030/1021/328
f 1033/1021/331 1031/1022/331 1020/1013/331
f 1020/1013/331 1019/1012/331 1033/1021/331
f 1034/1023/332 1035/1024/332 1036/1025/332
f 1036/1025/332 1037/1026/332 1034/1023/332
f 1038/1027/333 1034/1023/333 1037/1026/333
f 1037/1026/333 1039/1028/333 1038/1027/333
f 1040/1029/176 1041/1030/176 1042/1031/176
f 1035/1024/334 1038/1027/334 1039/1028/334
f 1039/1028/334 1036/1025/334 1035/1024/334
f 1043/1032/335 1044/1033/335 1038/1027/335
f 1038/1027/335 1035/1024/335 1043/1032/335
f 1044/1033/336 1045/1034/336 1034/1023/336
f 1034/1023/336 1038/1027/336 1044/1033/336
f 1045/1034/337 1043/1032/337 1035/1024/337
f 1035/1024/337 1034/1023/337 1045/1034/337
f 1046/1035/338 1047/1036/338 1048/1037/338
f 1048/1037/338 1049/1038/338 1046/1035/338
f 1050/1035/175 1046/1035/175 1049/1038/175
f 1049/1038/175 1051/1038/175 1050/1035/175
f 1052/436/176 1053/1039/176 1054/1040/176
f 1047/1036/339 1050/1035/339 1051/1038/339
f 1051/1038/339 1048/1037/339 1047/1036/339
f 1055/1041/340 1056/1042/340 1050/1035/340
f 1050/1035/340 1047/1036/340 1055/1041/340
f 1056/1042/175 1057/1042/175 1046/1035/175
f 1046/1035/175 1050/1035/175 1056/1042/175
f 1057/1042/341 1055/1041/341 1047/1036/341
f 1047/1036/341 1046/1035/341 1057/1042/341
f 1058/1043/342 1059/1044/342 1060/1045/342
f 1060/1045/342 1061/1046/342 1058/1043/342
f 1062/1047/343 1058/1043/343 1061/1046/343
f 1061/1046/343 1063/1048/343 1062/1047/343
f 1064/1049/176 1065/1050/176 1066/1029/176
f 1059/1044/344 1062/1047/344 1063/1048/344
f 1063/1048/344 1060/1045/344 1059/1044/344
f 1067/1051/345 1068/1052/345 1062/1047/345
f 1062/1047/345 1059/1044/345 1067/1051/345
f 1068/1052/184 1069/1053/184 1058/1043/184
f 1058/1043/184 1062/1047/184 1068/1052/184
f 1069/1053/346 1067/1051/346 1059/1044/346
f 1059/1044/346 1058/1043/346 1069/1053/346
f 1070/1054/347 1071/1055/347 1072/1056/347
f 1072/1056/347 1073/1057/347 1070/1054/347
f 1074/1058/348 1075/1059/348 1076/1060/348
f 1076/1060/348 1077/1061/348 1074/1058/348
f 1078/1062/349 1079/1063/349 1080/1064/349
f 1080/1064/349 1081/1065/349 1078/1062/349
f 1082/1066/213 1083/1067/213 1084/1068/213
f 1084/1068/213 1085/1069/213 1082/1066/213
f 1086/1070/350 1087/1071/350 1088/1072/350
f 1088/1072/350 1089/1073/350 1086/1070/350
f 1090/1074/351 1091/1075/351 1092/1076/351
f 1092/1076/351 1093/1077/351 1090/1074/351
f 1094/1078/351 1095/1079/351 1096/1080/351
f 1096/1080/351 1097/1081/351 1094/1078/351
f 1098/1082/352 1099/1083/352 1100/1084/352
f 1100/1084/352 1101/1085/352 1098/1082/352
f 1101/1085/352 1100/1084/352 1102/1086/352
f 1102/1086/352 1103/1087/352 1101/1085/352
f 1104/1088/213 1105/1089/213 1106/1090/213
f 1106/1090/213 1107/1091/213 1104/1088/213
f 1108/1092/353 1109/1093/353 1110/1094/354
f 1110/1094/354 1111/1095/353 1108/1092/353
f 1112/1096/176 1113/1097/176 1114/1098/176
f 1114/1098/176 1115/1099/176 1112/1096/176
f 1095/1079/351 1116/1100/351 1117/1101/351
f 1117/1101/351 1096/1080/351 1095/1079/351
f 1118/1102/355 1119/1103/355 1120/1104/355
f 1120/1104/355 1121/1105/355 1118/1102/355
f 1122/1106/355 1123/1107/355 1124/1108/355
f 1124/1108/355 1125/1109/355 1122/1106/355
f 1126/1110/349 1119/1103/355 1127/1111/349
f 1127/1111/349 1128/1112/349 1126/1110/349
f 1129/1113/356 1130/1114/356 1131/1115/356
f 1131/1115/356 1132/1116/356 1129/1113/356
f 1133/1117/357 1134/1118/357 1135/1119/357
f 1135/1119/357 1136/1120/357 1133/1117/357
f 1137/1121/176 1138/1122/176 1139/1123/176
f 1139/1123/176 1140/1124/176 1137/1121/176
f 1121/1105/355 1120/1104/355 1123/1107/355
f 1123/1107/355 1122/1106/355 1121/1105/355
f 1141/1125/349 1120/1104/355 1119/1103/355
f 1119/1103/355 1126/1110/349 1141/1125/349
f 1142/1126/349 1143/1127/349 1120/1104/355
f 1120/1104/355 1141/1125/349 1142/1126/349
f 1144/1128/354 1145/1129/354 1109/1093/353
f 1109/1093/353 1108/1092/353 1144/1128/354
f 1128/1112/349 1127/1111/349 1143/1127/349
f 1143/1127/349 1142/1126/349 1128/1112/349
f 1111/1095/353 1110/1094/354 1146/1130/354
f 1146/1130/354 1147/1131/354 1111/1095/353
f 1125/1109/355 1124/1108/355 1119/1103/355
f 1119/1103/355 1118/1102/355 1125/1109/355
f 1147/1131/354 1146/1130/354 1145/1129/354
f 1145/1129/354 1144/1128/354 1147/1131/354
f 1148/1132/353 1149/1133/353 1150/1134/354
f 1150/1134/354 1151/1135/354 1148/1132/353
f 1152/1136/358 1109/1093/353 1149/1133/353
f 1149/1133/353 1148/1132/353 1152/1136/358
f 1153/1137/358 1110/1094/354 1109/1093/353
f 1109/1093/353 1152/1136/358 1153/1137/358
f 1151/1135/354 1150/1134/354 1110/1094/354
f 1110/1094/354 1153/1137/358 1151/1135/354
f 1154/1138/354 1155/1139/354 1156/1140/354
f 1156/1140/354 1157/1141/354 1154/1138/354
f 1158/1142/355 1159/1143/355 1160/1144/355
f 1160/1144/355 1161/1145/355 1158/1142/355
f 1162/1146/355 1163/1147/355 1164/1148/355
f 1164/1148/355 1165/1149/355 1162/1146/355
f 1166/1150/354 1167/1151/354 1168/1152/354
f 1168/1152/354 1169/1153/354 1166/1150/354
f 1170/1154/213 1171/1155/213 1172/1156/213
f 1172/1156/213 1173/1157/213 1170/1154/213
f 1174/1158/351 1175/1159/351 1176/1160/351
f 1176/1160/351 1177/1161/351 1174/1158/351
f 1178/1162/357 1179/1163/357 1180/1164/357
f 1180/1164/357 1181/1165/357 1178/1162/357
f 1182/1166/359 1183/1167/359 1184/1168/359
f 1184/1168/359 1185/1169/359 1182/1166/359
f 1186/1170/360 1187/1171/360 1188/1172/360
f 1188/1172/360 1189/1173/360 1186/1170/360
f 1190/1174/361 1191/1175/361 1192/1176/361
f 1192/1176/361 1193/1177/361 1190/1174/361
f 1194/1178/362 1195/1179/362 1196/1180/362
f 1196/1180/362 1197/1181/362 1194/1178/362
f 1198/1182/361 1199/1183/361 1200/1184/361
f 1200/1184/361 1201/1185/361 1198/1182/361
f 1202/1186/363 1203/1187/363 1204/1188/363
f 1204/1188/363 1205/1189/363 1202/1186/363
f 1206/1190/176 1207/1191/176 1208/1192/176
f 1208/1192/176 1209/1193/176 1206/1190/176
f 1210/1194/360 1211/1195/360 1212/1196/360
f 1212/1196/360 1213/1197/360 1210/1194/360
f 1214/1198/176 1215/1199/176 1216/1200/176
f 1216/1200/176 1217/1201/176 1214/1198/176
f 1218/1202/364 1219/1203/365 1220/1204/365
f 1220/1204/365 1221/1205/364 1218/1202/364
f 1222/1206/366 1223/1207/366 1224/1208/366
f 1224/1208/366 1225/1209/366 1222/1206/366
f 1226/1210/367 1227/1211/368 1228/1212/369
f 1228/1212/369 1229/1213/369 1226/1210/367
f 1230/1214/370 1231/1215/371 1232/1216/372
f 1232/1216/372 1233/1217/372 1230/1214/370
f 1234/1218/373 1235/1219/373 1236/1220/373
f 1236/1220/373 1237/1221/373 1234/1218/373
f 1238/1222/374 1239/1223/374 1240/1224/374
f 1240/1224/374 1241/1225/374 1238/1222/374
f 1242/1226/375 1243/1227/375 1244/1228/376
f 1244/1228/376 1245/1229/377 1242/1226/375
f 1246/1230/378 1231/1215/371 1230/1214/370
f 1230/1214/370 1247/1231/379 1246/1230/378
f 1248/1232/380 1249/1233/380 1250/1234/381
f 1250/1234/381 1251/1235/382 1248/1232/380
f 1252/1236/383 1227/1211/368 1226/1210/367
f 1226/1210/367 1253/1237/384 1252/1236/383
f 1234/1218/385 1237/1221/385 1254/1238/385
f 1254/1238/385 1255/1239/385 1234/1218/385
f 1256/1240/386 1257/1241/386 1223/1207/386
f 1223/1207/386 1222/1206/386 1256/1240/386
f 1258/1242/387 1259/1243/388 1260/1244/388
f 1260/1244/388 1261/1245/387 1258/1242/387
f 1219/1203/365 1258/1242/387 1261/1245/387
f 1261/1245/387 1220/1204/365 1219/1203/365
f 1247/1231/379 1230/1214/370 1245/1229/377
f 1245/1229/377 1262/1246/389 1247/1231/379
f 1253/1237/384 1226/1210/367 1251/1235/382
f 1251/1235/382 1263/1247/390 1253/1237/384
f 1264/1248/391 1244/1228/376 1231/1215/371
f 1231/1215/371 1246/1230/378 1264/1248/391
f 1265/1249/392 1250/1234/381 1227/1211/368
f 1227/1211/368 1252/1236/383 1265/1249/392
f 1263/1247/390 1251/1235/382 1250/1234/381
f 1250/1234/381 1265/1249/392 1263/1247/390
f 1262/1246/389 1245/1229/377 1244/1228/376
f 1244/1228/376 1264/1248/391 1262/1246/389
f 1266/1250/393 1267/1251/393 1268/1252/393
f 1268/1252/393 1269/1253/393 1266/1250/393
f 1270/1254/394 1271/1255/394 1272/1256/394
f 1272/1256/394 1273/1257/394 1270/1254/394
f 1274/1258/395 1275/1259/395 1276/1260/395
f 1276/1260/395 1277/1261/395 1274/1258/395
f 1278/1262/396 1279/1263/396 1280/1264/396
f 1280/1264/396 1281/1265/396 1278/1262/396
f 1282/1266/397 1283/1267/397 1284/1268/397
f 1284/1268/397 1285/1269/397 1282/1266/397
f 1286/1270/398 1287/1271/398 1288/1272/398
f 1288/1272/398 1289/1273/398 1286/1270/398
f 1290/1274/349 1291/1275/349 1292/1276/349
f 1292/1276/349 1293/1277/349 1290/1274/349
f 1294/1278/352 1295/1279/352 1296/1280/352
f 1294/1278/352 1296/1280/352 1297/1281/352
f 1297/1281/352 1298/1282/352 1294/1278/352
f 1299/1283/399 1300/1284/399 1301/1285/399
f 1301/1285/399 1302/1286/399 1299/1283/399
f 1283/1267/400 1303/1287/400 1304/1288/400
f 1304/1288/400 1284/1268/400 1283/1267/400
f 1305/1289/401 1306/1290/401 1307/1291/401
f 1305/1289/401 1307/1291/401 1308/1292/401
f 1308/1292/401 1309/1293/401 1305/1289/401
f 1310/1294/402 1311/1295/402 1312/1296/402
f 1312/1296/402 1313/1297/402 1310/1294/402
f 1313/1297/403 1312/1296/403 1314/1298/403
f 1314/1298/403 1315/1299/403 1313/1297/403
f 1316/1300/404 1317/1301/404 1318/1302/404
f 1318/1302/404 1319/1303/404 1316/1300/404
f 1320/1304/405 1321/1305/405 1322/1306/405
f 1322/1306/405 1323/1307/405 1320/1304/405
f 1323/1307/406 1322/1306/406 1324/1308/406
f 1324/1308/406 1325/1309/406 1323/1307/406
f 1326/1310/407 1327/1311/407 1328/1312/407
f 1328/1312/407 1329/1313/407 1326/1310/407
f 1330/1314/408 1331/1315/408 1332/1316/408
f 1332/1316/408 1333/1317/408 1330/1314/408
f 1334/1318/409 1335/1319/409 1336/1320/409
f 1336/1320/409 1337/1321/409 1334/1318/409
f 1338/1322/410 1339/1323/410 1335/1319/410
f 1335/1319/410 1334/1318/410 1338/1322/410
f 1340/1324/411 1341/1325/411 1327/1311/411
f 1327/1311/411 1326/1310/411 1340/1324/411
f 1342/1326/412 1343/1327/412 1344/1328/412
f 1344/1328/412 1345/1329/412 1342/1326/412
f 1346/1330/413 1342/1326/413 1345/1329/413
f 1345/1329/413 1347/1331/413 1346/1330/413
f 1348/1332/414 1349/1333/414 1350/1334/414
f 1350/1334/414 1351/1335/414 1348/1332/414
f 1352/1336/415 1353/1337/415 1354/1338/415
f 1354/1338/415 1355/1339/415 1352/1336/415
f 1356/1340/416 1352/1336/416 1355/1339/416
f 1355/1339/416 1357/1341/416 1356/1340/416
f 1358/1342/417 1359/1343/417 1360/1344/417
f 1360/1344/417 1361/1345/417 1358/1342/417
f 1361/1345/418 1360/1344/418 1362/1346/418
f 1362/1346/418 1363/1347/418 1361/1345/418
f 1364/1348/419 1365/1349/419 1366/1350/419
f 1366/1350/419 1367/1351/419 1364/1348/419
f 1363/1347/420 1362/1346/420 1368/1352/420
f 1368/1352/420 1369/1353/420 1363/1347/420
f 1355/1339/421 1370/1354/421 1371/1355/421
f 1371/1355/421 1357/1341/421 1355/1339/421
f 1369/1353/422 1368/1352/422 1365/1349/422
f 1365/1349/422 1364/1348/422 1369/1353/422
f 1354/1338/423 1372/1356/423 1370/1354/423
f 1370/1354/423 1355/1339/423 1354/1338/423
f 1373/1357/424 1374/1358/424 1375/1359/424
f 1375/1359/424 1376/1360/424 1373/1357/424
f 1350/1334/425 1377/1361/425 1378/1362/425
f 1378/1362/425 1351/1335/425 1350/1334/425
f 1345/1329/426 1379/1363/426 1380/1364/426
f 1380/1364/426 1347/1331/426 1345/1329/426
f 1381/1365/427 1382/1366/427 1383/1367/427
f 1383/1367/427 1384/1368/427 1381/1365/427
f 1385/1369/428 1381/1365/428 1384/1368/428
f 1384/1368/428 1386/1370/428 1385/1369/428
f 1387/1371/349 1388/1372/349 1389/1373/349
f 1389/1373/349 1390/1374/349 1387/1371/349
f 1391/1375/429 1392/1376/429 1393/1377/429
f 1393/1377/429 1394/1378/429 1391/1375/429
f 1395/1379/430 1391/1375/430 1394/1378/430
f 1394/1378/430 1396/1380/430 1395/1379/430
f 1395/1379/431 1397/1381/431 1398/1382/431
f 1398/1382/431 1391/1375/431 1395/1379/431
f 1391/1375/432 1398/1382/432 1399/1383/432
f 1399/1383/432 1392/1376/432 1391/1375/432
f 1381/1365/433 1400/1384/433 1401/1385/433
f 1401/1385/433 1382/1366/433 1381/1365/433
f 1402/1386/434 1403/1387/434 1404/1388/434
f 1404/1388/434 1405/1389/434 1402/1386/434
f 1394/1378/435 1406/1390/435 1407/1391/435
f 1407/1391/435 1396/1380/435 1394/1378/435
f 1385/1369/436 1408/1392/436 1400/1384/436
f 1400/1384/436 1381/1365/436 1385/1369/436
f 1393/1377/437 1409/1393/437 1406/1390/437
f 1406/1390/437 1394/1378/437 1393/1377/437
f 1383/1367/438 1410/1394/438 1411/1395/438
f 1411/1395/438 1384/1368/438 1383/1367/438
f 1389/1373/439 1412/1396/439 1413/1397/439
f 1413/1397/439 1390/1374/439 1389/1373/439
f 1384/1368/440 1411/1395/440 1414/1398/440
f 1414/1398/440 1386/1370/440 1384/1368/440
f 1415/1399/441 1416/1400/441 1417/1401/441
f 1417/1401/441 1418/1402/441 1415/1399/441
f 1418/1402/442 1417/1401/442 1419/1403/442
f 1419/1403/442 1420/1404/442 1418/1402/442
f 1421/1405/353 1422/1406/353 1423/1407/353
f 1423/1407/353 1424/1408/353 1421/1405/353
f 1425/1409/443 1426/1410/443 1427/1411/443
f 1427/1411/443 1428/1412/443 1425/1409/443
f 1428/1412/444 1427/1411/444 1429/1413/444
f 1429/1413/444 1430/1414/444 1428/1412/444
f 1431/1415/427 1432/1416/427 1433/1417/427
f 1433/1417/427 1434/1418/427 1431/1415/427
f 1435/1419/398 1431/1415/398 1434/1418/398
f 1434/1418/398 1436/1420/398 1435/1419/398
f 1437/1421/414 1438/1422/414 1439/1423/414
f 1439/1423/414 1440/1424/414 1437/1421/414
f 1441/1425/445 1442/1426/445 1443/1427/445
f 1443/1427/445 1444/1428/445 1441/1425/445
f 1445/1429/446 1441/1425/446 1444/1428/446
f 1444/1428/446 1446/1430/446 1445/1429/446
f 1447/1431/447 1448/1432/447 1449/1433/447
f 1449/1433/447 1450/1434/447 1447/1431/447
f 1450/1434/448 1449/1433/448 1451/1435/448
f 1451/1435/448 1452/1436/448 1450/1434/448
f 1453/1437/449 1454/1438/449 1455/1439/449
f 1455/1439/449 1456/1440/449 1453/1437/449
f 1452/1436/450 1451/1435/450 1457/1441/450
f 1457/1441/450 1458/1442/450 1452/1436/450
f 1444/1428/451 1459/1443/451 1460/1444/451
f 1460/1444/451 1446/1430/451 1444/1428/451
f 1458/1442/452 1457/1441/452 1454/1438/452
f 1454/1438/452 1453/1437/452 1458/1442/452
f 1443/1427/453 1461/1445/453 1459/1443/453
f 1459/1443/453 1444/1428/453 1443/1427/453
f 1462/1446/454 1463/1447/454 1464/1448/454
f 1464/1448/454 1465/1449/454 1462/1446/454
f 1439/1423/455 1466/1450/455 1467/1451/455
f 1467/1451/455 1440/1424/455 1439/1423/455
f 1434/1418/456 1468/1452/456 1469/1453/456
f 1469/1453/456 1436/1420/456 1434/1418/456
f 1470/1454/457 1471/1455/457 1472/1456/457
f 1472/1456/457 1473/1457/457 1470/1454/457
f 1474/1458/458 1475/1459/458 1476/1460/458
f 1476/1460/458 1477/1461/458 1474/1458/458
f 1478/1462/459 1479/1463/459 1480/1464/459
f 1480/1464/459 1481/1465/459 1478/1462/459
f 1482/1466/460 1483/1467/460 1479/1463/460
f 1479/1463/460 1478/1462/460 1482/1466/460
f 1484/1468/461 1485/1469/461 1471/1455/461
f 1471/1455/461 1470/1454/461 1484/1468/461
f 1486/1470/462 1487/1471/462 1488/1472/462
f 1488/1472/462 1489/1473/462 1486/1470/462
f 1490/1474/463 1486/1470/463 1489/1473/463
f 1489/1473/463 1491/1475/463 1490/1474/463
f 1492/1476/464 1493/1477/464 1494/1478/464
f 1494/1478/464 1495/1479/464 1492/1476/464
f 1496/1480/465 1497/1481/465 1498/1482/465
f 1498/1482/465 1499/1483/465 1496/1480/465
f 1500/1484/466 1496/1480/466 1499/1483/466
f 1499/1483/466 1501/1485/466 1500/1484/466
f 1502/1486/467 1503/1487/467 1504/1488/467
f 1504/1488/467 1505/1489/467 1502/1486/467
f 1505/1489/468 1504/1488/468 1506/1490/468
f 1506/1490/468 1507/1491/468 1505/1489/468
f 1508/1492/469 1509/1493/469 1510/1494/469
f 1510/1494/469 1511/1495/469 1508/1492/469
f 1507/1491/470 1506/1490/470 1512/1496/470
f 1512/1496/470 1513/1497/470 1507/1491/470
f 1514/1498/471 1515/1499/471 1516/1500/471
f 1516/1500/471 1517/1501/471 1514/1498/471
f 1513/1497/472 1512/1496/472 1509/1493/472
f 1509/1493/472 1508/1492/472 1513/1497/472
f 1518/1502/473 1519/1503/473 1515/1499/473
f 1515/1499/473 1514/1498/473 1518/1502/473
f 1520/1504/474 1521/1505/474 1522/1506/474
f 1522/1506/474 1523/1507/474 1520/1504/474
f 1524/1508/475 1525/1509/475 1519/1503/475
f 1519/1503/475 1518/1502/475 1524/1508/475
f 1523/1507/476 1522/1506/476 1525/1509/476
f 1525/1509/476 1524/1508/476 1523/1507/476
f 1526/1510/477 1527/1511/477 1528/1512/477
f 1528/1512/477 1529/1513/477 1526/1510/477
f 1530/1514/478 1531/1515/478 1532/1516/478
f 1532/1516/478 1533/1517/478 1530/1514/478
f 1534/1518/479 1535/1519/479 1536/1520/479
f 1536/1520/479 1537/1521/479 1534/1518/479
f 1537/1521/479 1536/1520/479 1538/1522/480
f 1538/1522/480 1539/1523/480 1537/1521/479
f 1540/1524/213 1541/1525/213 1542/1526/213
f 1542/1526/213 1543/1527/213 1540/1524/213
f 1544/1528/481 1545/1529/482 1546/1530/483
f 1546/1530/483 1547/1531/484 1544/1528/481
f 1548/1532/176 1549/1533/176 1550/1534/176
f 1550/1534/176 1551/1535/176 1548/1532/176
f 1531/1515/478 1552/1536/478 1553/1537/478
f 1553/1537/478 1532/1516/478 1531/1515/478
f 1554/1538/485 1555/1539/486 1556/1540/486
f 1556/1540/486 1557/1541/487 1554/1538/485
f 1558/1542/488 1559/1543/488 1560/1544/489
f 1560/1544/489 1561/1545/489 1558/1542/488
f 1562/1546/490 1555/1539/486 1563/1547/485
f 1563/1547/485 1564/1548/485 1562/1546/490
f 1565/1549/213 1566/1550/213 1567/1551/213
f 1567/1551/213 1568/1552/213 1565/1549/213
f 1569/1553/491 1570/1554/491 1571/1555/491
f 1571/1555/491 1572/1556/491 1569/1553/491
f 1573/1557/176 1574/1558/176 1575/1559/176
f 1575/1559/176 1576/1560/176 1573/1557/176
f 1557/1541/487 1556/1540/486 1559/1543/488
f 1559/1543/488 1558/1542/488 1557/1541/487
f 1577/1561/489 1556/1540/486 1555/1539/486
f 1555/1539/486 1562/1546/490 1577/1561/489
f 1578/1562/492 1579/1563/492 1556/1540/486
f 1556/1540/486 1577/1561/489 1578/1562/492
f 1580/1564/482 1581/1565/482 1545/1529/482
f 1545/1529/482 1544/1528/481 1580/1564/482
f 1564/1548/485 1563/1547/485 1579/1563/492
f 1579/1563/492 1578/1562/492 1564/1548/485
f 1547/1531/484 1546/1530/483 1582/1566/482
f 1582/1566/482 1583/1567/482 1547/1531/484
f 1561/1545/489 1560/1544/489 1555/1539/486
f 1555/1539/486 1554/1538/485 1561/1545/489
f 1583/1567/482 1582/1566/482 1581/1565/482
f 1581/1565/482 1580/1564/482 1583/1567/482
f 1584/1568/482 1585/1569/482 1586/1570/482
f 1586/1570/482 1587/1571/482 1584/1568/482
f 1588/1572/493 1545/1529/482 1585/1569/482
f 1585/1569/482 1584/1568/482 1588/1572/493
f 1589/1573/493 1546/1530/483 1545/1529/482
f 1545/1529/482 1588/1572/493 1589/1573/493
f 1587/1571/482 1586/1570/482 1546/1530/483
f 1546/1530/483 1589/1573/493 1587/1571/482
f 1590/1574/482 1591/1575/482 1592/1576/482
f 1592/1576/482 1593/1577/482 1590/1574/482
f 1594/1578/486 1595/1579/486 1596/1580/486
f 1596/1580/486 1597/1581/486 1594/1578/486
f 1598/1582/486 1599/1583/486 1600/1584/486
f 1600/1584/486 1601/1585/486 1598/1582/486
f 1602/1586/482 1603/1587/482 1604/1588/482
f 1604/1588/482 1605/1589/482 1602/1586/482
f 1606/1590/213 1607/1591/213 1608/1592/213
f 1608/1592/213 1609/1593/213 1606/1590/213
f 1610/1594/477 1611/1595/477 1612/1596/477
f 1612/1596/477 1613/1597/477 1610/1594/477
f 1614/1598/491 1615/1599/491 1616/1600/491
f 1616/1600/491 1617/1601/491 1614/1598/491
f 1618/1602/494 1619/1603/494 1620/1604/494
f 1620/1604/494 1621/1605/494 1618/1602/494
f 1622/1606/495 1623/1607/495 1624/1608/495
f 1624/1608/495 1625/1609/495 1622/1606/495
f 1626/1610/477 1627/1611/477 1628/1612/477
f 1628/1612/477 1629/1613/477 1626/1610/477
f 1630/1614/496 1631/1615/496 1632/1616/496
f 1632/1616/496 1633/1617/496 1630/1614/496
f 1634/1618/497 1635/1619/497 1636/1620/497
f 1636/1620/497 1637/1621/497 1634/1618/497
f 1638/1622/176 1639/1623/176 1640/1624/176
f 1640/1624/176 1641/1625/176 1638/1622/176
f 1642/1626/176 1643/1627/176 1644/1628/176
f 1644/1628/176 1645/1629/176 1642/1626/176
f 1646/1630/495 1647/1631/495 1648/1632/495
f 1648/1632/495 1649/1633/495 1646/1630/495
f 1650/1634/176 1651/1635/176 1652/1636/176
f 1652/1636/176 1653/1637/176 1650/1634/176
f 1654/1638/498 1655/1639/498 1656/1640/498
f 1656/1640/498 1657/1641/498 1654/1638/498
f 1657/1641/499 1656/1640/499 1658/1642/499
f 1658/1642/499 1659/1643/499 1657/1641/499
f 1660/1644/500 1661/1645/500 1662/1646/500
f 1662/1646/500 1663/1647/500 1660/1644/500
f 1664/1648/501 1665/1649/501 1666/1650/501
f 1666/1650/501 1667/1651/501 1664/1648/501
f 1667/1651/502 1666/1650/502 1668/1652/502
f 1668/1652/502 1669/1653/502 1667/1651/502
f 1670/1654/503 1671/1655/503 1672/1656/503
f 1672/1656/503 1673/1657/503 1670/1654/503
f 1674/1658/504 1670/1654/504 1673/1657/504
f 1673/1657/504 1675/1659/504 1674/1658/504
f 1676/1660/505 1677/1661/505 1678/1662/505
f 1678/1662/505 1679/1663/505 1676/1660/505
f 1680/1664/506 1681/1665/506 1682/1666/506
f 1682/1666/506 1683/1667/506 1680/1664/506
f 1684/1668/507 1680/1664/507 1683/1667/507
f 1683/1667/507 1685/1669/507 1684/1668/507
f 1686/1670/508 1687/1671/508 1688/1672/508
f 1688/1672/508 1689/1673/508 1686/1670/508
f 1689/1673/509 1688/1672/509 1690/1674/509
f 1690/1674/509 1691/1675/509 1689/1673/509
f 1692/1676/510 1693/1677/510 1694/1678/510
f 1694/1678/510 1695/1679/510 1692/1676/510
f 1691/1675/511 1690/1674/511 1696/1680/511
f 1696/1680/511 1697/1681/511 1691/1675/511
f 1683/1667/512 1698/1682/512 1699/1683/512
f 1699/1683/512 1685/1669/512 1683/1667/512
f 1697/1681/513 1696/1680/513 1693/1677/513
f 1693/1677/513 1692/1676/513 1697/1681/513
f 1682/1666/514 1700/1684/514 1698/1682/514
f 1698/1682/514 1683/1667/514 1682/1666/514
f 1701/1685/515 1702/1686/515 1703/1687/515
f 1703/1687/515 1704/1688/515 1701/1685/515
f 1678/1662/516 1705/1689/516 1706/1690/516
f 1706/1690/516 1679/1663/516 1678/1662/516
f 1673/1657/517 1707/1691/517 1708/1692/517
f 1708/1692/517 1675/1659/517 1673/1657/517
f 1709/1693/518 1710/1694/519 1711/1695/520
f 1711/1695/520 1712/1696/521 1709/1693/518
f 1713/1697/522 1714/1698/518 1715/1699/521
f 1715/1699/521 1716/1700/523 1713/1697/522
f 1717/1701/524 1718/1702/525 1719/1703/526
f 1719/1703/526 1720/1704/527 1717/1701/524
f 1721/1705/528 1722/1706/529 1723/1707/530
f 1723/1707/530 1724/1708/531 1721/1705/528
f 1725/1709/532 1726/1710/533 1727/1711/534
f 1727/1711/534 1728/1712/535 1725/1709/532
f 1729/1713/536 1730/1714/537 1731/1715/538
f 1731/1715/538 1732/1716/539 1729/1713/536
f 1733/1717/540 1734/1718/535 1735/1719/541
f 1735/1719/541 1736/1720/542 1733/1717/540
f 1737/1721/543 1738/1722/544 1739/1723/545
f 1739/1723/545 1740/1724/546 1737/1721/543
f 1741/1725/519 1737/1721/543 1740/1724/546
f 1740/1724/546 1742/1726/520 1741/1725/519
f 1743/1727/544 1744/1728/522 1745/1729/523
f 1745/1729/523 1746/1730/545 1743/1727/544
f 1747/1731/547 1748/1732/524 1749/1733/527
f 1749/1733/527 1750/1734/548 1747/1731/547
f 1751/1735/549 1752/1736/550 1753/1737/543
f 1753/1737/543 1754/1738/519 1751/1735/549
f 1755/1739/525 1756/1740/528 1757/1741/531
f 1757/1741/531 1758/1742/526 1755/1739/525
f 1759/1743/551 1760/1744/552 1761/1745/522
f 1761/1745/522 1762/1746/544 1759/1743/551
f 1763/1747/529 1747/1731/547 1750/1734/548
f 1750/1734/548 1764/1748/530 1763/1747/529
f 1760/1744/552 1765/1749/553 1766/1750/518
f 1766/1750/518 1761/1745/522 1760/1744/552
f 1767/1751/537 1768/1752/554 1733/1717/540
f 1733/1717/540 1769/1753/538 1767/1751/537
f 1732/1716/539 1731/1715/538 1770/1754/555
f 1770/1754/555 1771/1755/556 1732/1716/539
f 1772/1756/553 1773/1757/549 1710/1694/519
f 1710/1694/519 1709/1693/518 1772/1756/553
f 1774/1758/550 1775/1759/551 1776/1760/544
f 1776/1760/544 1777/1761/543 1774/1758/550
f 1778/1762/557 1779/1763/558 1780/1764/536
f 1780/1764/536 1781/1765/533 1778/1762/557
f 1782/1766/559 1783/1767/557 1726/1710/533
f 1726/1710/533 1725/1709/532 1782/1766/559
f 1728/1712/535 1727/1711/534 1784/1768/560
f 1784/1768/560 1785/1769/541 1728/1712/535
f 1768/1752/554 1786/1770/532 1734/1718/535
f 1734/1718/535 1733/1717/540 1768/1752/554
f 1787/1771/534 1788/1772/539 1789/1773/556
f 1789/1773/556 1790/1774/560 1787/1771/534
f 1791/1775/533 1792/1776/536 1788/1772/539
f 1788/1772/539 1787/1771/534 1791/1775/533
f 1731/1715/538 1793/1777/540 1794/1778/542
f 1794/1778/542 1770/1754/555 1731/1715/538
f 1795/1779/561 1796/1780/559 1797/1781/532
f 1797/1781/532 1798/1782/554 1795/1779/561
f 1742/1726/520 1740/1724/546 1779/1763/558
f 1779/1763/558 1778/1762/557 1742/1726/520
f 1799/1783/562 1800/1784/561 1801/1785/554
f 1801/1785/554 1730/1714/537 1799/1783/562
f 1746/1730/545 1745/1729/523 1800/1784/561
f 1800/1784/561 1799/1783/562 1746/1730/545
f 1802/1786/558 1799/1783/562 1730/1714/537
f 1730/1714/537 1729/1713/536 1802/1786/558
f 1716/1700/523 1715/1699/521 1796/1780/559
f 1796/1780/559 1795/1779/561 1716/1700/523
f 1712/1696/521 1711/1695/520 1783/1767/557
f 1783/1767/557 1782/1766/559 1712/1696/521
f 1803/1787/546 1746/1730/545 1799/1783/562
f 1799/1783/562 1802/1786/558 1803/1787/546
f 1752/1736/550 1751/1735/549 1804/1788/563
f 1804/1788/563 1805/1789/564 1752/1736/550
f 1775/1759/551 1774/1758/550 1806/1790/564
f 1806/1790/564 1807/1791/565 1775/1759/551
f 1808/1792/552 1775/1759/551 1807/1791/565
f 1807/1791/565 1809/1793/566 1808/1792/552
f 1810/1794/553 1811/1795/552 1812/1796/566
f 1812/1796/566 1813/1797/567 1810/1794/553
f 1773/1757/549 1772/1756/553 1814/1798/567
f 1814/1798/567 1815/1799/563 1773/1757/549
f 1815/1799/563 1814/1798/567 1756/1740/528
f 1756/1740/528 1755/1739/525 1815/1799/563
f 1807/1791/565 1806/1790/564 1748/1732/524
f 1748/1732/524 1747/1731/547 1807/1791/565
f 1813/1797/567 1812/1796/566 1722/1706/529
f 1722/1706/529 1721/1705/528 1813/1797/567
f 1816/1800/564 1817/1801/563 1818/1802/525
f 1818/1802/525 1819/1803/524 1816/1800/564
f 1809/1793/566 1807/1791/565 1747/1731/547
f 1747/1731/547 1763/1747/529 1809/1793/566
f 1720/1704/527 1719/1703/526 1820/1804/568
f 1820/1804/568 1821/1805/569 1720/1704/527
f 1822/1806/531 1823/1807/530 1824/1808/570
f 1824/1808/570 1825/1809/571 1822/1806/531
f 1750/1734/548 1749/1733/527 1826/1810/569
f 1826/1810/569 1827/1811/572 1750/1734/548
f 1758/1742/526 1757/1741/531 1828/1812/571
f 1828/1812/571 1829/1813/568 1758/1742/526
f 1823/1807/530 1830/1814/548 1831/1815/572
f 1831/1815/572 1824/1808/570 1823/1807/530
f 1785/1769/541 1784/1768/560 1832/1816/573
f 1832/1816/573 1833/1817/574 1785/1769/541
f 1834/1818/560 1835/1819/556 1836/1820/575
f 1836/1820/575 1837/1821/573 1834/1818/560
f 1838/1822/542 1839/1823/541 1840/1824/574
f 1840/1824/574 1841/1825/576 1838/1822/542
f 1771/1755/556 1770/1754/555 1842/1826/577
f 1842/1826/577 1843/1827/575 1771/1755/556
f 1770/1754/555 1794/1778/542 1844/1828/576
f 1844/1828/576 1842/1826/577 1770/1754/555
f 1829/1813/568 1828/1812/571 1845/1829/578
f 1845/1829/578 1846/1830/579 1829/1813/568
f 1847/1831/570 1848/1832/572 1849/1833/580
f 1849/1833/580 1850/1834/581 1847/1831/570
f 1821/1805/569 1820/1804/568 1851/1835/579
f 1851/1835/579 1852/1836/582 1821/1805/569
f 1825/1809/571 1824/1808/570 1853/1837/581
f 1853/1837/581 1854/1838/578 1825/1809/571
f 1827/1811/572 1826/1810/569 1855/1839/582
f 1855/1839/582 1856/1840/580 1827/1811/572
f 1856/1840/580 1855/1839/582 1857/1841/583
f 1857/1841/583 1858/1842/584 1856/1840/580
f 1846/1830/579 1845/1829/578 1859/1843/585
f 1859/1843/585 1860/1844/586 1846/1830/579
f 1850/1834/581 1849/1833/580 1861/1845/584
f 1861/1845/584 1862/1846/587 1850/1834/581
f 1863/1847/582 1864/1848/579 1865/1849/586
f 1865/1849/586 1866/1850/583 1863/1847/582
f 1867/1851/578 1850/1834/581 1862/1846/587
f 1862/1846/587 1868/1852/585 1867/1851/578
f 1862/1846/587 1861/1845/584 1869/1853/588
f 1869/1853/588 1870/1854/589 1862/1846/587
f 1866/1850/583 1865/1849/586 1871/1855/590
f 1871/1855/590 1872/1856/591 1866/1850/583
f 1868/1852/585 1862/1846/587 1870/1854/589
f 1870/1854/589 1873/1857/592 1868/1852/585
f 1858/1842/584 1857/1841/583 1874/1858/591
f 1874/1858/591 1875/1859/588 1858/1842/584
f 1860/1844/586 1859/1843/585 1876/1860/592
f 1876/1860/592 1877/1861/590 1860/1844/586
f 1875/1859/588 1874/1858/591 1878/1862/593
f 1878/1862/593 1879/1863/594 1875/1859/588
f 1877/1861/590 1876/1860/592 1880/1864/595
f 1880/1864/595 1881/1865/596 1877/1861/590
f 1882/1866/589 1875/1859/588 1879/1863/594
f 1879/1863/594 1883/1867/597 1882/1866/589
f 1884/1868/591 1885/1869/590 1886/1870/596
f 1886/1870/596 1887/1871/593 1884/1868/591
f 1888/1872/592 1889/1873/589 1890/1874/597
f 1890/1874/597 1891/1875/595 1888/1872/592
f 1892/1876/598 1893/1877/599 1894/1878/600
f 1894/1878/600 1895/1879/601 1892/1876/598
f 1896/1880/602 1897/1881/603 1898/1882/604
f 1898/1882/604 1899/1883/605 1896/1880/602
f 1900/1884/605 1901/1885/606 1902/1886/598
f 1902/1886/598 1903/1887/602 1900/1884/605
f 1904/1888/607 1905/1889/608 1906/1890/606
f 1906/1890/606 1907/1891/605 1904/1888/607
f 1899/1883/605 1898/1882/604 1908/1892/609
f 1908/1892/609 1909/1893/607 1899/1883/605
f 1910/1894/600 1911/1895/599 1912/1896/603
f 1912/1896/603 1913/1897/610 1910/1894/600
f 1914/1898/611 1915/1899/612 1916/1900/609
f 1916/1900/609 1917/1901/604 1914/1898/611
f 1915/1899/612 1918/1902/613 1919/1903/614
f 1919/1903/614 1916/1900/609 1915/1899/612
f 1920/1904/599 1921/1905/611 1922/1906/604
f 1922/1906/604 1923/1907/603 1920/1904/599
f 1924/1908/613 1925/1909/600 1926/1910/610
f 1926/1910/610 1927/1911/614 1924/1908/613
f 1928/1912/615 1929/1913/616 1905/1889/608
f 1905/1889/608 1904/1888/607 1928/1912/615
f 1895/1879/601 1894/1878/600 1930/1914/613
f 1930/1914/613 1931/1915/616 1895/1879/601
f 1932/1916/602 1933/1917/598 1934/1918/601
f 1934/1918/601 1935/1919/617 1932/1916/602
f 1936/1920/617 1937/1921/610 1897/1881/603
f 1897/1881/603 1896/1880/602 1936/1920/617
f 1938/1922/617 1939/1923/601 1940/1924/616
f 1940/1924/616 1941/1925/615 1938/1922/617
f 1931/1915/616 1930/1914/613 1942/1926/612
f 1942/1926/612 1943/1927/608 1931/1915/616
f 1944/1928/606 1945/1929/611 1893/1877/599
f 1893/1877/599 1892/1876/598 1944/1928/606
f 1946/1930/615 1947/1931/614 1937/1921/610
f 1937/1921/610 1936/1920/617 1946/1930/615
f 1943/1927/608 1942/1926/612 1945/1929/611
f 1945/1929/611 1944/1928/606 1943/1927/608
f 1909/1893/607 1908/1892/609 1947/1931/614
f 1947/1931/614 1946/1930/615 1909/1893/607
f 1948/1932/618 1949/1933/619 1950/1934/620
f 1950/1934/620 1951/1935/621 1948/1932/618
f 1952/1936/622 1953/1937/623 1954/1938/624
f 1954/1938/624 1955/1939/625 1952/1936/622
f 1956/1940/625 1957/1941/624 1958/1942/619
f 1958/1942/619 1959/1943/618 1956/1940/625
f 1951/1935/621 1950/1934/620 1960/1944/626
f 1960/1944/626 1961/1945/627 1951/1935/621
f 1962/1946/628 1963/1947/627 1964/1948/626
f 1964/1948/626 1965/1949/629 1962/1946/628
f 1966/1950/630 1967/1951/623 1968/1952/622
f 1968/1952/622 1969/1953/631 1966/1950/630
f 1970/1954/632 1971/1955/633 1972/1956/634
f 1972/1956/634 1973/1957/635 1970/1954/632
f 1974/1958/636 1975/1959/637 1976/1960/638
f 1976/1960/638 1977/1961/639 1974/1958/636
f 1978/1962/633 1979/1963/636 1980/1964/639
f 1980/1964/639 1981/1965/634 1978/1962/633
f 1982/1966/640 1970/1954/632 1973/1957/635
f 1973/1957/635 1983/1967/641 1982/1966/640
f 1984/1968/640 1985/1969/641 1986/1970/642
f 1986/1970/642 1987/1971/643 1984/1968/640
f 1988/1972/638 1989/1973/637 1990/1974/644
f 1990/1974/644 1991/1975/645 1988/1972/638
f 1992/1976/640 1993/1977/626 1994/1978/620
f 1994/1978/620 1995/1979/632 1992/1976/640
f 1996/1980/636 1997/1981/624 1998/1982/623
f 1998/1982/623 1999/1983/637 1996/1980/636
f 2000/1984/633 2001/1985/619 1997/1981/624
f 1997/1981/624 1996/1980/636 2000/1984/633
f 1995/1979/632 1994/1978/620 2001/1985/619
f 2001/1985/619 2000/1984/633 1995/1979/632
f 2002/1986/635 2003/1987/621 2004/1988/627
f 2004/1988/627 2005/1989/641 2002/1986/635
f 2006/1990/638 2007/1991/622 2008/1992/625
f 2008/1992/625 2009/1993/639 2006/1990/638
f 2009/1993/639 2008/1992/625 2010/1994/618
f 2010/1994/618 2011/1995/634 2009/1993/639
f 2011/1995/634 2010/1994/618 2003/1987/621
f 2003/1987/621 2002/1986/635 2011/1995/634
f 2012/1996/644 2013/1997/630 2014/1998/631
f 2014/1998/631 2015/1999/645 2012/1996/644
f 2016/2000/642 2017/2001/628 2018/2002/629
f 2018/2002/629 2019/2003/643 2016/2000/642
f 2020/2004/643 2021/2005/629 1993/1977/626
f 1993/1977/626 1992/1976/640 2020/2004/643
f 2005/1989/641 2004/1988/627 2022/2006/628
f 2022/2006/628 2023/2007/642 2005/1989/641
f 2024/2008/645 2025/2009/631 2007/1991/622
f 2007/1991/622 2006/1990/638 2024/2008/645
f 1999/1983/637 1998/1982/623 2026/2010/630
f 2026/2010/630 2027/2011/644 1999/1983/637
f 2028/2012/646 2029/2013/647 2030/2014/648
f 2030/2014/648 2031/2015/649 2028/2012/646
f 2032/2016/650 2033/2017/651 2034/2018/652
f 2034/2018/652 2035/2019/653 2032/2016/650
f 2036/2020/653 2037/2021/652 2038/2022/647
f 2038/2022/647 2039/2023/646 2036/2020/653
f 2031/2015/649 2030/2014/648 2040/2024/654
f 2040/2024/654 2041/2025/655 2031/2015/649
f 2042/2026/656 2043/2027/655 2044/2028/654
f 2044/2028/654 2045/2029/657 2042/2026/656
f 2046/2030/658 2047/2031/651 2048/2032/650
f 2048/2032/650 2049/2033/659 2046/2030/658
f 2050/2034/660 2051/2035/661 2052/2036/662
f 2052/2036/662 2053/2037/663 2050/2034/660
f 2054/2038/664 2055/2039/665 2056/2040/666
f 2056/2040/666 2057/2041/667 2054/2038/664
f 2058/2042/661 2059/2043/664 2060/2044/667
f 2060/2044/667 2061/2045/662 2058/2042/661
f 2062/2046/668 2050/2034/660 2053/2037/663
f 2053/2037/663 2063/2047/669 2062/2046/668
f 2064/2048/668 2065/2049/669 2066/2050/670
f 2066/2050/670 2067/2051/671 2064/2048/668
f 2068/2052/666 2069/2053/665 2070/2054/672
f 2070/2054/672 2071/2055/673 2068/2052/666
f 2072/2056/668 2073/2057/654 2074/2058/648
f 2074/2058/648 2075/2059/660 2072/2056/668
f 2076/2060/664 2077/2061/652 2078/2062/651
f 2078/2062/651 2079/2063/665 2076/2060/664
f 2080/2064/661 2081/2065/647 2077/2061/652
f 2077/2061/652 2076/2060/664 2080/2064/661
f 2075/2059/660 2074/2058/648 2081/2065/647
f 2081/2065/647 2080/2064/661 2075/2059/660
f 2082/2066/663 2083/2067/649 2084/2068/655
f 2084/2068/655 2085/2069/669 2082/2066/663
f 2086/2070/666 2087/2071/650 2088/2072/653
f 2088/2072/653 2089/2073/667 2086/2070/666
f 2089/2073/667 2088/2072/653 2090/2074/646
f 2090/2074/646 2091/2075/662 2089/2073/667
f 2091/2075/662 2090/2074/646 2083/2067/649
f 2083/2067/649 2082/2066/663 2091/2075/662
f 2092/2076/672 2093/2077/658 2094/2078/659
f 2094/2078/659 2095/2079/673 2092/2076/672
f 2096/2080/670 2097/2081/656 2098/2082/657
f 2098/2082/657 2099/2083/671 2096/2080/670
f 2100/2084/671 2101/2085/657 2073/2057/654
f 2073/2057/654 2072/2056/668 2100/2084/671
f 2085/2069/669 2084/2068/655 2102/2086/656
f 2102/2086/656 2103/2087/670 2085/2069/669
f 2104/2088/673 2105/2089/659 2087/2071/650
f 2087/2071/650 2086/2070/666 2104/2088/673
f 2079/2063/665 2078/2062/651 2106/2090/658
f 2106/2090/658 2107/2091/672 2079/2063/665
f 2108/2092/674 2109/2093/675 2110/2094/676
f 2110/2094/676 2111/2095/677 2108/2092/674
f 2112/2096/678 2113/2097/679 2114/2098/680
f 2114/2098/680 2115/2099/681 2112/2096/678
f 2116/2100/681 2117/2101/680 2118/2102/675
f 2118/2102/675 2119/2103/674 2116/2100/681
f 2111/2095/677 2110/2094/676 2120/2104/682
f 2120/2104/682 2121/2105/683 2111/2095/677
f 2122/2106/684 2123/2107/683 2124/2108/682
f 2124/2108/682 2125/2109/685 2122/2106/684
f 2126/2110/686 2127/2111/679 2128/2112/678
f 2128/2112/678 2129/2113/687 2126/2110/686
f 2130/2114/688 2131/2115/689 2132/2116/690
f 2132/2116/690 2133/2117/691 2130/2114/688
f 2134/2118/692 2135/2119/693 2136/2120/694
f 2136/2120/694 2137/2121/695 2134/2118/692
f 2138/2122/689 2139/2123/692 2140/2124/695
f 2140/2124/695 2141/2125/690 2138/2122/689
f 2142/2126/696 2130/2114/688 2133/2117/691
f 2133/2117/691 2143/2127/697 2142/2126/696
f 2144/2128/696 2145/2129/697 2146/2130/698
f 2146/2130/698 2147/2131/699 2144/2128/696
f 2148/2132/694 2149/2133/693 2150/2134/700
f 2150/2134/700 2151/2135/701 2148/2132/694
f 2152/2136/696 2153/2137/682 2154/2138/676
f 2154/2138/676 2155/2139/688 2152/2136/696
f 2156/2140/692 2157/2141/680 2158/2142/679
f 2158/2142/679 2159/2143/693 2156/2140/692
f 2160/2144/689 2161/2145/675 2157/2141/680
f 2157/2141/680 2156/2140/692 2160/2144/689
f 2155/2139/688 2154/2138/676 2161/2145/675
f 2161/2145/675 2160/2144/689 2155/2139/688
f 2162/2146/691 2163/2147/677 2164/2148/683
f 2164/2148/683 2165/2149/697 2162/2146/691
f 2166/2150/694 2167/2151/678 2168/2152/681
f 2168/2152/681 2169/2153/695 2166/2150/694
f 2169/2153/695 2168/2152/681 2170/2154/674
f 2170/2154/674 2171/2155/690 2169/2153/695
f 2171/2155/690 2170/2154/674 2163/2147/677
f 2163/2147/677 2162/2146/691 2171/2155/690
f 2172/2156/700 2173/2157/686 2174/2158/687
f 2174/2158/687 2175/2159/701 2172/2156/700
f 2176/2160/698 2177/2161/684 2178/2162/685
f 2178/2162/685 2179/2163/699 2176/2160/698
f 2180/2164/699 2181/2165/685 2153/2137/682
f 2153/2137/682 2152/2136/696 2180/2164/699
f 2165/2149/697 2164/2148/683 2182/2166/684
f 2182/2166/684 2183/2167/698 2165/2149/697
f 2184/2168/701 2185/2169/687 2167/2151/678
f 2167/2151/678 2166/2150/694 2184/2168/701
f 2159/2143/693 2158/2142/679 2186/2170/686
f 2186/2170/686 2187/2171/700 2159/2143/693
f 2188/2172/702 2189/2173/702 462/458/702
f 462/458/702 461/457/702 2188/2172/702
f 2190/2174/703 2191/2175/703 457/453/703
f 457/453/703 460/456/703 2190/2174/703
f 2192/2176/704 449/445/704 452/448/704
f 452/448/704 2193/2177/704 2192/2176/704
f 2194/2178/705 2195/2179/706 2196/2180/707
f 2196/2180/707 2197/2181/707 2194/2178/705
f 2198/2182/708 2199/2183/708 2200/2184/708
f 2200/2184/708 2201/2185/708 2198/2182/708
f 2202/2186/175 2203/2187/175 2204/2188/175
f 2205/2189/709 2206/2190/709 2207/2191/709
f 2207/2191/709 2208/2192/709 2205/2189/709
f 2209/2193/710 2210/2194/710 2206/2190/710
f 2206/2190/710 2205/2189/710 2209/2193/710
f 2211/2195/711 2212/2196/711 2199/2183/711
f 2199/2183/711 2198/2182/711 2211/2195/711
f 2213/2197/712 2214/2198/712 2195/2179/706
f 2195/2179/706 2194/2178/705 2213/2197/712
f 2215/2199/713 2216/2200/713 2217/2201/713
f 2217/2201/713 2218/2202/713 2215/2199/713
f 2219/2203/714 2220/2204/714 2221/2187/714
f 2221/2187/714 2222/2205/714 2219/2203/714
f 2223/2206/175 2224/2207/175 2225/2208/175
f 2226/2209/715 2227/2210/715 2228/2211/715
f 2228/2211/715 2229/2212/715 2226/2209/715
f 2230/2213/716 2231/2214/716 2227/2210/716
f 2227/2210/716 2226/2209/716 2230/2213/716
f 2232/2215/717 2233/2216/717 2220/2204/717
f 2220/2204/717 2219/2203/717 2232/2215/717
f 2234/2217/718 2235/2218/718 2216/2200/718
f 2216/2200/718 2215/2199/718 2234/2217/718
f 2236/2219/719 2237/2220/719 2238/2221/719
f 2238/2221/719 2239/2222/719 2236/2219/719
f 2240/2223/720 2241/2224/720 2242/2225/720
f 2242/2225/720 2243/2226/720 2240/2223/720
f 2244/2227/175 2245/2228/175 2246/2229/175
f 2247/2230/721 2248/2231/721 2249/2232/721
f 2249/2232/721 2250/2233/721 2247/2230/721
f 2251/2234/722 2252/2235/722 2248/2231/722
f 2248/2231/722 2247/2230/722 2251/2234/722
f 2253/2236/723 2254/2237/723 2241/2224/723
f 2241/2224/723 2240/2223/723 2253/2236/723
f 2255/2238/724 2256/2239/724 2237/2220/724
f 2237/2220/724 2236/2219/724 2255/2238/724
f 2257/2240/725 2258/2241/725 2259/2242/725
f 2259/2242/725 2260/2243/725 2257/2240/725
f 2261/2244/726 2262/2245/726 2263/2246/726
f 2263/2246/726 2264/2247/726 2261/2244/726
f 2265/2248/727 2266/2249/727 2267/2250/727
f 2267/2250/727 2268/2251/727 2265/2248/727
f 2269/2252/728 2270/2253/728 2271/2254/728
f 2271/2254/728 2272/2255/728 2269/2252/728
f 2273/2256/729 2274/2257/729 2275/2258/729
f 2275/2258/729 2276/2259/729 2273/2256/729
f 2274/2257/730 2277/2260/730 2278/2261/730
f 2278/2261/730 2275/2258/730 2274/2257/730
f 2279/2262/731 2280/2263/731 2281/2264/731
f 2281/2264/731 2282/2265/731 2279/2262/731
f 2280/2263/732 2283/2266/732 2284/2267/732
f 2284/2267/732 2281/2264/732 2280/2263/732
f 2258/2241/733 2285/2268/733 2286/2269/733
f 2286/2269/733 2259/2242/733 2258/2241/733
f 2287/2270/734 2288/2271/734 2289/2272/734
f 2290/2273/735 2291/2274/735 2292/2275/735
f 2292/2275/735 2293/2276/735 2290/2273/735
f 2294/2277/736 2295/2278/736 2296/2279/736
f 2296/2279/736 2297/2280/736 2294/2277/736
f 2298/2281/737 2299/2279/737 2300/2282/737
f 2300/2282/737 2301/2283/737 2298/2281/737
f 2302/2284/738 2303/2285/738 2304/2286/738
f 2304/2286/738 2305/2273/738 2302/2284/738
f 2306/2287/739 2307/2288/739 2308/2289/739
f 2308/2289/739 2309/2290/739 2306/2287/739
f 2310/2291/740 2311/2271/740 2312/2292/740
f 2313/2293/741 2314/2294/741 2315/2295/741
f 2315/2295/741 2316/2296/741 2313/2293/741
f 2317/2297/742 2318/2298/742 2314/2294/742
f 2314/2294/742 2313/2293/742 2317/2297/742
f 2319/2299/743 2320/2300/743 2307/2288/743
f 2307/2288/743 2306/2287/743 2319/2299/743
f 2321/2301/744 2322/2302/744 2303/2285/744
f 2303/2285/744 2302/2284/744 2321/2301/744
f 2323/2303/745 2324/2304/745 2325/2305/745
f 2325/2305/745 2326/2306/745 2323/2303/745
f 2327/2307/746 2328/2308/746 2329/2309/746
f 2329/2309/746 2330/2310/746 2327/2307/746
f 2331/2311/747 2332/2312/747 2333/2313/747
f 2334/2314/748 2335/2315/748 2336/2316/748
f 2336/2316/748 2337/2317/748 2334/2314/748
f 2338/2318/749 2339/2319/749 2335/2315/749
f 2335/2315/749 2334/2314/749 2338/2318/749
f 2340/2320/750 2341/2321/750 2328/2308/750
f 2328/2308/750 2327/2307/750 2340/2320/750
f 2342/2322/751 2343/2323/751 2324/2304/751
f 2324/2304/751 2323/2303/751 2342/2322/751
f 2344/2324/752 2345/2325/752 2346/2326/752
f 2347/2327/753 2348/2328/753 2349/2329/753
f 2349/2329/753 2350/2330/753 2347/2327/753
f 2351/2331/754 2352/2332/754 2353/2330/754
f 2353/2330/754 2354/2333/754 2351/2331/754
f 2355/2334/755 2356/2335/755 2357/2336/755
f 2357/2336/755 2358/2337/755 2355/2334/755
f 2359/2338/756 2360/2339/756 2361/2340/756
f 2361/2340/756 2362/2341/756 2359/2338/756
f 2363/2342/757 2364/2343/757 2365/2344/757
f 2365/2344/757 2366/2345/757 2363/2342/757
f 2367/2346/758 2368/2347/758 2369/2348/758
f 2370/2349/759 2371/2350/759 2372/2351/759
f 2372/2351/759 2373/2352/759 2370/2349/759
f 2374/2353/760 2375/2354/760 2371/2350/760
f 2371/2350/760 2370/2349/760 2374/2353/760
f 2376/2355/761 2377/2356/761 2364/2343/761
f 2364/2343/761 2363/2342/761 2376/2355/761
f 2378/2357/762 2379/2358/762 2360/2339/762
f 2360/2339/762 2359/2338/762 2378/2357/762
f 2380/2359/763 2381/2360/763 2382/2361/763
f 2382/2361/763 2383/2362/763 2380/2359/763
f 2384/2363/764 2385/2364/764 2386/2365/764
f 2386/2365/764 2387/2366/764 2384/2363/764
f 2388/2346/765 2389/2367/765 2390/2368/765
f 2391/2369/766 2392/2370/766 2393/2371/766
f 2393/2371/766 2394/2372/766 2391/2369/766
f 2395/2373/767 2396/2374/767 2392/2370/767
f 2392/2370/767 2391/2369/767 2395/2373/767
f 2397/2375/768 2398/2376/768 2385/2364/768
f 2385/2364/768 2384/2363/768 2397/2375/768
f 2399/2377/769 2400/2378/769 2381/2360/769
f 2381/2360/769 2380/2359/769 2399/2377/769
f 2401/2379/770 2402/2380/770 2403/2381/770
f 2403/2381/770 2404/2382/770 2401/2379/770
f 2405/2383/771 2406/2384/771 2407/2385/771
f 2407/2385/771 2408/2386/771 2405/2383/771
f 2409/2387/772 2410/2388/773 2411/2389/773
f 2411/2389/773 2412/2390/774 2409/2387/772
f 2413/2391/775 2409/2387/772 2412/2390/774
f 2412/2390/774 2414/2392/775 2413/2391/775
f 2415/2393/776 2416/2394/776 2417/2395/776
f 2417/2395/776 2418/2396/776 2415/2393/776
f 2419/2397/777 2415/2393/777 2418/2396/777
f 2418/2396/777 2420/2398/777 2419/2397/777
f 2421/2399/778 2422/2400/778 2423/2401/778
f 2423/2401/778 2424/2402/778 2421/2399/778
f 2425/2403/779 2426/2404/779 2427/2405/779
f 2427/2405/779 2428/2406/779 2425/2403/779
f 2428/2406/780 2429/2407/780 2430/2408/780
f 2430/2408/780 2425/2403/780 2428/2406/780
f 2431/2409/781 2432/2410/781 2433/2411/781
f 2433/2411/781 2434/2412/781 2431/2409/781
f 2432/2410/782 2435/2413/782 2436/2414/782
f 2436/2414/782 2433/2411/782 2432/2410/782
f 2437/2415/783 2438/2416/783 2439/2417/783
f 2439/2417/783 2440/2418/783 2437/2415/783
f 2441/2419/784 2442/2420/784 2443/2421/784
f 2443/2421/784 2444/2422/784 2441/2419/784
f 2445/2418/785 2446/2423/785 2447/2424/785
f 2447/2424/785 2448/2425/785 2445/2418/785
f 2449/2426/786 2450/2427/786 2451/2428/786
f 2451/2428/786 2452/2429/786 2449/2426/786
f 2453/2430/787 2454/2431/787 2455/2432/787
f 2455/2432/787 2456/2433/787 2453/2430/787
f 2457/2434/788 2458/2435/788 2459/2436/788
f 2459/2436/788 2460/2437/788 2457/2434/788
f 973/969/307 972/968/307 966/962/175
f 966/962/175 565/561/209 973/969/307
f 2461/2438/789 568/564/212 564/560/208
f 564/560/208 965/961/305 2461/2438/789
f 530/526/182 963/959/182 969/965/182
f 969/965/182 968/964/182 530/526/182
f 964/960/790 529/525/790 546/542/790
f 546/542/790 2462/2439/790 964/960/790
# Vertices: 2033, normals: 617, texture coordinates: 2010, faces: 1473

o obj3
v 357.5250411 150.18094317 269.89766421
v 357.5250411 150.18094186 264.31616402
v 357.5250411 194.81784109 264.31615347
v 357.5250411 194.81784241 269.89765367
v 323.572644 150.18094318 269.89776424
v 357.5250411 150.18094317 269.89766421
v 357.5250411 194.81784241 269.89765367
v 323.572644 194.81784241 269.89765367
v 323.572644 150.18094186 264.31616402
v 323.572644 150.18094318 269.89776424
v 323.572644 194.81784241 269.89765367
v 323.572644 194.81784109 264.31615347
v 357.5250411 150.18094186 264.31616402
v 357.5250411 150.18094317 269.89766421
v 323.572644 150.18094318 269.89776424
v 323.572644 150.18094186 264.31616402
v 323.572644 194.81784109 264.31615347
v 323.572644 194.81784241 269.89765367
v 357.5250411 194.81784241 269.89765367
v 357.5250411 194.81784109 264.31615347
v 332.52454042 166.47364475 275.85256019
v 331.34894013 164.9281426 269.95216061
v 349.74884033 164.9281426 269.95216061
v 348.57324004 166.47364475 275.85246035
v 332.72934198 167.94654434 276.98925991
v 348.36844444 167.94654434 276.98925991
v 348.36844444 189.24664413 276.98925487
v 332.72934198 189.24664413 276.98925487
v 348.57324004 190.71944334 275.85245462
v 349.74884033 192.26504254 269.95215415
v 331.34894013 192.26504254 269.95215415
v 332.52454042 190.71944334 275.85245462
v 331.32464528 189.51034375 275.83675504
v 330.15214443 191.05174231 269.95215444
v 330.15214443 166.14144283 269.95216032
v 331.32464528 167.68284418 275.83686004
v 350.94554067 191.05174231 269.95215444
v 350.94554067 166.14144283 269.95216032
v 349.74884033 164.9281426 269.95216061
v 331.34894013 164.9281426 269.95216061
v 330.15214443 166.14144283 269.95216032
v 330.15214443 191.05174231 269.95215444
v 331.34894013 192.26504254 269.95215415
v 349.74884033 192.26504254 269.95215415
v 349.77304578 189.51034375 275.83675504
v 348.57324004 190.71944334 275.85245462
v 349.77304578 167.68284418 275.8367602
v 348.57324004 166.47364475 275.85246035
v 331.32464528 167.68284418 275.83686004
v 332.52454042 166.47364475 275.85256019
v 332.52454042 190.71944334 275.85245462
v 331.32464528 189.51034375 275.83675504
v 330.15214443 166.14144283 269.95216032
v 331.32464528 167.68284418 275.83686004
v 332.52454042 190.71944334 275.85245462
v 331.34894013 192.26504254 269.95215415
v 349.74884033 164.9281426 269.95216061
v 350.94554067 166.14144283 269.95216032
v 349.77304578 167.68284418 275.8367602
v 348.57324004 166.47364475 275.85246035
v 349.77304578 189.51034375 275.83675504
v 350.94554067 191.05174231 269.95215444
v 350.94554067 191.05174231 269.95215444
v 349.77304578 189.51034375 275.83675504
v 351.84324026 151.83524107 273.22016381
v 351.98294163 151.51354202 269.56276384
v 351.98294163 160.96034178 269.56276161
v 351.84324026 160.63864445 273.22016173
v 348.0211401 151.83524107 273.22016381
v 351.84324026 151.83524107 273.22016381
v 351.84324026 160.63864445 273.22016173
v 348.0211401 160.63864445 273.22016173
v 347.88144469 151.51354202 269.56276384
v 348.0211401 151.83524107 273.22016381
v 348.0211401 160.63864445 273.22016173
v 347.88144469 160.96034178 269.56276161
v 351.98294163 151.51354202 269.56276384
v 351.84324026 151.83524107 273.22016381
v 348.0211401 151.83524107 273.22016381
v 347.88144469 151.51354202 269.56276384
v 347.88144469 160.96034178 269.56276161
v 348.0211401 160.63864445 273.22016173
v 351.84324026 160.63864445 273.22016173
v 351.98294163 160.96034178 269.56276161
v 345.40624261 151.83524107 273.22016381
v 345.54594398 151.51354202 269.56276384
v 345.54594398 160.96034178 269.56276161
v 345.40624261 160.63864445 273.22016173
v 341.58424377 151.83524107 273.22016381
v 345.40624261 151.83524107 273.22016381
v 345.40624261 160.63864445 273.22016173
v 341.58424377 160.63864445 273.22016173
v 341.44454241 151.51354202 269.56276384
v 341.58424377 151.83524107 273.22016381
v 341.58424377 160.63864445 273.22016173
v 341.44454241 160.96034178 269.56276161
v 345.54594398 151.51354202 269.56276384
v 345.40624261 151.83524107 273.22016381
v 341.58424377 151.83524107 273.22016381
v 341.44454241 151.51354202 269.56276384
v 341.44454241 160.96034178 269.56276161
v 341.58424377 160.63864445 273.22016173
v 345.40624261 160.63864445 273.22016173
v 345.54594398 160.96034178 269.56276161
v 256.79764241 274.29995196 300.17683411
v 257.61234254 273.72985138 300.06593384
v 258.91834289 273.77295325 307.46483422
v 258.10824275 274.33835104 307.65363478
v 257.3572436 275.12454642 300.0452358
v 256.79764241 274.29995196 300.17683411
v 258.10824275 274.33835104 307.65363478
v 258.65894347 275.1701517 307.52583328
v 258.1718424 274.55435048 299.93433553
v 257.3572436 275.12454642 300.0452358
v 258.65894347 275.1701517 307.52583328
v 259.46904361 274.60484929 307.3370357
v 257.61234254 273.72985138 300.06593384
v 258.1718424 274.55435048 299.93433553
v 259.46904361 274.60484929 307.3370357
v 258.91834289 273.77295325 307.46483422
v 257.50534326 250.54614015 267.01174062
v 258.2165429 250.54613998 266.27684031
v 258.2165429 249.14453974 266.27684064
v 257.50534326 249.14453991 267.01174095
v 258.2165429 250.54614031 267.69924034
v 257.50534326 250.54614015 267.01174062
v 257.50534326 249.14453991 267.01174095
v 258.2165429 249.14454007 267.69924067
v 258.92774254 250.54614015 266.98804032
v 258.92774254 249.1445399 266.98804065
v 258.92774254 250.54614015 266.98804032
v 258.92774254 249.1445399 266.98804065
v 257.46964306 264.91664248 272.46723706
v 258.2165429 250.54614031 267.69924034
v 258.92774254 250.54614015 266.98804032
v 258.14124286 265.23374502 271.88683699
v 258.14124286 265.23374502 271.88683699
v 257.40174294 265.38814475 271.28713693
v 257.40174294 265.38814475 271.28713693
v 258.2165429 250.54613998 266.27684031
v 257.50534326 250.54614015 267.01174062
v 256.73014313 265.07104221 271.86843703
v 256.73014313 265.07104221 271.86843703
v 257.46964306 264.91664248 272.46723706
v 256.25484228 271.59054647 279.73473562
v 256.85504317 272.28544717 279.49693528
v 256.09184295 273.66224551 290.37763545
v 256.66504294 274.47544955 290.33533533
v 256.85504317 272.28544717 279.49693528
v 258.14124286 265.23374502 271.88683699
v 257.40174294 265.38814475 271.28713693
v 256.05534256 272.74294255 279.22803552
v 256.66504294 274.47544955 290.33533533
v 255.84334224 275.05304837 290.40473437
v 256.05534256 272.74294255 279.22803552
v 255.45514315 272.04824452 279.47303536
v 255.84334224 275.05304837 290.40473437
v 255.27014226 274.23974897 290.46023543
v 255.45514315 272.04824452 279.47303536
v 256.73014313 265.07104221 271.86843703
v 257.46964306 264.91664248 272.46723706
v 256.25484228 271.59054647 279.73473562
v 255.27014226 274.23974897 290.46023543
v 256.09184295 273.66224551 290.37763545
v 263.82284328 275.72394884 301.01243426
v 262.78944328 272.64813764 263.45313508
v 263.80704284 275.79194301 263.87973446
v 264.84044284 278.86774827 301.55173337
v 268.62224281 281.13795606 318.31653457
v 268.16624269 279.78064706 301.56643464
v 253.59794289 284.49734737 301.58013365
v 254.05394226 285.85455505 318.33023359
v 253.70664239 275.58884022 264.07093429
v 254.74004239 278.66465128 301.02103452
v 255.75764269 281.80845071 301.56033362
v 254.72414285 278.73263956 264.18723413
v 253.70664239 275.58884022 264.07093429
v 262.78944328 272.64813764 263.45313508
v 263.82284328 275.72394884 301.01243426
v 254.74004239 278.66465128 301.02103452
v 255.75764269 281.80845071 301.56033362
v 264.84044284 278.86774827 301.55173337
v 263.80704284 275.79194301 263.87973446
v 254.72414285 278.73263956 264.18723413
v 266.40414312 274.29005565 317.2294339
v 265.98684281 273.04824869 301.16303497
v 268.16624269 279.78064706 301.56643464
v 268.62224281 281.13795606 318.31653457
v 254.05394226 285.85455505 318.33023359
v 253.59794289 284.49734737 301.58013365
v 251.41864359 277.76494901 301.17683531
v 251.83584332 279.00675597 317.24313291
v 261.55944258 274.91245089 306.94693515
v 265.98684281 273.04824869 301.16303497
v 266.40414312 274.29005565 317.2294339
v 261.71564251 275.37724897 311.455335
v 251.41864359 277.76494901 301.17683531
v 254.74004239 278.66465128 301.02103452
v 263.82284328 275.72394884 301.01243426
v 265.98684281 273.04824869 301.16303497
v 253.59794289 284.49734737 301.58013365
v 255.75764269 281.80845071 301.56033362
v 264.84044284 278.86774827 301.55173337
v 268.16624269 279.78064706 301.56643464
v 247.9716444 292.89006361 355.33213081
v 247.15364218 290.45535544 323.83412838
v 242.77934372 276.95065312 321.84383413
v 243.75984311 279.86866106 359.59583294
v 250.81274301 292.27116603 360.78593211
v 275.13024291 284.39806598 360.76293254
v 274.81734292 287.9090649 357.56502927
v 253.11034262 294.9370605 357.5855316
v 277.17054296 286.9683594 352.66562902
v 276.4746429 284.8970559 325.86823356
v 275.74874289 284.60525462 322.55873341
v 274.07914294 285.01525672 321.01033279
v 251.70804352 292.25815686 321.03143113
v 250.31614244 292.83945153 322.5827283
v 249.90454257 293.49955587 325.89333104
v 250.60054302 295.57085937 352.69063113
v 251.18494272 295.42536522 356.03772999
v 276.61754299 287.19116235 356.01363378
v 277.73704283 283.25305946 355.30413082
v 276.91904284 280.81845262 323.80603302
v 276.4746429 284.8970559 325.86823356
v 277.17054296 286.9683594 352.66562902
v 276.13664294 280.58685194 320.11243457
v 272.54484292 267.31365493 321.81563745
v 271.89304285 267.48555387 318.18163759
v 274.26604294 281.04525297 318.37763234
v 276.13664294 280.58685194 320.11243457
v 271.89304285 267.48555387 318.18163759
v 270.0212428 267.94015212 316.44633765
v 247.64554441 289.81125485 320.13943031
v 249.20464396 289.15925115 318.4013322
v 244.95984256 276.0541503 316.46993321
v 243.40194404 276.70995082 318.20853498
v 247.64554441 289.81125485 320.13943031
v 243.40194404 276.70995082 318.20853498
v 277.14724295 283.59466052 359.02473015
v 275.13024291 284.39806598 360.76293254
v 271.04314283 271.76206704 364.9003383
v 273.06114301 270.9622617 363.16103323
v 277.14724295 283.59466052 359.02473015
v 273.06114301 270.9622617 363.16103323
v 273.52524294 270.23176421 359.56763626
v 248.65614414 292.81906343 359.05162755
v 244.57014143 280.18666461 363.18783526
v 250.81274301 292.27116603 360.78593211
v 248.65614414 292.81906343 359.05162755
v 244.57014143 280.18666461 363.18783526
v 246.72564209 279.63516709 364.92333191
v 274.07914294 285.01525672 321.01033279
v 251.70804352 292.25815686 321.03143113
v 248.65614414 292.81906343 359.05162755
v 251.18494272 295.42536522 356.03772999
v 250.60054302 295.57085937 352.69063113
v 276.61754299 287.19116235 356.01363378
v 277.14724295 283.59466052 359.02473015
v 249.90454257 293.49955587 325.89333104
v 250.31614244 292.83945153 322.5827283
v 249.20464396 289.15925115 318.4013322
v 247.64554441 289.81125485 320.13943031
v 275.74874289 284.60525462 322.55873341
v 275.74874289 284.60525462 322.55873341
v 244.19094265 277.53985726 323.17223377
v 248.24044347 290.04205711 325.01483092
v 248.99774432 292.29596 354.17453126
v 245.09854257 280.24126127 358.12163117
v 273.8504429 287.68476039 356.24163335
v 274.4411429 286.46006418 358.02253102
v 252.56714314 293.54206158 358.04312871
v 253.75484318 294.190965 356.26053245
v 274.71264292 284.62615231 323.83403439
v 275.38474292 284.89635281 326.8979336
v 276.02904296 286.81386394 351.70593467
v 275.5169429 287.0201623 354.80542979
v 251.97244227 294.64305993 354.82763072
v 251.43134236 294.77765841 351.72913091
v 250.78714281 292.86015325 326.92112985
v 251.16814315 292.2490559 323.85633068
v 252.45674342 291.71095675 322.42013305
v 273.16704296 285.00575607 322.400632
v 275.38474292 284.89635281 326.8979336
v 276.09304288 283.36965703 325.69243002
v 276.8046429 285.48766092 353.09342978
v 276.02904296 286.81386394 351.70593467
v 271.74654283 268.61825191 323.14623633
v 275.79614293 281.12045772 324.98873216
v 275.07174292 280.90615437 321.56943427
v 271.14324287 268.77735379 319.78193557
v 271.14324287 268.77735379 319.78193557
v 275.07174292 280.90615437 321.56943427
v 273.34004283 281.33045561 319.96343172
v 269.41044308 269.19825161 318.17553665
v 246.20944202 276.70995082 318.19743362
v 250.13914347 288.84215482 319.98533168
v 248.69584382 289.44575355 321.5943321
v 244.76724207 277.31695298 319.80693472
v 270.35634309 272.73646545 363.03233446
v 274.14014294 284.43426351 359.20213126
v 276.00734295 283.69056406 357.5929312
v 272.22464286 271.99606213 361.42213304
v 272.22464286 271.99606213 361.42213304
v 276.00734295 283.69056406 357.5929312
v 276.55334301 283.3743606 354.14853382
v 272.65424296 271.31976321 358.09563373
v 249.6313417 292.23016324 357.617832
v 245.84864318 280.53566132 361.44703384
v 245.84864318 280.53566132 361.44703384
v 249.6313417 292.23016324 357.617832
v 251.62784249 291.72296386 359.22333091
v 247.84414411 280.02506447 363.05363544
v 251.14414334 290.8127561 320.82212976
v 273.68724296 283.51415542 320.80083176
v 250.13914347 288.84215482 319.98533168
v 273.68724296 283.51415542 320.80083176
v 251.14414334 290.8127561 320.82212976
v 250.62714309 294.03435981 356.48332869
v 250.03014296 294.15626244 353.11862858
v 276.25524295 285.73686277 356.45913116
v 276.8046429 285.48766092 353.09342978
v 249.74154174 291.39875357 322.3854313
v 249.31854248 292.03825259 325.71762882
v 275.36974294 283.10125653 322.36123378
v 276.09304288 283.36965703 325.69243002
v 274.4411429 286.46006418 358.02253102
v 252.56714314 293.54206158 358.04312871
v 246.20944202 276.70995082 318.19743362
v 250.62714309 294.03435981 356.48332869
v 250.03014296 294.15626244 353.11862858
v 250.62714309 294.03435981 356.48332869
v 276.25524295 285.73686277 356.45913116
v 276.25524295 285.73686277 356.45913116
v 249.74154174 291.39875357 322.3854313
v 249.31854248 292.03825259 325.71762882
v 249.74154174 291.39875357 322.3854313
v 248.69584382 289.44575355 321.5943321
v 275.36974294 283.10125653 322.36123378
v 275.36974294 283.10125653 322.36123378
v 242.77934372 276.95065312 321.84383413
v 243.40194404 276.70995082 318.20853498
v 244.76724207 277.31695298 319.80693472
v 244.19094265 277.53985726 323.17223377
v 273.52524294 270.23176421 359.56763626
v 273.06114301 270.9622617 363.16103323
v 272.22464286 271.99606213 361.42213304
v 272.65424296 271.31976321 358.09563373
v 271.89304285 267.48555387 318.18163759
v 272.54484292 267.31365493 321.81563745
v 271.74654283 268.61825191 323.14623633
v 271.14324287 268.77735379 319.78193557
v 244.95984256 276.0541503 316.46993321
v 246.20944202 276.70995082 318.19743362
v 246.72564209 279.63516709 364.92333191
v 244.57014143 280.18666461 363.18783526
v 245.84864318 280.53566132 361.44703384
v 247.84414411 280.02506447 363.05363544
v 271.04314283 271.76206704 364.9003383
v 270.35634309 272.73646545 363.03233446
v 243.75984311 279.86866106 359.59583294
v 245.09854257 280.24126127 358.12163117
v 270.0212428 267.94015212 316.44633765
v 269.41044308 269.19825161 318.17553665
v 266.48714259 280.8909544 318.25033473
v 268.62224281 281.13795606 318.31653457
v 254.05394226 285.85455505 318.33023359
v 255.63904285 284.40315214 318.26063358
v 264.81904328 275.74155394 317.2990339
v 266.40414312 274.29005565 317.2294339
v 251.83584332 279.00675597 317.24313291
v 253.9709428 279.25375168 317.30933275
v 255.87684304 285.11085813 327.416035
v 255.63904285 284.40315214 318.26063358
v 253.9709428 279.25375168 317.30933275
v 254.20874298 279.96145767 326.46473417
v 254.20874298 279.96145767 326.46473417
v 253.9709428 279.25375168 317.30933275
v 264.81904328 275.74155394 317.2990339
v 265.05684271 276.44925397 326.45453665
v 266.72484294 281.59865443 327.40583152
v 266.48714259 280.8909544 318.25033473
v 255.63904285 284.40315214 318.26063358
v 255.87684304 285.11085813 327.416035
v 265.05684271 276.44925397 326.45453665
v 264.81904328 275.74155394 317.2990339
v 266.48714259 280.8909544 318.25033473
v 266.72484294 281.59865443 327.40583152
v 263.98684323 281.22625647 327.16243604
v 266.72484294 281.59865443 327.40583152
v 255.87684304 285.11085813 327.416035
v 257.87664294 283.20455252 327.16813378
v 264.73254278 283.44586274 355.87783144
v 263.98684323 281.22625647 327.16243604
v 257.87664294 283.20455252 327.16813378
v 258.62244308 285.42416475 355.88353514
v 263.05694297 278.35555362 326.70233654
v 265.05684271 276.44925397 326.45453665
v 254.20874298 279.96145767 326.46473417
v 256.94684327 280.33385563 326.70813561
v 257.71074235 282.60766057 356.12493462
v 263.8208428 280.62936452 356.11923092
v 264.73254278 283.44586274 355.87783144
v 258.62244308 285.42416475 355.88353514
v 263.8208428 280.62936452 356.11923092
v 263.05694297 278.35555362 326.70233654
v 263.98684323 281.22625647 327.16243604
v 264.73254278 283.44586274 355.87783144
v 258.62244308 285.42416475 355.88353514
v 257.87664294 283.20455252 327.16813378
v 256.94684327 280.33385563 326.70813561
v 257.71074235 282.60766057 356.12493462
v 257.71074235 282.60766057 356.12493462
v 256.94684327 280.33385563 326.70813561
v 263.05694297 278.35555362 326.70233654
v 263.8208428 280.62936452 356.11923092
v 261.55944258 272.3073524 306.94693577
v 261.55944258 274.91245089 306.94693515
v 261.71564251 275.37724897 311.455335
v 261.71564251 272.77215049 311.45533562
v 251.83584332 279.00675597 317.24313291
v 256.26334339 277.14255378 311.45913438
v 251.41864359 277.76494901 301.17683531
v 256.10714346 276.67774973 306.95083288
v 256.26334339 274.53744933 311.459135
v 256.10714346 274.07265124 306.95083349
v 261.55944258 272.3073524 306.94693577
v 261.71564251 272.77215049 311.45533562
v 256.10714346 274.07265124 306.95083349
v 256.10714346 276.67774973 306.95083288
v 261.55944258 274.91245089 306.94693515
v 261.55944258 272.3073524 306.94693577
v 256.26334339 274.53744933 311.459135
v 256.26334339 277.14255378 311.45913438
v 256.10714346 276.67774973 306.95083288
v 256.10714346 274.07265124 306.95083349
v 261.71564251 272.77215049 311.45533562
v 261.71564251 275.37724897 311.455335
v 256.26334339 277.14255378 311.45913438
v 256.26334339 274.53744933 311.459135
v 261.22814357 243.787242 268.48914206
v 261.22814357 243.78724128 265.4375422
v 261.22814357 249.16014105 265.43754093
v 261.22814357 249.16014177 268.48914079
v 255.25794268 243.787242 268.48914206
v 261.22814357 243.787242 268.48914206
v 261.22814357 249.16014177 268.48914079
v 255.25794268 249.16014177 268.48914079
v 255.25794268 243.78724128 265.43764204
v 255.25794268 243.787242 268.48914206
v 255.25794268 249.16014177 268.48914079
v 255.25794268 249.16014105 265.43754093
v 261.22814357 243.78724128 265.4375422
v 261.22814357 243.787242 268.48914206
v 255.25794268 243.787242 268.48914206
v 255.25794268 243.78724128 265.43764204
v 255.25794268 249.16014105 265.43754093
v 255.25794268 249.16014177 268.48914079
v 261.22814357 249.16014177 268.48914079
v 261.22814357 249.16014105 265.43754093
v 261.22814357 249.16014105 265.43754093
v 261.22814357 243.78724128 265.4375422
v 255.25794268 243.78724128 265.43764204
v 255.25794268 249.16014105 265.43754093
v 340.93234181 194.3726414 267.77795372
v 341.99444294 194.37264166 268.84005373
v 341.99444294 196.49674109 268.84005323
v 340.93234181 196.49674084 267.77795322
v 341.99444294 194.37264115 266.71585371
v 340.93234181 194.3726414 267.77795372
v 340.93234181 196.49674084 267.77795322
v 341.99444294 196.49674059 266.71585321
v 343.05654407 194.3726414 267.77795372
v 341.99444294 194.37264115 266.71585371
v 341.99444294 196.49674059 266.71585321
v 343.05654407 196.49674084 267.77795322
v 343.05654407 194.3726414 267.77795372
v 343.05654407 196.49674084 267.77795322
v 257.01334268 240.17704166 265.73274325
v 257.98154265 240.39164249 266.85104294
v 263.71654287 232.24884219 268.22734479
v 262.96694294 231.53564111 267.32824503
v 257.0308426 240.13704149 267.8554431
v 256.06284231 239.92254201 266.83344291
v 262.27564305 230.68934187 268.57204516
v 263.02524298 231.4026413 269.47654491
v 257.98154265 240.39164249 266.85104294
v 257.0308426 240.13704149 267.8554431
v 263.02524298 231.4026413 269.47654491
v 263.71654287 232.24884219 268.22734479
v 256.06284231 239.92254201 266.83344291
v 257.01334268 240.17704166 265.73274325
v 262.96694294 231.53564111 267.32824503
v 262.27564305 230.68934187 268.57204516
v 344.12794352 194.3726414 267.77795372
v 345.19004464 194.37264166 268.84005373
v 345.19004464 196.49674109 268.84005323
v 344.12794352 196.49674084 267.77795322
v 345.19004464 194.37264115 266.71585371
v 344.12794352 194.3726414 267.77795372
v 344.12794352 196.49674084 267.77795322
v 345.19004464 196.49674059 266.71585321
v 346.25214577 194.3726414 267.77795372
v 345.19004464 194.37264115 266.71585371
v 345.19004464 196.49674059 266.71585321
v 346.25214577 196.49674084 267.77795322
v 346.25214577 194.3726414 267.77795372
v 346.25214577 196.49674084 267.77795322
v 259.97604221 241.31824114 265.75794233
v 260.96054256 241.49764243 266.82664277
v 266.40444264 234.44774092 267.99284433
v 265.64794272 233.74084152 266.98714426
v 259.99044269 241.28484218 267.88094281
v 259.00594234 241.1054409 266.86084252
v 264.94844273 232.90214185 268.1144445
v 265.70494264 233.60904125 269.12114443
v 260.96054256 241.49764243 266.82664277
v 259.99044269 241.28484218 267.88094281
v 265.70494264 233.60904125 269.12114443
v 266.40444264 234.44774092 267.99284433
v 259.00594234 241.1054409 266.86084252
v 259.97604221 241.31824114 265.75794233
v 265.64794272 233.74084152 266.98714426
v 264.94844273 232.90214185 268.1144445
v 278.45644295 223.47014256 273.93154695
v 278.73414285 224.56024195 272.79304661
v 299.09294337 218.73584261 271.34614799
v 278.45644295 223.47014256 273.93154695
v 278.73414285 224.56024195 272.79304661
v 299.26544219 219.85544187 270.35984768
v 319.53564227 214.05584196 269.60274899
v 319.81324196 215.14604159 268.60754898
v 334.95414495 207.28604146 268.28775069
v 335.64544559 208.13234149 267.25735046
v 278.73414285 224.56024195 272.79304661
v 279.13514279 225.47914316 273.81634634
v 299.26544219 219.85544187 270.35984768
v 278.73414285 224.56024195 272.79304661
v 279.13514279 225.47914316 273.81634634
v 299.57774222 220.79914236 271.48584747
v 319.81324196 215.14604159 268.60754898
v 320.21424413 216.06484187 269.72594853
v 335.64544559 208.13234149 267.25735046
v 336.39504552 208.84564152 268.34605037
v 335.64544559 208.13234149 267.25735046
v 336.39504552 208.84564152 268.34605037
v 279.13514279 225.47914316 273.81634634
v 278.85744289 224.38894318 274.96194657
v 299.57774222 220.79914236 271.48584747
v 279.13514279 225.47914316 273.81634634
v 278.85744289 224.38894318 274.96194657
v 299.4052434 219.67954236 272.47214776
v 320.21424413 216.06484187 269.72594853
v 319.93654311 214.97464223 270.72114891
v 336.39504552 208.84564152 268.34605037
v 335.70374489 207.99934168 269.37655043
v 278.85744289 224.38894318 274.96194657
v 278.45644295 223.47014256 273.93154695
v 299.4052434 219.67954236 272.47214776
v 278.85744289 224.38894318 274.96194657
v 278.45644295 223.47014256 273.93154695
v 299.09294337 218.73584261 271.34614799
v 319.93654311 214.97464223 270.72114891
v 319.53564227 214.05584196 269.60274899
v 335.70374489 207.99934168 269.37655043
v 334.95414495 207.28604146 268.28775069
v 334.95414495 207.28604146 268.28775069
v 281.50154293 227.78014325 273.94694591
v 281.24494269 226.68314386 275.05474617
v 303.40474188 223.0141426 271.48854694
v 281.50154293 227.78014325 273.94694591
v 281.24494269 226.68314386 275.05474617
v 303.26604187 221.88724252 272.47184723
v 320.59314191 219.886042 269.72764766
v 320.33664227 218.78914243 270.72104799
v 339.23014045 211.19664159 268.34544967
v 338.53064418 210.3579418 269.37654987
v 281.1183428 226.85554234 272.88904606
v 281.50154293 227.78014325 273.94694591
v 303.12084198 222.06434232 270.36004721
v 281.1183428 226.85554234 272.88904606
v 281.50154293 227.78014325 273.94694591
v 303.40474188 223.0141426 271.48854694
v 320.210042 218.96144182 268.60764792
v 320.59314191 219.886042 269.72764766
v 338.47364426 210.48974133 267.25725007
v 339.23014045 211.19664159 268.34544967
v 338.47364426 210.48974133 267.25725007
v 339.23014045 211.19664159 268.34544967
v 280.86184278 225.75854295 273.99294627
v 264.94844273 232.90214185 268.1144445
v 265.64794272 233.74084152 266.98714426
v 281.1183428 226.85554234 272.88904606
v 302.98214197 220.93744224 271.34344747
v 280.86184278 225.75854295 273.99294627
v 281.1183428 226.85554234 272.88904606
v 303.12084198 222.06434232 270.36004721
v 319.95354235 217.86454188 269.60104824
v 320.210042 218.96144182 268.60764792
v 337.77414203 209.65104163 268.28845011
v 338.47364426 210.48974133 267.25725007
v 281.24494269 226.68314386 275.05474617
v 280.86184278 225.75854295 273.99294627
v 303.26604187 221.88724252 272.47184723
v 281.24494269 226.68314386 275.05474617
v 280.86184278 225.75854295 273.99294627
v 302.98214197 220.93744224 271.34344747
v 320.33664227 218.78914243 270.72104799
v 319.95354235 217.86454188 269.60104824
v 338.53064418 210.3579418 269.37654987
v 337.77414203 209.65104163 268.28845011
v 337.77414203 209.65104163 268.28845011
v 255.61414301 243.89414259 267.01274206
v 256.67624265 243.89414233 265.94584239
v 257.01334268 240.17704166 265.73274325
v 256.06284231 239.92254201 266.83344291
v 257.73834229 243.8941426 267.08534201
v 256.67624265 243.89414284 268.07034192
v 257.98154265 240.39164249 266.85104294
v 255.61414301 243.89414259 267.01274206
v 256.67624265 243.89414233 265.94584239
v 257.73834229 243.8941426 267.08534201
v 258.80974323 243.89414258 267.00844196
v 259.87184286 243.89414232 265.89404223
v 259.97604221 241.31824114 265.75794233
v 259.00594234 241.1054409 266.86084252
v 260.9339425 243.89414257 266.95614186
v 259.87184286 243.89414282 268.01824187
v 259.99044269 241.28484218 267.88094281
v 260.96054256 241.49764243 266.82664277
v 259.87184286 243.89414282 268.01824187
v 258.80974323 243.89414258 267.00844196
v 259.87184286 243.89414232 265.89404223
v 260.9339425 243.89414257 266.95614186
vn 0.57735 -0.57735 -0.57735
vn 0.70711 0 -0.70711
vn 0.70711 0 0.70711
vn 0.57735 -0.57735 0.57735
vn -0.57735 -0.57735 -0.57735
vn -0.57735 -0.57735 0.57735
vn -0.70711 -0 -0.70711
vn -0.70711 -0 0.70711
vn -0.30423 -0.53865 -0.78568
vn -0.34555 0.51052 -0.78738
vn 0.34555 0.51052 -0.78738
vn 0.30423 -0.53865 -0.78568
vn -0.29133 -0.91545 -0.27763
vn 0.29133 -0.91545 -0.27763
vn 0.29133 -0.91545 0.27763
vn -0.29133 -0.91545 0.27763
vn 0.30423 -0.53865 0.78568
vn 0.34555 0.51052 0.78738
vn -0.34555 0.51052 0.78738
vn -0.30422 -0.53865 0.78568
vn -0.80576 -0.51396 0.29427
vn -0.77707 0.52244 0.35103
vn -0.77707 0.52244 -0.35103
vn -0.80576 -0.51396 -0.29427
vn 0.77707 0.52244 0.35103
vn 0.77707 0.52244 -0.35103
vn 0.80576 -0.51396 0.29427
vn 0.80576 -0.51396 -0.29427
vn 0.56958 -0.61007 -0.55081
vn 0.69371 -0.08935 -0.71469
vn 0.69371 -0.08935 0.71469
vn 0.56958 -0.61007 0.55081
vn -0.56958 -0.61007 -0.55081
vn -0.56958 -0.61007 0.55081
vn -0.69371 -0.08935 -0.71469
vn -0.69371 -0.08935 0.71469
vn 0.56958 -0.61007 -0.55081
vn 0.69371 -0.08935 -0.71469
vn 0.69371 -0.08935 0.71469
vn 0.56958 -0.61007 0.55081
vn -0.56958 -0.61007 -0.55081
vn -0.56958 -0.61007 0.55081
vn -0.69371 -0.08935 -0.71469
vn -0.69371 -0.08935 0.71469
vn -0.97065 -0.1623 -0.17746
vn 0.17314 0.02258 -0.98464
vn 0.15806 0.02205 -0.98718
vn -0.96962 -0.17074 -0.1752
vn -0.18029 -0.02325 0.98334
vn -0.20439 -0.02973 0.97844
vn 0.97027 0.16249 0.17938
vn 0.96684 0.17083 0.18982
vn -0.99841 0.05617 -0.00422
vn -0.00384 0.98836 0.15205
vn -0.00819 0.99997 -0
vn -0.99986 -0.01668 0
vn 0.02875 -0.9847 -0.17188
vn 0.00847 -0.99996 0
vn 0.99586 0.0749 0.05149
vn 1 -2E-05 0
vn 0.09071 -0.82867 -0.55234
vn 0.97882 0.0809 0.18808
vn -0.03943 0.85022 0.52494
vn -0.99591 0.0862 -0.02699
vn 0.13536 -0.46851 -0.87302
vn 0.96056 0.06838 0.26953
vn 0.14532 -0.09684 -0.98463
vn 0.97045 0.09862 0.22023
vn -0.1492 0.45765 0.87653
vn -0.20363 0.08433 0.97541
vn -0.996 0.06916 -0.05654
vn -0.98965 -0.07558 -0.12196
vn 0.2524 0.87953 -0.40339
vn 0.40975 -0.06377 -0.90996
vn 0.92054 0.05703 0.38647
vn 0.34912 0.90625 0.23838
vn 0.71132 -0.59895 0.36782
vn 0.73543 0.57776 0.35404
vn -0.38943 0.57666 0.71819
vn -0.35975 -0.59998 0.71457
vn -0.85973 -0.06567 -0.50652
vn -0.4414 0.87925 -0.17913
vn -0.14534 0.90566 0.39833
vn -0.48072 0.05847 0.87492
vn 0.38409 -0.55179 -0.74027
vn 0.35952 0.56622 -0.74171
vn -0.72695 0.56521 -0.38997
vn -0.74411 -0.55286 -0.37503
vn 0.04746 0.33084 -0.94249
vn 0.00443 -0.44275 -0.89663
vn -0.83056 -0.08023 0.55112
vn -0.83578 0.12095 0.53557
vn -0.73718 0.00565 -0.67567
vn -0.73321 -0.14738 -0.66384
vn -0.13531 -0.80767 0.57389
vn 0.45205 -0.80544 0.38331
vn 0.42314 -0.37221 0.82608
vn 0.14474 -0.37269 0.9166
vn 0.76922 0.03298 0.63814
vn 0.76734 0.10514 0.63256
vn 0.70637 0.28969 0.64585
vn 0.41447 0.51444 0.75071
vn 0.08566 0.51176 0.85485
vn -0.1975 0.27579 0.94071
vn -0.25154 0.10417 0.96223
vn -0.24966 0.032 0.9678
vn -0.17856 -0.16613 0.9698
vn 0.71393 -0.16281 0.68103
vn 0.99612 -0.07847 -0.03994
vn 0.99089 0.1227 -0.05549
vn 0.8727 0.48513 0.05516
vn 0.20164 0.00662 -0.97944
vn 0.32485 0.29793 -0.89762
vn 0.43321 0.86764 0.244
vn -0.00027 0.63379 -0.7735
vn -0.69095 0.45912 0.55838
vn -0.23686 0.85612 0.45931
vn -0.47394 0.63195 -0.6132
vn -0.79452 0.26826 -0.54477
vn 0.88435 -0.44676 0.1354
vn 0.01343 -0.74539 -0.66649
vn 0.34358 -0.43967 -0.82984
vn 0.20562 -0.14654 -0.9676
vn -0.63354 -0.45228 0.62775
vn -0.76245 -0.44522 -0.46952
vn -0.39688 -0.74583 -0.535
vn 0.68799 -0.09954 -0.71886
vn 0.90329 -0.10503 -0.41597
vn 0.89832 0.08637 -0.43077
vn 0.68479 0.02333 -0.72836
vn -0.38707 0.22367 -0.89451
vn -0.46419 0.65365 -0.59772
vn 0.02057 0.65553 -0.75489
vn -0.21273 0.22401 -0.95109
vn -0.58146 -0.22991 -0.78041
vn -0.64151 -0.10237 -0.76026
vn -0.6429 -0.04883 -0.76439
vn -0.58688 0.08532 -0.80517
vn 0.00328 0.08755 -0.99615
vn 0.07346 -0.04814 -0.99614
vn 0.07485 -0.10168 -0.992
vn 0.01652 -0.22082 -0.97517
vn -0.17452 -0.37521 -0.91036
vn -0.38079 -0.37699 -0.84432
vn -0.96536 -0.13817 -0.22134
vn -0.97031 0.05255 -0.23608
vn -0.9785 -0.10114 -0.17976
vn -0.97554 -0.10683 0.19214
vn -0.86615 -0.4935 0.07907
vn -0.85999 -0.39735 -0.32021
vn -0.4082 -0.9037 -0.12926
vn -0.42624 -0.73401 -0.52872
vn 0.05303 -0.72062 -0.6913
vn 0.28475 -0.89151 -0.35232
vn 0.76536 -0.46534 -0.44461
vn 0.53043 -0.37727 -0.75915
vn -0.44281 0.63344 -0.63456
vn -0.42843 0.86048 -0.27572
vn -0.87857 0.47758 -0.006
vn -0.8654 0.31348 -0.39092
vn -0.98051 0.08459 0.17735
vn -0.98169 0.02171 -0.18925
vn 0.70434 0.48342 -0.51981
vn 0.46797 0.31752 -0.82473
vn 0.17897 0.86281 -0.47279
vn -0.01712 0.63612 -0.7714
vn 0.10697 -0.74388 -0.6597
vn -0.44888 -0.7532 -0.48082
vn 0.46572 0.35455 -0.8108
vn 0.64816 0.05414 -0.75957
vn -0.85504 0.34988 -0.38274
vn 0.51278 -0.40928 -0.75468
vn 0.65312 -0.13664 -0.74483
vn -0.84542 -0.43018 -0.31656
vn 0.41144 -0.90745 0.08514
vn -0.28193 -0.9081 0.30963
vn 0.11325 -0.88916 -0.44337
vn -0.3501 -0.88959 -0.29335
vn -0.36682 -0.61064 0.70183
vn -0.74613 -0.54288 -0.38545
vn 0.37956 -0.54181 -0.74991
vn 0.7096 -0.60962 0.35332
vn 0.39454 -0.91865 0.02065
vn -0.306 -0.91931 0.24746
vn 0.74143 -0.52801 0.41412
vn -0.35713 -0.52904 0.76979
vn 0.09539 -0.86296 -0.49619
vn -0.36663 -0.86339 -0.34661
vn -0.71155 -0.62287 -0.32516
vn 0.38701 -0.62184 -0.68083
vn 0.46572 0.53819 -0.70247
vn 0.50836 -0.58377 -0.63308
vn -0.52081 -0.30077 -0.79893
vn -0.56597 0.14987 -0.81069
vn -0.64024 -0.6282 -0.44211
vn -0.65815 0.56159 -0.50145
vn 0.57735 0.57735 -0.57735
vn 0.57735 0.57735 0.57735
vn 0.57735 -0.57735 0.57735
vn -0.57735 -0.57735 -0.57735
vn -0.57735 -0.57735 0.57735
vn -0.57735 0.57735 -0.57735
vn -0.57735 0.57735 0.57735
vn -1 -0 0
vn -0 -1 0
vn 0.10756 -0.99361 0.03426
vn -0.96038 0.01444 -0.27832
vn -0 1 0
vn 0.09904 0.99228 0.07467
vn 1 0 0
vn 0.97516 0.00585 0.22141
vn -0.08137 0.99206 -0.09591
vn 0.93869 0.03963 0.34249
vn 0.65878 0.0829 0.74775
vn 0.0647 0.96663 -0.24786
vn -0.12431 -0.99224 -0.00302
vn -0.94201 0.02301 -0.3348
vn -0.64013 -0.00251 -0.76826
vn -0.23815 -0.9686 0.07137
vn 0.09788 -0.99482 0.02739
vn -0.96903 0.0118 -0.24668
vn 0.09178 0.99384 0.06205
vn 0.9794 0.00504 0.20189
vn -0.10296 0.98994 -0.09709
vn 0.93731 0.04677 0.34534
vn 0.63983 0.06036 0.76614
vn 0.09522 0.97066 -0.22082
vn -0.13303 -0.99065 -0.03031
vn -0.94567 0.02331 -0.32429
vn -0.62113 0.03375 -0.78298
vn -0.25658 -0.96522 0.05025
vn -0.34584 -0.0983 -0.93313
vn 0.08033 0.9918 -0.09943
vn -0.22861 0.06115 -0.9716
vn -0.08469 0.99373 0.07295
vn -0.31946 0.06182 -0.94558
vn -0.04353 0.99171 0.12093
vn -0.68029 0.04266 -0.7317
vn 0.07084 0.98384 0.16442
vn 0.29711 -0.08604 0.95096
vn 0.22754 -0.04563 0.9727
vn 0.32055 -0.05449 0.94566
vn 0.68269 -0.01686 0.73051
vn -0.07911 -0.99686 -0.00151
vn 0.08525 -0.99362 -0.07387
vn 0.07265 -0.99656 -0.03991
vn 0.12922 -0.99065 0.04378
vn 0.28369 -0.1117 0.95239
vn -0.0992 -0.99494 -0.01576
vn 0.20165 -0.05676 0.97781
vn 0.09167 -0.99203 -0.08646
vn 0.30676 -0.04833 0.95056
vn 0.0813 -0.99633 -0.02668
vn 0.70376 -0.01663 0.71025
vn 0.13273 -0.98994 0.04891
vn 0.10492 0.99066 -0.08709
vn -0.09422 0.99303 0.07081
vn -0.04447 0.98998 0.13402
vn 0.08762 0.98353 0.15808
vn -0.34286 -0.08464 -0.93557
vn -0.20156 0.06166 -0.97753
vn -0.30753 0.07009 -0.94895
vn -0.70818 0.03954 -0.70492
vn -0.99403 -0.03261 -0.10411
vn -0.03776 0.99845 0.04091
vn 0.99532 -0.05769 0.07746
vn -0.04605 -0.99641 -0.07106
vn -0.99711 -0.04743 -0.05943
vn -0.03291 0.99881 0.03599
vn 0.99941 -0.0216 0.02658
vn -0.00502 -0.99768 -0.06792
vt 0.62002 0.42015
vt 0.65652 0.42036
vt 0.65652 0.14176
vt 0.62002 0.14155
vt 0.00764 0.42562
vt 0.22477 0.42597
vt 0.22477 0.14115
vt 0.00764 0.14081
vt 0.52214 0.69977
vt 0.48579 0.69942
vt 0.48579 0.97909
vt 0.52214 0.97944
vt 0.23181 0.23722
vt 0.23099 0.27365
vt 0.44326 0.27365
vt 0.44408 0.23722
vt 0.58759 0.1584
vt 0.55135 0.15866
vt 0.55135 0.37199
vt 0.58759 0.37173
vt 0.90721 0.88608
vt 0.86749 0.88097
vt 0.86802 0.99723
vt 0.90767 0.98748
vt 0.01235 0.02202
vt 0.01218 0.12553
vt 0.15285 0.12553
vt 0.15301 0.02202
vt 0.17361 0.12005
vt 0.21264 0.1248
vt 0.21285 0.00612
vt 0.17379 0.01654
vt 0.37798 0.63681
vt 0.41698 0.64472
vt 0.41658 0.48706
vt 0.37762 0.49867
vt 0.40592 0.00467
vt 0.24689 0.00467
vt 0.23915 0.01232
vt 0.23925 0.12993
vt 0.247 0.13758
vt 0.40603 0.13758
vt 0.41377 0.12993
vt 0.41367 0.01232
vt 0.15404 0.13466
vt 0.16204 0.12672
vt 0.00989 0.13466
vt 0.00192 0.12672
vt 0.01008 0.01255
vt 0.00209 0.02049
vt 0.16221 0.02049
vt 0.15423 0.01255
vt 0.86805 0.87103
vt 0.90767 0.87613
vt 0.37762 0.64664
vt 0.41673 0.65457
vt 0.42301 0.48692
vt 0.42287 0.49694
vt 0.46194 0.50451
vt 0.46218 0.49452
vt 0.17392 0.12984
vt 0.21285 0.13458
vt 0.42315 0.65416
vt 0.46218 0.64227
vt 0.24802 0.48158
vt 0.27195 0.48345
vt 0.27195 0.42449
vt 0.24802 0.42663
vt 0.458 0.40019
vt 0.43356 0.40015
vt 0.43356 0.45633
vt 0.458 0.45636
vt 0.20213 0.93864
vt 0.17829 0.94068
vt 0.17829 0.99581
vt 0.20213 0.99781
vt 0.34642 0.39987
vt 0.32242 0.40083
vt 0.32242 0.42469
vt 0.34642 0.42548
vt 0.17758 0.46155
vt 0.20135 0.45997
vt 0.20135 0.43588
vt 0.17758 0.4357
vt 0.40348 0.45756
vt 0.42741 0.45944
vt 0.42741 0.40047
vt 0.40348 0.40262
vt 0.5529 0.90136
vt 0.52845 0.90132
vt 0.52845 0.95749
vt 0.5529 0.95753
vt 0.26042 0.28703
vt 0.23657 0.28906
vt 0.23657 0.3442
vt 0.26042 0.34619
vt 0.48814 0.40615
vt 0.46415 0.4071
vt 0.46415 0.43096
vt 0.48814 0.43175
vt 0.4921 0.62935
vt 0.46833 0.63093
vt 0.46833 0.65503
vt 0.4921 0.6552
vt 0.05383 0.56339
vt 0.06009 0.56449
vt 0.07001 0.51557
vt 0.06381 0.51395
vt 0.28431 0.42078
vt 0.28684 0.41464
vt 0.24001 0.39113
vt 0.23744 0.39729
vt 0.04281 0.72473
vt 0.03656 0.72573
vt 0.0465 0.77587
vt 0.0527 0.77435
vt 0.57678 0.6694
vt 0.57059 0.6718
vt 0.59285 0.71759
vt 0.59905 0.71516
vt 0.06986 0.69181
vt 0.0646 0.69211
vt 0.06462 0.70265
vt 0.06989 0.70235
vt 0.12167 0.44614
vt 0.12709 0.44601
vt 0.12752 0.43559
vt 0.12209 0.43572
vt 0.1165 0.44555
vt 0.11693 0.43513
vt 0.05915 0.69185
vt 0.05918 0.70239
vt 0.53438 0.47487
vt 0.59905 0.40019
vt 0.59534 0.39656
vt 0.52937 0.47302
vt 0.06425 0.57945
vt 0.06989 0.57851
vt 0.48985 0.46302
vt 0.56757 0.39477
vt 0.56394 0.39113
vt 0.48814 0.45812
vt 0.12752 0.55677
vt 0.12195 0.5557
vt 0.52298 0.53912
vt 0.5171 0.54049
vt 0.54732 0.60963
vt 0.54147 0.61254
vt 0.03387 0.58691
vt 0.0527 0.5339
vt 0.0475 0.53001
vt 0.02783 0.58533
vt 0.03115 0.66036
vt 0.02483 0.66109
vt 0.41942 0.47657
vt 0.42089 0.47073
vt 0.34456 0.45123
vt 0.34753 0.44539
vt 0.0449 0.70159
vt 0.06488 0.75576
vt 0.07001 0.75193
vt 0.05093 0.70017
vt 0.042 0.62765
vt 0.04832 0.62857
vt 0.14291 0.91987
vt 0.14291 0.67907
vt 0.12211 0.6836
vt 0.12217 0.92511
vt 0.97956 0.76713
vt 0.87218 0.76713
vt 0.87186 0.86496
vt 0.97924 0.86496
vt 0.28043 0.91694
vt 0.28043 0.67997
vt 0.2597 0.67467
vt 0.25947 0.91433
vt 0.84127 0.19533
vt 0.78027 0.19146
vt 0.78027 0.43227
vt 0.84126 0.43226
vt 0.84982 0.50775
vt 0.78883 0.50754
vt 0.78883 0.74906
vt 0.84983 0.74735
vt 0.54382 0.47587
vt 0.54422 0.57883
vt 0.58905 0.57242
vt 0.58905 0.46504
vt 0.84874 0.19516
vt 0.84874 0.30257
vt 0.89356 0.30903
vt 0.89396 0.20605
vt 0.93087 0.24354
vt 0.90025 0.20652
vt 0.90025 0.3095
vt 0.93085 0.27249
vt 0.90757 0.76098
vt 0.91954 0.74251
vt 0.91954 0.68136
vt 0.90757 0.66289
vt 0.95297 0.76099
vt 0.94086 0.74252
vt 0.94086 0.68136
vt 0.95297 0.6629
vt 0.38906 0.73029
vt 0.38906 0.93498
vt 0.47964 0.9554
vt 0.47964 0.71007
vt 0.60088 0.6855
vt 0.76753 0.69004
vt 0.76033 0.66952
vt 0.61156 0.66547
vt 0.7777 0.63797
vt 0.78194 0.46264
vt 0.77849 0.44083
vt 0.76756 0.43038
vt 0.61424 0.42621
vt 0.60419 0.43609
vt 0.59985 0.45768
vt 0.59561 0.63302
vt 0.59889 0.65498
vt 0.77319 0.65973
vt 0.301 0.30292
vt 0.50523 0.30292
vt 0.48977 0.27979
vt 0.31603 0.27979
vt 0.52917 0.30391
vt 0.52548 0.39332
vt 0.54883 0.39161
vt 0.93284 0.14346
vt 0.9456 0.14491
vt 0.94484 0.05289
vt 0.93208 0.05142
vt 0.74672 0.14654
vt 0.7579 0.1449
vt 0.75714 0.05286
vt 0.74596 0.05453
vt 0.39026 0.95894
vt 0.47813 0.97875
vt 0.23093 0.22924
vt 0.24556 0.23107
vt 0.24555 0.14373
vt 0.23092 0.14192
vt 0.27688 0.30391
vt 0.2572 0.39161
vt 0.28071 0.39332
vt 0.39026 0.70607
vt 0.47813 0.68645
vt 0.41812 0.23107
vt 0.43311 0.22924
vt 0.4331 0.14192
vt 0.41811 0.14373
vt 0.92373 0.16914
vt 0.76757 0.17043
vt 0.58668 0.67375
vt 0.36802 0.72346
vt 0.36639 0.74521
vt 0.29437 0.28125
vt 0.78194 0.67906
vt 0.36639 0.91936
vt 0.36802 0.94088
vt 0.60411 0.40808
vt 0.59284 0.41914
vt 0.93512 0.17043
vt 0.51128 0.28125
vt 0.67242 0.7497
vt 0.58891 0.76841
vt 0.58891 0.95706
vt 0.67242 0.9758
vt 0.83889 0.76637
vt 0.8449 0.75529
vt 0.69544 0.7553
vt 0.70158 0.76639
vt 0.85053 0.97774
vt 0.85415 0.95765
vt 0.85415 0.79584
vt 0.85053 0.77573
vt 0.68966 0.77575
vt 0.68607 0.79586
vt 0.68607 0.95767
vt 0.68966 0.97776
vt 0.69871 0.98711
vt 0.84022 0.9871
vt 0.77115 0.20527
vt 0.76356 0.19707
vt 0.76356 0.37473
vt 0.77115 0.36611
vt 0.66581 0.17258
vt 0.74946 0.19144
vt 0.74866 0.16907
vt 0.6675 0.15077
vt 0.54701 0.03896
vt 0.54701 0.12244
vt 0.55856 0.12083
vt 0.55856 0.03732
vt 0.67101 0.71737
vt 0.58997 0.73553
vt 0.5899 0.74613
vt 0.67091 0.72798
vt 0.94408 0.49011
vt 0.8622 0.49011
vt 0.86369 0.50372
vt 0.94554 0.50372
vt 0.6675 0.42074
vt 0.74866 0.40262
vt 0.74946 0.38049
vt 0.66581 0.39917
vt 0.5899 0.97918
vt 0.67091 0.99737
vt 0.94554 0.31566
vt 0.86369 0.31565
vt 0.8622 0.32959
vt 0.94408 0.32959
vt 0.69232 0.99808
vt 0.84636 0.99806
vt 0.71703 0.12083
vt 0.56079 0.13539
vt 0.71477 0.13539
vt 0.68246 0.76549
vt 0.67856 0.78734
vt 0.85758 0.76547
vt 0.86151 0.78732
vt 0.68246 0.98789
vt 0.67856 0.96606
vt 0.85758 0.98787
vt 0.86151 0.96604
vt 0.84895 0.48782
vt 0.84895 0.33185
vt 0.71703 0.03732
vt 0.8504 0.31831
vt 0.57496 0.95132
vt 0.57632 0.9729
vt 0.76237 0.39632
vt 0.8504 0.50105
vt 0.57632 0.75231
vt 0.57496 0.77405
vt 0.72462 0.13695
vt 0.72717 0.12244
vt 0.54957 0.13695
vt 0.76237 0.17525
vt 0.35214 0.96088
vt 0.35679 0.98601
vt 0.36455 0.97445
vt 0.36024 0.9512
vt 0.56881 0.69853
vt 0.56419 0.67344
vt 0.55655 0.68509
vt 0.56083 0.70832
vt 0.56419 0.98599
vt 0.56881 0.96086
vt 0.56083 0.95118
vt 0.55655 0.97444
vt 0.36847 0.99808
vt 0.37536 0.98563
vt 0.37216 0.66138
vt 0.35679 0.67346
vt 0.36455 0.68511
vt 0.37878 0.67393
vt 0.54918 0.66137
vt 0.54265 0.67392
vt 0.35214 0.69855
vt 0.36024 0.70834
vt 0.5509 0.99806
vt 0.54425 0.98561
vt 0.95453 0.98557
vt 0.96026 0.99808
vt 0.96026 0.90014
vt 0.95453 0.91265
vt 0.91956 0.98557
vt 0.91383 0.99808
vt 0.91383 0.90014
vt 0.91956 0.91265
vt 0.95197 0.51333
vt 0.95197 0.57202
vt 0.98593 0.58092
vt 0.98593 0.52224
vt 0.91175 0.65675
vt 0.97043 0.65675
vt 0.97043 0.58391
vt 0.91175 0.58391
vt 0.52974 0.00531
vt 0.47106 0.00549
vt 0.47106 0.07832
vt 0.52974 0.07814
vt 0.45385 0.07297
vt 0.45385 0.0143
vt 0.41988 0.02316
vt 0.41988 0.08183
vt 0.31847 0.49512
vt 0.3107 0.47916
vt 0.3107 0.55223
vt 0.31847 0.53627
vt 0.90142 0.75839
vt 0.90142 0.57433
vt 0.8604 0.57421
vt 0.8604 0.75826
vt 0.33797 0.49512
vt 0.34574 0.47916
vt 0.34574 0.55223
vt 0.33797 0.53627
vt 0.17391 0.89128
vt 0.17391 0.93256
vt 0.19277 0.93256
vt 0.19277 0.89128
vt 0.35241 0.47003
vt 0.35241 0.65855
vt 0.37138 0.65405
vt 0.37138 0.47003
vt 0.47122 0.08448
vt 0.47122 0.26854
vt 0.49019 0.27306
vt 0.49019 0.0845
vt 0.54086 0.27411
vt 0.54086 0.08557
vt 0.49984 0.08557
vt 0.49984 0.27411
vt 0.05915 0.81564
vt 0.07532 0.81379
vt 0.07532 0.78412
vt 0.05915 0.78598
vt 0.99808 0.3095
vt 0.96746 0.27248
vt 0.99808 0.20651
vt 0.96748 0.24353
vt 0.71901 0.74912
vt 0.74797 0.74914
vt 0.74797 0.71252
vt 0.71901 0.7125
vt 0.04531 0.99179
vt 0.06113 0.99692
vt 0.06113 0.96029
vt 0.04531 0.95516
vt 0.10494 0.98841
vt 0.12118 0.99002
vt 0.12118 0.96049
vt 0.10494 0.95888
vt 0.01631 0.4761
vt 0.03212 0.47096
vt 0.03212 0.4343
vt 0.01631 0.43944
vt 0.26509 0.96452
vt 0.24514 0.96441
vt 0.24514 0.99794
vt 0.26509 0.99806
vt 0.35676 0.40301
vt 0.35676 0.44119
vt 0.39104 0.44113
vt 0.39104 0.40295
vt 0.22783 0.56881
vt 0.20796 0.56862
vt 0.20796 0.60228
vt 0.22783 0.60247
vt 0.21643 0.609
vt 0.19651 0.60855
vt 0.19651 0.64587
vt 0.21643 0.64633
vt 0.26172 0.49242
vt 0.2419 0.49256
vt 0.2419 0.53008
vt 0.26172 0.52994
vt 0.71286 0.71099
vt 0.67856 0.71096
vt 0.67856 0.74912
vt 0.71286 0.74915
vt 0.23838 0.46128
vt 0.23415 0.454
vt 0.21944 0.46126
vt 0.22367 0.46854
vt 0.29445 0.9732
vt 0.29749 0.96575
vt 0.28273 0.95879
vt 0.27969 0.96624
vt 0.10604 0.90613
vt 0.1137 0.90305
vt 0.10692 0.88832
vt 0.09926 0.89139
vt 0.23113 0.44652
vt 0.21642 0.45379
vt 0.19083 0.71519
vt 0.19711 0.71085
vt 0.17863 0.63916
vt 0.17063 0.63989
vt 0.02676 0.97059
vt 0.03321 0.97467
vt 0.0528 0.89529
vt 0.04473 0.89484
vt 0.16293 0.97872
vt 0.17199 0.98305
vt 0.16642 0.92075
vt 0.15646 0.91986
vt 0.09277 0.47137
vt 0.08316 0.47573
vt 0.07633 0.54062
vt 0.08597 0.53968
vt 0.09978 0.44766
vt 0.09538 0.44048
vt 0.08086 0.44809
vt 0.08526 0.45526
vt 0.16755 0.99695
vt 0.17078 0.98957
vt 0.1562 0.98225
vt 0.15297 0.98963
vt 0.10693 0.59184
vt 0.1147 0.58906
vt 0.10848 0.5741
vt 0.10071 0.57688
vt 0.09218 0.43309
vt 0.07766 0.4407
vt 0.22954 0.51127
vt 0.22357 0.5162
vt 0.24051 0.58084
vt 0.24857 0.57967
vt 0.51247 0.46173
vt 0.5064 0.45693
vt 0.48594 0.52917
vt 0.49407 0.53022
vt 0.45504 0.26881
vt 0.46466 0.27317
vt 0.45678 0.21524
vt 0.44761 0.21414
vt 0.01016 0.43572
vt 0.00318 0.43928
vt 0.00196 0.51575
vt 0.01016 0.51758
vt 0.09277 0.68327
vt 0.08486 0.68086
vt 0.26383 0.59451
vt 0.29749 0.43523
vt 0.28947 0.43365
vt 0.25589 0.5921
vt 0.23009 0.75221
vt 0.22201 0.75063
vt 0.22714 0.88178
vt 0.21942 0.88388
vt 0.20849 0.51702
vt 0.21605 0.51929
vt 0.30409 0.843
vt 0.3075 0.99791
vt 0.31524 0.9975
vt 0.31252 0.84332
vt 0.30565 0.68841
vt 0.31409 0.68806
vt 0.30678 0.56298
vt 0.31524 0.55977
vt 0.1137 0.78714
vt 0.10592 0.78426
vt 0.16375 0.78549
vt 0.17199 0.78318
vt 0.19446 0.83927
vt 0.23053 0.9975
vt 0.23838 0.99581
vt 0.20224 0.83673
vt 0.15777 0.67955
vt 0.16571 0.67784
vt 0.1533 0.54233
vt 0.16094 0.54433
vt 0.00292 0.77388
vt 0.01048 0.77136
vt 0.3432 0.7218
vt 0.3462 0.56973
vt 0.33825 0.56968
vt 0.33463 0.72247
vt 0.34547 0.87326
vt 0.33689 0.87326
vt 0.3462 0.99689
vt 0.33762 0.99404
vt 0.16906 0.54701
vt 0.45672 0.0804
vt 0.46466 0.07788
vt 0.04759 0.82987
vt 0.09199 0.99739
vt 0.09978 0.99534
vt 0.05523 0.82688
vt 0.00846 0.70061
vt 0.01632 0.69854
vt 0.00196 0.54155
vt 0.00962 0.54345
vt 0.21698 0.70304
vt 0.20929 0.70098
vt 0.28874 0.78942
vt 0.29158 0.95497
vt 0.29957 0.95472
vt 0.29717 0.78997
vt 0.28808 0.66214
vt 0.29652 0.66193
vt 0.29109 0.51682
vt 0.29957 0.51357
vt 0.1147 0.45564
vt 0.10701 0.45254
vt 0.01074 0.96485
vt 0.01074 0.82299
vt 0.00195 0.82352
vt 0.0034 0.96176
vt 0.12874 0.61488
vt 0.17078 0.44599
vt 0.16282 0.44405
vt 0.12093 0.61201
vt 0.09207 0.74227
vt 0.08407 0.74032
vt 0.08759 0.89319
vt 0.07984 0.89518
vt 0.52734 0.65234
vt 0.51961 0.6545
vt 0.32838 0.729
vt 0.3308 0.56653
vt 0.32264 0.56664
vt 0.31981 0.72988
vt 0.32849 0.85342
vt 0.31991 0.85356
vt 0.3308 0.99684
vt 0.32222 0.99394
vt 0.01777 0.54599
vt 0.01005 0.73287
vt 0.00198 0.73422
vt 0.00263 0.76344
vt 0.01005 0.76416
vt 0.00292 0.98495
vt 0.00764 0.99106
vt 0.02118 0.96635
vt 0.01339 0.99671
vt 0.21052 0.73499
vt 0.21605 0.72909
vt 0.02753 0.91624
vt 0.0191 0.91435
vt 0.01909 0.93328
vt 0.02753 0.93656
vt 0.02523 0.88544
vt 0.01688 0.88733
vt 0.01688 0.90603
vt 0.02523 0.9028
vt 0.52734 0.4491
vt 0.52197 0.44303
vt 0.21454 0.49888
vt 0.20929 0.5051
usemtl mat0
f 2463/2440/791 2464/2441/792 2465/2442/793
f 2465/2442/793 2466/2443/794 2463/2440/791
f 2467/2444/795 2468/2445/791 2469/2446/794
f 2469/2446/794 2470/2447/796 2467/2444/795
f 2471/2448/797 2472/2449/795 2473/2450/796
f 2473/2450/796 2474/2451/798 2471/2448/797
f 2475/2452/792 2476/2453/791 2477/2454/795
f 2477/2454/795 2478/2455/797 2475/2452/792
f 2479/2456/798 2480/2457/796 2481/2458/794
f 2481/2458/794 2482/2459/793 2479/2456/798
f 2483/2460/799 2484/2461/800 2485/2462/801
f 2485/2462/801 2486/2463/802 2483/2460/799
f 2487/2464/803 2488/2465/804 2489/2466/805
f 2489/2466/805 2490/2467/806 2487/2464/803
f 2491/2468/807 2492/2469/808 2493/2470/809
f 2493/2470/809 2494/2471/810 2491/2468/807
f 2495/2472/811 2496/2473/812 2497/2474/813
f 2497/2474/813 2498/2475/814 2495/2472/811
f 2499/2476/815 2500/2477/816 2501/2478/801
f 2499/2476/815 2501/2478/801 2502/2479/800
f 2499/2476/815 2502/2479/800 2503/2480/813
f 2499/2476/815 2503/2480/813 2504/2481/812
f 2499/2476/815 2504/2481/812 2505/2482/809
f 2505/2482/809 2506/2483/808 2499/2476/815
f 2507/2484/817 2508/2485/807 2489/2466/805
f 2509/2486/818 2488/2465/804 2510/2487/802
f 2511/2488/814 2512/2489/799 2487/2464/803
f 2513/2490/810 2514/2491/811 2490/2467/806
f 2507/2484/817 2489/2466/805 2488/2465/804
f 2488/2465/804 2509/2486/818 2507/2484/817
f 2487/2464/803 2512/2489/799 2510/2487/802
f 2510/2487/802 2488/2465/804 2487/2464/803
f 2489/2466/805 2508/2485/807 2513/2490/810
f 2513/2490/810 2490/2467/806 2489/2466/805
f 2490/2467/806 2514/2491/811 2511/2488/814
f 2511/2488/814 2487/2464/803 2490/2467/806
f 2515/2492/813 2484/2461/800 2483/2460/799
f 2483/2460/799 2516/2493/814 2515/2492/813
f 2495/2472/811 2517/2494/810 2518/2495/809
f 2518/2495/809 2496/2473/812 2495/2472/811
f 2519/2496/801 2520/2497/816 2521/2498/818
f 2521/2498/818 2522/2499/802 2519/2496/801
f 2491/2468/807 2523/2500/817 2524/2501/815
f 2524/2501/815 2492/2469/808 2491/2468/807
f 2521/2498/818 2520/2497/816 2525/2502/815
f 2525/2502/815 2526/2503/817 2521/2498/818
f 2527/2504/819 2528/2505/820 2529/2506/821
f 2529/2506/821 2530/2507/822 2527/2504/819
f 2531/2508/823 2532/2509/819 2533/2510/822
f 2533/2510/822 2534/2511/824 2531/2508/823
f 2535/2512/825 2536/2513/823 2537/2514/824
f 2537/2514/824 2538/2515/826 2535/2512/825
f 2539/2516/820 2540/2517/819 2541/2518/823
f 2541/2518/823 2542/2519/825 2539/2516/820
f 2543/2520/826 2544/2521/824 2545/2522/822
f 2545/2522/822 2546/2523/821 2543/2520/826
f 2547/2524/827 2548/2525/828 2549/2526/829
f 2549/2526/829 2550/2527/830 2547/2524/827
f 2551/2528/831 2552/2529/827 2553/2530/830
f 2553/2530/830 2554/2531/832 2551/2528/831
f 2555/2532/833 2556/2533/831 2557/2534/832
f 2557/2534/832 2558/2535/834 2555/2532/833
f 2559/2536/828 2560/2537/827 2561/2538/831
f 2561/2538/831 2562/2539/833 2559/2536/828
f 2563/2540/834 2564/2541/832 2565/2542/830
f 2565/2542/830 2566/2543/829 2563/2540/834
f 2567/2544/835 2568/2545/836 2569/2546/837
f 2569/2546/837 2570/2547/838 2567/2544/835
f 2571/2548/839 2572/2549/835 2573/2550/838
f 2573/2550/838 2574/2551/840 2571/2548/839
f 2575/2552/841 2576/2553/839 2577/2554/840
f 2577/2554/840 2578/2555/842 2575/2552/841
f 2579/2556/836 2580/2557/841 2581/2558/842
f 2581/2558/842 2582/2559/837 2579/2556/836
f 2583/2560/843 2584/2561/844 2585/2562/845
f 2585/2562/845 2586/2563/846 2583/2560/843
f 2587/2564/847 2588/2565/843 2589/2566/846
f 2589/2566/846 2590/2567/848 2587/2564/847
f 2591/2568/849 2587/2564/847 2590/2567/848
f 2590/2567/848 2592/2569/850 2591/2568/849
f 2584/2561/844 2593/2570/849 2594/2571/850
f 2594/2571/850 2585/2562/845 2584/2561/844
f 2595/2572/851 2596/2573/847 2597/2574/849
f 2597/2574/849 2598/2575/852 2595/2572/851
f 2599/2576/852 2593/2570/849 2584/2561/844
f 2584/2561/844 2600/2577/853 2599/2576/852
f 2601/2578/853 2602/2579/844 2603/2580/843
f 2603/2580/843 2604/2581/854 2601/2578/853
f 2605/2582/854 2588/2565/843 2587/2564/847
f 2587/2564/847 2606/2583/851 2605/2582/854
f 2607/2584/855 2595/2572/851 2598/2575/852
f 2598/2575/852 2608/2585/856 2607/2584/855
f 2609/2586/857 2607/2584/855 2608/2585/856
f 2608/2585/856 2610/2587/858 2609/2586/857
f 2579/2556/836 2609/2586/857 2610/2587/858
f 2610/2587/858 2580/2557/841 2579/2556/836
f 2611/2588/856 2612/2589/852 2613/2590/853
f 2613/2590/853 2614/2591/859 2611/2588/856
f 2615/2592/858 2611/2588/856 2614/2591/859
f 2614/2591/859 2616/2593/860 2615/2592/858
f 2575/2552/841 2615/2592/858 2616/2593/860
f 2616/2593/860 2576/2553/839 2575/2552/841
f 2617/2594/859 2601/2578/853 2604/2581/854
f 2604/2581/854 2618/2595/861 2617/2594/859
f 2619/2596/860 2617/2594/859 2618/2595/861
f 2618/2595/861 2620/2597/862 2619/2596/860
f 2571/2548/839 2619/2596/860 2620/2597/862
f 2620/2597/862 2572/2549/835 2571/2548/839
f 2621/2598/861 2622/2599/854 2623/2600/851
f 2623/2600/851 2624/2601/855 2621/2598/861
f 2625/2602/862 2621/2598/861 2624/2601/855
f 2624/2601/855 2626/2603/857 2625/2602/862
f 2567/2544/835 2625/2602/862 2626/2603/857
f 2626/2603/857 2568/2545/836 2567/2544/835
f 2627/2604/863 2628/2605/864 2629/2606/865
f 2629/2606/865 2630/2607/866 2627/2604/863
f 2631/2608/867 2632/2609/868 2633/2610/869
f 2633/2610/869 2634/2611/870 2631/2608/867
f 2635/2612/871 2636/2613/872 2637/2614/873
f 2637/2614/873 2638/2615/874 2635/2612/871
f 2639/2616/871 2640/2617/864 2641/2618/863
f 2641/2618/863 2642/2619/872 2639/2616/871
f 2643/2620/873 2644/2621/866 2645/2622/865
f 2645/2622/865 2646/2623/874 2643/2620/873
f 2647/2624/875 2648/2625/876 2649/2626/868
f 2649/2626/868 2650/2627/867 2647/2624/875
f 2651/2628/870 2652/2629/869 2653/2630/877
f 2653/2630/877 2654/2631/878 2651/2628/870
f 2655/2632/879 2656/2633/876 2657/2634/875
f 2657/2634/875 2658/2635/880 2655/2632/879
f 2659/2636/877 2660/2637/872 2661/2638/863
f 2661/2638/863 2662/2639/876 2659/2636/877
f 2663/2640/869 2664/2641/873 2660/2637/872
f 2660/2637/872 2659/2636/877 2663/2640/869
f 2662/2639/876 2661/2638/863 2665/2642/866
f 2665/2642/866 2666/2643/868 2662/2639/876
f 2667/2644/881 2668/2645/882 2669/2646/883
f 2669/2646/883 2670/2647/884 2667/2644/881
f 2671/2648/885 2672/2649/886 2673/2650/887
f 2673/2650/887 2674/2651/888 2671/2648/885
f 2666/2643/868 2665/2642/866 2664/2641/873
f 2664/2641/873 2663/2640/869 2666/2643/868
f 2675/2652/889 2676/2653/890 2677/2654/891
f 2675/2652/889 2677/2654/891 2678/2655/892
f 2675/2652/889 2678/2655/892 2679/2656/893
f 2675/2652/889 2679/2656/893 2680/2657/894
f 2675/2652/889 2680/2657/894 2681/2658/895
f 2675/2652/889 2681/2658/895 2682/2659/896
f 2675/2652/889 2682/2659/896 2683/2660/897
f 2675/2652/889 2683/2660/897 2674/2651/888
f 2675/2652/889 2674/2651/888 2673/2650/887
f 2673/2650/887 2684/2661/898 2675/2652/889
f 2685/2662/899 2686/2663/900 2687/2664/890
f 2687/2664/890 2688/2665/889 2685/2662/899
f 2689/2666/901 2686/2663/900 2690/2667/902
f 2690/2667/902 2691/2668/903 2689/2666/901
f 2692/2669/904 2693/2670/901 2694/2671/903
f 2694/2671/903 2695/2672/905 2692/2669/904
f 2696/2673/906 2697/2674/907 2698/2675/908
f 2698/2675/908 2699/2676/909 2696/2673/906
f 2668/2645/882 2700/2677/906 2701/2678/909
f 2701/2678/909 2669/2646/883 2668/2645/882
f 2702/2679/910 2703/2680/886 2704/2681/911
f 2704/2681/911 2705/2682/912 2702/2679/910
f 2685/2662/899 2706/2683/910 2707/2684/912
f 2707/2684/912 2708/2685/913 2685/2662/899
f 2709/2686/914 2667/2644/881 2670/2647/884
f 2670/2647/884 2710/2687/915 2709/2686/914
f 2711/2688/885 2712/2689/914 2713/2690/915
f 2713/2690/915 2714/2691/916 2711/2688/885
f 2715/2692/892 2692/2669/904 2697/2674/907
f 2697/2674/907 2716/2693/893 2715/2692/892
f 2674/2651/888 2683/2660/897 2717/2694/914
f 2717/2694/914 2671/2648/885 2674/2651/888
f 2718/2695/897 2719/2696/896 2667/2644/881
f 2667/2644/881 2709/2686/914 2718/2695/897
f 2688/2665/889 2720/2697/898 2706/2683/910
f 2706/2683/910 2685/2662/899 2688/2665/889
f 2684/2661/898 2673/2650/887 2672/2649/886
f 2672/2649/886 2721/2698/910 2684/2661/898
f 2722/2699/895 2723/2700/894 2700/2677/906
f 2700/2677/906 2668/2645/882 2722/2699/895
f 2680/2657/894 2679/2656/893 2724/2701/907
f 2724/2701/907 2725/2702/906 2680/2657/894
f 2715/2692/892 2726/2703/891 2693/2670/901
f 2693/2670/901 2692/2669/904 2715/2692/892
f 2727/2704/891 2687/2664/890 2686/2663/900
f 2686/2663/900 2689/2666/901 2727/2704/891
f 2719/2696/896 2722/2699/895 2668/2645/882
f 2668/2645/882 2667/2644/881 2719/2696/896
f 2714/2691/916 2704/2681/911 2703/2680/886
f 2703/2680/886 2711/2688/885 2714/2691/916
f 2708/2685/913 2690/2667/902 2686/2663/900
f 2686/2663/900 2685/2662/899 2708/2685/913
f 2692/2669/904 2695/2672/905 2698/2675/908
f 2698/2675/908 2697/2674/907 2692/2669/904
f 2728/2705/917 2729/2706/918 2730/2707/919
f 2730/2707/919 2731/2708/920 2728/2705/917
f 2732/2709/921 2733/2710/922 2734/2711/923
f 2734/2711/923 2735/2712/924 2732/2709/921
f 2736/2713/925 2737/2714/926 2738/2715/927
f 2736/2713/925 2738/2715/927 2739/2716/928
f 2736/2713/925 2739/2716/928 2732/2709/921
f 2736/2713/925 2732/2709/921 2735/2712/924
f 2736/2713/925 2735/2712/924 2740/2717/929
f 2736/2713/925 2740/2717/929 2741/2718/930
f 2736/2713/925 2741/2718/930 2742/2719/931
f 2736/2713/925 2742/2719/931 2743/2720/932
f 2736/2713/925 2743/2720/932 2744/2721/933
f 2744/2721/933 2745/2722/934 2736/2713/925
f 2746/2723/926 2747/2724/935 2748/2725/936
f 2748/2725/936 2749/2726/927 2746/2723/926
f 2750/2727/937 2751/2728/938 2752/2729/939
f 2752/2729/939 2753/2730/940 2750/2727/937
f 2754/2731/940 2755/2732/939 2756/2733/941
f 2756/2733/941 2757/2734/942 2754/2731/940
f 2758/2735/943 2759/2736/944 2760/2737/945
f 2760/2737/945 2761/2738/946 2758/2735/943
f 2761/2738/946 2760/2737/945 2729/2706/918
f 2729/2706/918 2728/2705/917 2761/2738/946
f 2762/2739/947 2763/2740/948 2764/2741/949
f 2764/2741/949 2765/2742/950 2762/2739/947
f 2766/2743/950 2767/2744/949 2768/2745/951
f 2768/2745/951 2769/2746/952 2766/2743/950
f 2731/2708/920 2730/2707/919 2770/2747/953
f 2770/2747/953 2771/2748/954 2731/2708/920
f 2772/2749/954 2773/2750/953 2774/2751/955
f 2774/2751/955 2775/2752/956 2772/2749/954
f 2776/2753/957 2777/2754/958 2745/2722/934
f 2745/2722/934 2744/2721/933 2776/2753/957
f 2778/2755/944 2756/2733/941 2779/2756/958
f 2779/2756/958 2780/2757/957 2778/2755/944
f 2781/2758/959 2740/2717/929 2735/2712/924
f 2735/2712/924 2734/2711/923 2781/2758/959
f 2782/2759/960 2741/2718/930 2740/2717/929
f 2740/2717/929 2781/2758/959 2782/2759/960
f 2783/2760/961 2739/2716/928 2738/2715/927
f 2738/2715/927 2784/2761/936 2783/2760/961
f 2733/2710/922 2732/2709/921 2739/2716/928
f 2739/2716/928 2783/2760/961 2733/2710/922
f 2785/2762/962 2743/2720/932 2742/2719/931
f 2742/2719/931 2786/2763/963 2785/2762/962
f 2776/2753/957 2744/2721/933 2743/2720/932
f 2743/2720/932 2785/2762/962 2776/2753/957
f 2787/2764/964 2736/2713/925 2745/2722/934
f 2745/2722/934 2777/2754/958 2787/2764/964
f 2788/2765/935 2737/2714/926 2736/2713/925
f 2736/2713/925 2787/2764/964 2788/2765/935
f 2747/2724/935 2751/2728/938 2768/2745/951
f 2768/2745/951 2748/2725/936 2747/2724/935
f 2789/2766/922 2763/2740/948 2774/2751/955
f 2774/2751/955 2790/2767/923 2789/2766/922
f 2786/2763/963 2742/2719/931 2741/2718/930
f 2741/2718/930 2782/2759/960 2786/2763/963
f 2763/2740/948 2762/2739/947 2775/2752/956
f 2775/2752/956 2774/2751/955 2763/2740/948
f 2751/2728/938 2750/2727/937 2769/2746/952
f 2769/2746/952 2768/2745/951 2751/2728/938
f 2791/2768/943 2757/2734/942 2756/2733/941
f 2756/2733/941 2778/2755/944 2791/2768/943
f 2773/2750/953 2792/2769/959 2790/2767/923
f 2790/2767/923 2774/2751/955 2773/2750/953
f 2730/2707/919 2793/2770/960 2794/2771/959
f 2794/2771/959 2770/2747/953 2730/2707/919
f 2767/2744/949 2795/2772/961 2748/2725/936
f 2748/2725/936 2768/2745/951 2767/2744/949
f 2763/2740/948 2789/2766/922 2796/2773/961
f 2796/2773/961 2764/2741/949 2763/2740/948
f 2760/2737/945 2797/2774/962 2798/2775/963
f 2798/2775/963 2729/2706/918 2760/2737/945
f 2778/2755/944 2780/2757/957 2799/2776/962
f 2799/2776/962 2800/2777/945 2778/2755/944
f 2755/2732/939 2801/2778/964 2779/2756/958
f 2779/2756/958 2756/2733/941 2755/2732/939
f 2751/2728/938 2747/2724/935 2802/2779/964
f 2802/2779/964 2752/2729/939 2751/2728/938
f 2729/2706/918 2798/2775/963 2793/2770/960
f 2793/2770/960 2730/2707/919 2729/2706/918
f 2803/2780/883 2804/2781/909 2805/2782/946
f 2805/2782/946 2806/2783/917 2803/2780/883
f 2807/2784/913 2808/2785/912 2809/2786/950
f 2809/2786/950 2810/2787/952 2807/2784/913
f 2811/2788/903 2812/2789/902 2813/2790/937
f 2813/2790/937 2814/2791/940 2811/2788/903
f 2804/2781/909 2815/2792/908 2816/2793/943
f 2816/2793/943 2805/2782/946 2804/2781/909
f 2817/2794/916 2818/2795/915 2819/2796/954
f 2819/2796/954 2820/2797/956 2817/2794/916
f 2808/2785/912 2821/2798/911 2822/2799/947
f 2822/2799/947 2809/2786/950 2808/2785/912
f 2818/2795/915 2823/2800/884 2824/2801/920
f 2824/2801/920 2819/2796/954 2818/2795/915
f 2812/2789/902 2807/2784/913 2810/2787/952
f 2810/2787/952 2813/2790/937 2812/2789/902
f 2823/2800/884 2803/2780/883 2806/2783/917
f 2806/2783/917 2824/2801/920 2823/2800/884
f 2815/2792/908 2825/2802/905 2826/2803/942
f 2826/2803/942 2816/2793/943 2815/2792/908
f 2821/2798/911 2817/2794/916 2820/2797/956
f 2820/2797/956 2822/2799/947 2821/2798/911
f 2825/2802/905 2811/2788/903 2814/2791/940
f 2814/2791/940 2826/2803/942 2825/2802/905
f 2827/2804/965 2828/2805/867 2829/2806/870
f 2829/2806/870 2830/2807/966 2827/2804/965
f 2831/2808/967 2832/2809/875 2828/2805/867
f 2828/2805/867 2827/2804/965 2831/2808/967
f 2830/2807/966 2829/2806/870 2833/2810/878
f 2833/2810/878 2834/2811/968 2830/2807/966
f 2834/2811/968 2833/2810/878 2832/2809/875
f 2832/2809/875 2831/2808/967 2834/2811/968
f 2835/2812/969 2836/2813/966 2837/2814/968
f 2837/2814/968 2838/2815/970 2835/2812/969
f 2839/2816/970 2840/2817/968 2841/2818/967
f 2841/2818/967 2842/2819/971 2839/2816/970
f 2843/2820/972 2844/2821/965 2845/2822/966
f 2845/2822/966 2846/2823/969 2843/2820/972
f 2847/2824/971 2848/2825/967 2849/2826/965
f 2849/2826/965 2850/2827/972 2847/2824/971
f 2851/2828/973 2852/2829/972 2853/2830/969
f 2853/2830/969 2854/2831/974 2851/2828/973
f 2855/2832/975 2856/2833/973 2857/2834/974
f 2857/2834/974 2858/2835/976 2855/2832/975
f 2859/2836/977 2860/2837/971 2852/2829/972
f 2852/2829/972 2851/2828/973 2859/2836/977
f 2854/2831/974 2853/2830/969 2861/2838/970
f 2861/2838/970 2862/2839/978 2854/2831/974
f 2862/2839/978 2861/2838/970 2860/2837/971
f 2860/2837/971 2859/2836/977 2862/2839/978
f 2863/2840/979 2864/2841/980 2865/2842/975
f 2865/2842/975 2866/2843/976 2863/2840/979
f 2867/2844/980 2868/2845/977 2869/2846/973
f 2869/2846/973 2870/2847/975 2867/2844/980
f 2871/2848/976 2872/2849/974 2873/2850/978
f 2873/2850/978 2874/2851/979 2871/2848/976
f 2875/2852/979 2876/2853/978 2877/2854/977
f 2877/2854/977 2878/2855/980 2875/2852/979
f 2879/2856/981 2880/2857/879 2881/2858/880
f 2881/2858/880 2882/2859/982 2879/2856/981
f 2658/2635/880 2657/2634/875 2883/2860/878
f 2883/2860/878 2884/2861/983 2658/2635/880
f 2884/2861/983 2883/2860/878 2885/2862/877
f 2885/2862/877 2886/2863/984 2884/2861/983
f 2886/2863/984 2885/2862/877 2656/2633/876
f 2656/2633/876 2655/2632/879 2886/2863/984
f 2887/2864/985 2888/2865/986 2889/2866/981
f 2889/2866/981 2890/2867/982 2887/2864/985
f 2891/2868/986 2892/2869/984 2893/2870/879
f 2893/2870/879 2894/2871/981 2891/2868/986
f 2895/2872/985 2896/2873/983 2897/2874/984
f 2897/2874/984 2898/2875/986 2895/2872/985
f 2899/2876/982 2900/2877/880 2901/2878/983
f 2901/2878/983 2902/2879/985 2899/2876/982
f 2903/2880/791 2904/2881/987 2905/2882/988
f 2905/2882/988 2906/2883/989 2903/2880/791
f 2907/2884/990 2908/2885/791 2909/2886/989
f 2909/2886/989 2910/2887/991 2907/2884/990
f 2911/2888/992 2912/2889/990 2913/2890/991
f 2913/2890/991 2914/2891/993 2911/2888/992
f 2915/2892/987 2916/2893/791 2917/2894/990
f 2917/2894/990 2918/2895/992 2915/2892/987
f 2919/2896/993 2920/2897/991 2921/2898/989
f 2921/2898/989 2922/2899/988 2919/2896/993
f 2923/2900/988 2924/2901/987 2925/2902/992
f 2925/2902/992 2926/2903/993 2923/2900/988
f 2927/2904/994 2928/2905/995 2929/2906/996
f 2929/2906/996 2930/2907/997 2927/2904/994
f 2931/2908/998 2932/2909/994 2933/2910/997
f 2933/2910/997 2934/2911/999 2931/2908/998
f 2935/2912/1000 2936/2913/998 2937/2914/999
f 2937/2914/999 2938/2915/1001 2935/2912/1000
f 2928/2905/995 2939/2916/1000 2940/2917/1001
f 2940/2917/1001 2929/2906/996 2928/2905/995
f 2941/2918/1002 2942/2919/1003 2943/2920/1004
f 2943/2920/1004 2944/2921/1005 2941/2918/1002
f 2945/2922/1006 2946/2923/1007 2947/2924/1008
f 2947/2924/1008 2948/2925/1009 2945/2922/1006
f 2949/2926/1003 2950/2927/1006 2951/2928/1009
f 2951/2928/1009 2952/2929/1004 2949/2926/1003
f 2953/2930/1007 2954/2931/1002 2955/2932/1005
f 2955/2932/1005 2956/2933/1008 2953/2930/1007
f 2957/2934/994 2958/2935/995 2959/2936/1010
f 2959/2936/1010 2960/2937/1011 2957/2934/994
f 2961/2938/998 2962/2939/994 2963/2940/1011
f 2963/2940/1011 2964/2941/1012 2961/2938/998
f 2965/2942/1000 2966/2943/998 2967/2944/1012
f 2967/2944/1012 2968/2945/1013 2965/2942/1000
f 2958/2935/995 2969/2946/1000 2970/2947/1013
f 2970/2947/1013 2959/2936/1010 2958/2935/995
f 2971/2948/1014 2972/2949/1015 2973/2950/1016
f 2973/2950/1016 2974/2951/1017 2971/2948/1014
f 2975/2952/1018 2976/2953/1019 2977/2954/1020
f 2977/2954/1020 2978/2955/1021 2975/2952/1018
f 2979/2956/1015 2980/2957/1018 2981/2958/1021
f 2981/2958/1021 2982/2959/1016 2979/2956/1015
f 2983/2960/1019 2984/2961/1014 2985/2962/1017
f 2985/2962/1017 2986/2963/1020 2983/2960/1019
f 2987/2964/1022 2956/2933/1008 2955/2932/1005
f 2955/2932/1005 2988/2965/1023 2987/2964/1022
f 2989/2966/1024 2990/2967/1022 2991/2968/1023
f 2991/2968/1023 2992/2969/1025 2989/2966/1024
f 2993/2970/1026 2989/2966/1024 2992/2969/1025
f 2992/2969/1025 2994/2971/1027 2993/2970/1026
f 2995/2972/1028 2993/2970/1026 2994/2971/1027
f 2994/2971/1027 2996/2973/1029 2995/2972/1028
f 2933/2910/997 2995/2972/1028 2996/2973/1029
f 2996/2973/1029 2934/2911/999 2933/2910/997
f 2997/2974/1023 2944/2921/1005 2943/2920/1004
f 2943/2920/1004 2998/2975/1030 2997/2974/1023
f 2999/2976/1025 3000/2977/1023 3001/2978/1030
f 3001/2978/1030 3002/2979/1031 2999/2976/1025
f 3003/2980/1027 2999/2976/1025 3002/2979/1031
f 3002/2979/1031 3004/2981/1032 3003/2980/1027
f 3005/2982/1029 3003/2980/1027 3004/2981/1032
f 3004/2981/1032 3006/2983/1033 3005/2982/1029
f 2937/2914/999 3007/2984/1029 3008/2985/1033
f 3008/2985/1033 2938/2915/1001 2937/2914/999
f 3009/2986/1030 2952/2929/1004 2951/2928/1009
f 2951/2928/1009 3010/2987/1034 3009/2986/1030
f 3011/2988/1031 3012/2989/1030 3013/2990/1034
f 3013/2990/1034 3014/2991/1035 3011/2988/1031
f 3015/2992/1032 3011/2988/1031 3014/2991/1035
f 3014/2991/1035 3016/2993/1036 3015/2992/1032
f 3017/2994/1033 3015/2992/1032 3016/2993/1036
f 3016/2993/1036 3018/2995/1037 3017/2994/1033
f 2940/2917/1001 3017/2994/1033 3018/2995/1037
f 3018/2995/1037 2929/2906/996 2940/2917/1001
f 3019/2996/1034 2948/2925/1009 2947/2924/1008
f 2947/2924/1008 3020/2997/1022 3019/2996/1034
f 3021/2998/1035 3022/2999/1034 3023/3000/1022
f 3023/3000/1022 3024/3001/1024 3021/2998/1035
f 3025/3002/1036 3021/2998/1035 3024/3001/1024
f 3024/3001/1024 3026/3003/1026 3025/3002/1036
f 3027/3004/1037 3025/3002/1036 3026/3003/1026
f 3026/3003/1026 3028/3005/1028 3027/3004/1037
f 2929/2906/996 3018/2995/1037 3029/3006/1028
f 3029/3006/1028 2930/2907/997 2929/2906/996
f 3030/3007/1038 2982/2959/1016 2981/2958/1021
f 2981/2958/1021 3031/3008/1039 3030/3007/1038
f 3032/3009/1040 3033/3010/1038 3034/3011/1039
f 3034/3011/1039 3035/3012/1041 3032/3009/1040
f 3036/3013/1042 3032/3009/1040 3035/3012/1041
f 3035/3012/1041 3037/3014/1043 3036/3013/1042
f 3038/3015/1044 3036/3013/1042 3037/3014/1043
f 3037/3014/1043 3039/3016/1045 3038/3015/1044
f 2970/2947/1013 3038/3015/1044 3039/3016/1045
f 3039/3016/1045 2959/2936/1010 2970/2947/1013
f 3040/3017/1046 2974/2951/1017 2973/2950/1016
f 2973/2950/1016 3041/3018/1038 3040/3017/1046
f 3042/3019/1047 3043/3020/1046 3044/3021/1038
f 3044/3021/1038 3045/3022/1040 3042/3019/1047
f 3046/3023/1048 3042/3019/1047 3045/3022/1040
f 3045/3022/1040 3047/3024/1042 3046/3023/1048
f 3048/3025/1049 3046/3023/1048 3047/3024/1042
f 3047/3024/1042 3049/3026/1044 3048/3025/1049
f 2967/2944/1012 3050/3027/1049 3051/3028/1044
f 3051/3028/1044 2968/2945/1013 2967/2944/1012
f 3052/3029/1050 3053/3030/1020 3054/3031/1017
f 3054/3031/1017 3055/3032/1046 3052/3029/1050
f 3056/3033/1051 3057/3034/1050 3058/3035/1046
f 3058/3035/1046 3059/3036/1047 3056/3033/1051
f 3060/3037/1052 3056/3033/1051 3059/3036/1047
f 3059/3036/1047 3061/3038/1048 3060/3037/1052
f 3062/3039/1053 3060/3037/1052 3061/3038/1048
f 3061/3038/1048 3063/3040/1049 3062/3039/1053
f 2963/2940/1011 3062/3039/1053 3063/3040/1049
f 3063/3040/1049 2964/2941/1012 2963/2940/1011
f 3064/3041/1039 2978/2955/1021 2977/2954/1020
f 2977/2954/1020 3065/3042/1050 3064/3041/1039
f 3066/3043/1041 3067/3044/1039 3068/3045/1050
f 3068/3045/1050 3069/3046/1051 3066/3043/1041
f 3070/3047/1043 3066/3043/1041 3069/3046/1051
f 3069/3046/1051 3071/3048/1052 3070/3047/1043
f 3072/3049/1045 3070/3047/1043 3071/3048/1052
f 3071/3048/1052 3073/3050/1053 3072/3049/1045
f 2959/2936/1010 3039/3016/1045 3074/3051/1053
f 3074/3051/1053 2960/2937/1011 2959/2936/1010
f 3075/3052/1054 3076/3053/1055 3077/3054/1002
f 3077/3054/1002 3078/3055/1007 3075/3052/1054
f 3079/3056/1056 3080/3057/1057 2945/2922/1006
f 2945/2922/1006 3081/3058/1003 3079/3056/1056
f 3080/3057/1057 3082/3059/1054 2946/2923/1007
f 2946/2923/1007 2945/2922/1006 3080/3057/1057
f 3083/3060/1055 3084/3061/1056 2942/2919/1003
f 2942/2919/1003 2941/2918/1002 3083/3060/1055
f 3085/3062/1058 3086/3063/1059 3087/3064/1014
f 3087/3064/1014 3088/3065/1019 3085/3062/1058
f 3089/3066/1060 3090/3067/1061 3091/3068/1018
f 3091/3068/1018 3092/3069/1015 3089/3066/1060
f 3093/3070/1061 3094/3071/1058 2976/2953/1019
f 2976/2953/1019 2975/2952/1018 3093/3070/1061
f 3095/3072/1059 3096/3073/1060 2972/2949/1015
f 2972/2949/1015 2971/2948/1014 3095/3072/1059
# Vertices: 634, normals: 271, texture coordinates: 634, faces: 492

