# File generated by ImageToStl.com - Free Image and 3D model conversion tools

mtllib palm_tree_realistic.mtl

o obj1
v -2.71848403 0.03165814 -0.19177284
v -2.70112479 0.52511164 -0.19075828
v -2.60574559 0.52509981 -0.16520195
v -2.62259798 0.03169819 -0.16607877
v -2.53634125 0.52508749 -0.09501742
v -2.552405 0.03172012 -0.09588521
v -2.51084879 0.52508425 0.00012069
v -2.49634569 -0.00270513 -0.01295897
v -2.53634127 0.5250878 0.09525881
v -2.52551678 -0.00270988 0.09590996
v -2.6059871 0.52509958 0.16490427
v -2.60521444 -0.00272798 0.17560821
v -2.70112479 0.52511145 0.19039588
v -2.71408405 -0.0027642 0.20478115
v -2.71408405 -0.0027642 0.20478115
v -2.70112479 0.52511145 0.19039588
v -2.79626211 0.52511927 0.16490356
v -2.82295599 -0.00280949 0.17561111
v -2.86590727 0.52512736 0.09525794
v -2.90265739 -0.00284621 0.09591262
v -2.89139892 0.52513018 0.0001207
v -2.9318304 -0.00286244 -0.01295938
v -2.86632562 0.52512755 -0.09537883
v -2.88456863 0.03157663 -0.09588802
v -2.79650362 0.5251195 -0.16520124
v -2.81437228 0.03160999 -0.16608177
v -2.58520595 1.17509617 0.08678117
v -2.64871051 1.17526585 0.15030255
v -2.56196478 1.17508336 -8E-08
v -2.82212861 1.17589718 -0.15027701
v -2.73541125 1.17555768 -0.17354087
v -2.64867747 1.17526349 -0.15030268
v -2.58521622 1.17509671 -0.08678136
v -2.88559909 1.17617673 -0.08675602
v -2.90890176 1.17626088 -8E-08
v -2.88566251 1.17618184 0.08675585
v -2.82218086 1.17590108 0.15027691
v -2.73545238 1.17556042 0.17354072
v -2.73545238 1.17556042 0.17354072
v -2.62706385 2.32418375 -0.07110708
v -2.57944847 2.91550866 -0.06086051
v -2.56315704 2.91551751 -1.3E-07
v -2.6085987 2.32427027 -0.00214771
v -2.88436677 2.3242164 -0.00215036
v -2.80638642 2.91566216 -1.3E-07
v -2.79015787 2.91565789 -0.06085569
v -2.85842604 2.32464792 -0.06464527
v -2.74651124 2.32415918 0.13576204
v -2.68482786 2.91554162 0.12171841
v -2.74564223 2.91561211 0.10540732
v -2.81545446 2.32420572 0.11727694
v -2.57945716 2.91550927 0.06086025
v -2.62707631 2.32408258 0.06681274
v -2.81113819 2.32448481 -0.11197993
v -2.74567475 2.91561486 -0.10540761
v -2.79010913 2.91565362 0.06085543
v -2.86589587 2.32427332 0.06679579
v -2.62398066 2.91550255 0.10541334
v -2.67755209 2.32406732 0.11729404
v -2.7465005 2.32434961 -0.12931504
v -2.6848503 2.91554314 -0.12171873
v -2.68482786 2.91554162 0.12171841
v -2.74651124 2.32415918 0.13576204
v -2.68184184 2.32415583 -0.11200042
v -2.62398688 2.91550225 -0.10541363
v -2.83863281 1.49835369 -0.13495838
v -2.76076231 1.49799785 -0.1558518
v -2.68287576 1.49767803 -0.13498337
v -2.62000443 1.49704372 -0.08297265
v -2.90144397 1.49865764 0.079586
v -2.92320768 1.49878902 -0.00167391
v -2.67950665 1.49735317 0.13912593
v -2.76076222 1.49776363 0.16088832
v -2.59823131 1.49719051 -0.00167489
v -2.89562186 1.49869945 -0.07791083
v -2.76076222 1.49776363 0.16088832
v -2.84199563 1.4982217 0.13909015
v -2.62001057 1.49714855 0.07962127
v -2.52744284 4.11813345 0.05990666
v -2.57129778 4.11813345 0.10376149
v -2.69111139 4.11813345 -0.10376183
v -2.63120457 4.11813375 -0.11981381
v -2.57129779 4.11813345 -0.10376184
v -2.52744284 4.11813345 -0.05990701
v -2.73496629 4.11813345 0.05990666
v -2.75101823 4.11813345 -1.7E-07
v -2.63120456 4.11813375 0.11981349
v -2.51139095 4.11813345 -1.7E-07
v -2.73496629 4.11813375 -0.05990701
v -2.63120456 4.11813375 0.11981349
v -2.69111139 4.11813345 0.10376149
v -2.55242386 4.87875477 0.04548369
v -2.58572041 4.87875477 0.07878021
v -2.67668824 4.87875477 -0.07878058
v -2.6312045 4.87875446 -0.09096797
v -2.58572043 4.87875446 -0.07878058
v -2.55242388 4.87875477 -0.04548408
v -2.70998479 4.87875477 0.04548369
v -2.72217233 4.87875477 -1.9E-07
v -2.63120447 4.87875477 0.09096758
v -2.54023668 4.87875446 -1.9E-07
v -2.7099848 4.87875477 -0.04548408
v -2.63120447 4.87875477 0.09096758
v -2.67668826 4.87875477 0.07878021
v -2.59846678 4.96772938 -0.0567037
v -2.57450086 4.96772846 -0.03273798
v -2.68790777 4.96772938 0.03273757
v -2.69667988 4.96772846 -2.1E-07
v -2.59846677 4.96772938 0.05670328
v -2.63120449 4.96772938 0.06547535
v -2.56572869 4.96772846 -2.1E-07
v -2.68790779 4.96772938 -0.03273798
v -2.63120449 4.96772938 0.06547535
v -2.66394219 4.96772938 0.05670328
v -2.57450086 4.96772846 0.03273757
v -2.66394217 4.96772938 -0.0567037
v -2.63120448 4.96772938 -0.06547575
v -2.7465005 2.32434961 -0.12931504
v -2.77942229 5.09008319 -0.33651569
v -2.62552741 4.90447163 0.01868744
v -2.52414484 5.05814807 -0.14617102
v -2.60323644 5.23575488 -0.48261504
v -3.00661885 5.23529285 -0.30782945
v -2.81521993 5.0577724 -0.01999539
v -2.77047893 5.40192187 -1.03868711
v -3.01065175 5.29048388 -0.87035551
v -2.91124936 5.22602893 -0.64082625
v -2.69118086 5.35092273 -0.79142996
v -3.29782246 5.40140063 -0.81029287
v -3.17174241 5.35041858 -0.58325804
v -3.22055653 5.2839989 -1.35530148
v -3.51318725 5.35690783 -1.26233586
v -3.40580948 5.41067126 -1.02464643
v -3.11469296 5.32083117 -1.11066328
v -2.95258147 5.35738025 -1.50503796
v -2.85285778 5.41118273 -1.26408902
v -3.10883389 5.2502373 -1.66567364
v -3.35129254 5.17441455 -1.65753307
v -3.52321663 5.2498363 -1.48620801
v -2.91331128 5.62564562 -0.18714456
v -2.65699341 5.25440173 -0.05950233
v -2.6161371 5.50398364 -0.20597486
v -2.80949685 5.79496324 -0.37482459
v -3.02475371 5.83122484 0.01374057
v -2.7739847 5.4890343 0.06880845
v -3.21244141 6.02253099 -0.68599181
v -3.34762112 5.88430833 -0.44397746
v -3.14964345 5.82143785 -0.32040672
v -3.01905976 5.95333665 -0.53996009
v -3.51338798 5.99581041 -0.19800439
v -3.29114937 5.94341234 -0.08604562
v -3.79724677 6.01446458 -0.70553275
v -3.96469222 6.00319566 -0.46641612
v -3.72136604 6.03672166 -0.32167522
v -3.56300659 5.95337999 -0.57335288
v -3.63469039 6.17232652 -0.94355635
v -3.40416313 6.10426377 -0.81152083
v -3.88171073 6.16649583 -0.99104086
v -4.10330389 6.01973497 -0.87465666
v -4.12867865 5.98629808 -0.6447383
v -2.33943518 5.51908251 0.26027032
v -2.39981795 5.14895557 -0.02207358
v -2.53892502 5.2755675 0.20380884
v -2.53348223 5.60759508 0.48403262
v -2.34278609 5.7957744 0.15744795
v -2.42504317 5.44023242 -0.04240953
v -2.39193076 5.99516221 0.92362379
v -2.16461684 5.93987657 0.68214644
v -2.25994147 5.79212572 0.49862078
v -2.4769034 5.84004869 0.73604574
v -2.05610408 6.1451909 0.53224917
v -2.2087337 6.00334398 0.37207408
v -1.87203151 6.17699571 1.04932981
v -1.67394672 6.32632065 0.85213232
v -1.88659511 6.25562424 0.67761755
v -2.03643626 6.07845018 0.86284307
v -2.12921264 6.22653977 1.24808011
v -2.2824993 6.12394334 1.08077627
v -1.93255802 6.26157151 1.36159756
v -1.68361965 6.25336961 1.31916394
v -1.56086819 6.30533921 1.08424215
v -2.29099944 5.0734798 0.2238298
v -2.63509827 4.93526996 0.00749914
v -2.60844692 5.03387043 0.23253509
v -2.33355044 5.15466358 0.47918319
v -2.13750213 5.25952685 0.09992593
v -2.46701477 5.10950824 -0.04118211
v -1.84965374 5.23786304 0.83092138
v -1.77290172 5.20537036 0.52844805
v -1.99592426 5.16961719 0.40314166
v -2.06888187 5.22208118 0.683561
v -1.59329342 5.3750133 0.33521526
v -1.83528904 5.34703967 0.23179286
v -1.29998334 5.14319629 0.75595045
v -1.13690397 5.2834563 0.52503051
v -1.37277707 5.36194995 0.4295362
v -1.53895832 5.20695544 0.6499449
v -1.40949628 5.13759631 1.05191022
v -1.64161358 5.21811389 0.94927389
v -1.18517347 5.03108661 1.04612737
v -1.00397489 5.00257465 0.87018446
v -0.98372419 5.13886401 0.65661063
v -2.33636775 5.09008319 -0.23637485
v -2.6266301 4.90447163 0.01975147
v -2.43851145 5.05814899 0.06522814
v -2.14297461 5.23575488 -0.11395913
v -2.43385767 5.23529285 -0.44358699
v -2.64845865 5.0577724 -0.17261032
v -1.66579929 5.40192309 -0.44485209
v -1.90010974 5.29048388 -0.6212525
v -2.08768817 5.22602893 -0.45578692
v -1.87645038 5.35092273 -0.29302831
v -2.05062709 5.53555102 -0.81600439
v -2.22293551 5.35041858 -0.6857408
v -1.50376309 5.2839989 -0.97073988
v -1.68260609 5.35690783 -1.22032056
v -1.88013439 5.54482043 -0.98494528
v -1.7037138 5.32083178 -0.79446104
v -1.27854581 5.35737964 -0.76215193
v -1.47688603 5.41118212 -0.59285201
v -1.17405729 5.25023669 -0.96039556
v -1.25672299 5.17441455 -1.18847211
v -1.47279011 5.24983508 -1.29903928
v -2.94598764 5.19279163 -0.14906066
v -2.63279635 4.87797413 0.00131819
v -2.63149726 5.1254256 -0.15418259
v -2.8739423 5.42867175 -0.33519901
v -3.0991536 5.38307666 0.03959293
v -2.79398005 5.09245655 0.1162943
v -3.32265488 5.68551073 -0.65405104
v -3.42740608 5.53364794 -0.39912517
v -3.2165548 5.43012194 -0.2831455
v -3.11497849 5.61780871 -0.50609607
v -3.6269384 5.58197314 -0.17790727
v -3.38543182 5.56292834 -0.06018146
v -3.88665137 5.55321825 -0.67634634
v -4.07255484 5.55648363 -0.43495376
v -3.8427529 5.58999438 -0.29807748
v -3.65581329 5.56087817 -0.53714419
v -3.74499732 5.72370714 -0.92651777
v -3.52231766 5.72604601 -0.78833121
v -3.97187064 5.62148424 -0.97973608
v -4.17246359 5.4942766 -0.85157248
v -4.2142861 5.49542895 -0.61700797
v -2.91725431 5.14820667 0.27329635
v -2.62699215 4.88370686 0.01716988
v -2.81511076 5.10269855 -0.02830681
v -3.11064748 5.35578723 0.15088072
v -2.81976446 5.35512927 0.48050853
v -2.60516348 5.10216205 0.20953168
v -3.61522506 5.46249011 0.50676177
v -3.36914719 5.35955249 0.67243147
v -3.16884324 5.32811755 0.49536105
v -3.39227577 5.44819872 0.34372363
v -3.22469338 5.51091906 0.92827223
v -3.03828038 5.48313036 0.72958731
v -3.7696067 5.33078479 1.02566938
v -3.5863134 5.45580676 1.27119214
v -3.39700699 5.51548327 1.09887372
v -3.57138115 5.37508288 0.8509638
v -4.00337836 5.39474536 0.82488249
v -3.80759711 5.4592644 0.65791556
v -4.09650565 5.29599902 1.01276571
v -4.00362525 5.23644214 1.23152783
v -3.78980727 5.33324145 1.34414578
v -2.4902327 5.18810474 0.35662768
v -2.59722465 4.888232 0.01247418
v -2.74056709 5.05026447 0.20897439
v -2.70076229 5.3111748 0.54638407
v -2.36653597 5.46642504 0.30668012
v -2.49938139 5.16223621 0.03595071
v -2.5339041 5.58864977 1.08343343
v -2.28761962 5.53532336 0.86494734
v -2.38628916 5.41462329 0.64885397
v -2.62477802 5.49351977 0.84806509
v -2.01752406 5.66665697 0.78182936
v -2.14714755 5.55347155 0.57420901
v -2.00321773 5.60244677 1.30531979
v -1.79349727 5.81119371 1.17298726
v -1.96394451 5.84296678 0.96377157
v -2.16455127 5.61278673 1.08697568
v -2.25794066 5.59521166 1.5058955
v -2.42205277 5.63020495 1.29206876
v -2.02898303 5.51235278 1.62523586
v -1.76979603 5.50528124 1.56779751
v -1.68566502 5.67193224 1.37908841
v -2.79419119 5.33442614 -0.27933236
v -2.57624916 5.01961017 -0.00877039
v -2.50813172 5.26705981 -0.14856376
v -2.64902953 5.57030505 -0.41632186
v -3.01365382 5.52471117 -0.17499603
v -2.77122969 5.23409167 0.02561397
v -2.9241286 5.77379503 -0.89944151
v -3.12429646 5.6448955 -0.71236082
v -2.98108445 5.56535143 -0.51768798
v -2.79776235 5.70628649 -0.68108504
v -3.40571243 5.72470568 -0.59355498
v -3.23162144 5.68654345 -0.39230949
v -3.41729057 5.74060106 -1.1419872
v -3.69146186 5.80771105 -0.98712377
v -3.55145408 5.77172533 -0.78012442
v -3.27146241 5.71369066 -0.92036825
v -3.18412861 5.84395616 -1.32146771
v -3.04614331 5.8259453 -1.10015783
v -3.36248207 5.77186998 -1.46800534
v -3.59866226 5.65487108 -1.43549267
v -3.73706626 5.72515001 -1.22016492
v -2.90352403 5.3906383 0.09414102
v -2.63254007 5.01317707 0.03166246
v -2.71093163 5.24948901 -0.12139075
v -2.95991792 5.59801195 -0.12787782
v -2.83648725 5.61637255 0.29366153
v -2.62183451 5.26266711 0.18280225
v -3.45978989 5.82679308 -0.10614497
v -3.36987991 5.7282567 0.21770565
v -3.15332238 5.64710131 0.15890175
v -3.21831673 5.80622789 -0.12099505
v -3.3038913 5.86526598 0.50687011
v -3.08161771 5.79205248 0.40996902
v -3.87589843 5.76969652 0.35145583
v -3.79609832 5.8689763 0.67588492
v -3.52796997 5.89563768 0.58833994
v -3.61280906 5.75470629 0.27586252
v -3.95727751 5.82093614 -0.00383104
v -3.69202827 5.82741502 -0.07386187
v -4.1639588 5.8125316 0.16578489
v -4.21068121 5.80478624 0.45955451
v -4.04606696 5.83689684 0.66350073
v -2.60053796 5.32974048 0.37330199
v -2.54894547 5.02986682 0.0166128
v -2.7629197 5.19189807 0.13226065
v -2.87225111 5.45281115 0.45393802
v -2.46738825 5.60806078 0.38147277
v -2.47074028 5.30387011 0.07992518
v -2.96050851 5.69394396 1.01748594
v -2.63649952 5.67695849 0.91933096
v -2.63252669 5.55625841 0.68180983
v -2.9406455 5.60145128 0.76541708
v -2.42539006 5.88436388 0.94413481
v -2.45244622 5.78682848 0.69190276
v -2.56938789 5.74408251 1.43924267
v -2.32312655 5.95282884 1.41008832
v -2.38811297 5.94907823 1.16839154
v -2.6210055 5.75442125 1.1727126
v -2.88564702 5.7368474 1.51061856
v -2.94254373 5.76791674 1.24772321
v -2.73037077 5.6539879 1.71690273
v -2.47170429 5.64691576 1.77664211
v -2.31452754 5.81356615 1.64253582
v -2.66798688 5.62335497 0.2456306
v -2.53409176 5.19178333 0.12061332
v -2.64801125 5.42770739 -0.00891025
v -2.80578985 5.82121813 0.05240114
v -2.47174086 5.80813097 0.35588332
v -2.40605391 5.44311999 0.19569763
v -3.12847409 6.16002122 0.32748939
v -2.92159726 6.02126207 0.54867144
v -2.79754736 5.90192979 0.3992224
v -2.97413938 6.04111375 0.18918865
v -2.67429097 6.19562974 0.7283145
v -2.56974693 6.03703111 0.55743624
v -3.23618821 6.24053696 0.89038221
v -2.96903686 6.40866135 1.0694621
v -2.79869913 6.31048874 0.88904943
v -3.06478379 6.14131028 0.71027334
v -3.45845856 6.33064316 0.65501204
v -3.27889668 6.25484482 0.4702896
v -3.56307144 6.35413498 0.88452589
v -3.46593399 6.3707219 1.12220197
v -3.19960183 6.42770005 1.18408399
v -2.6669936 4.89490009 -0.22948755
v -2.48755423 4.88634174 0.14985443
v -2.43629908 5.02041065 -0.05132294
v -2.54384674 5.05187763 -0.41191012
v -2.9242891 4.93055256 -0.22322673
v -2.71616574 4.94672931 0.07864215
v -2.66902991 4.98680317 -0.93853155
v -2.88014936 4.76267658 -0.74618498
v -2.7954928 4.83724567 -0.52872367
v -2.62896605 5.00366748 -0.71748877
v -3.18271485 4.75197712 -0.69848959
v -3.07912862 4.85116596 -0.48917479
v -3.01921998 4.50465596 -1.18194806
v -3.30645977 4.44210072 -1.08193288
v -3.25693837 4.62854695 -0.88709539
v -2.95771249 4.65660725 -0.96686308
v -2.80400099 4.67883839 -1.37460507
v -2.72619777 4.88947834 -1.14734899
v -2.89123121 4.46094685 -1.48687115
v -3.07907708 4.27631887 -1.43906201
v -3.2640057 4.28952047 -1.27207601
v -2.95560544 5.68680529 -0.09189654
v -2.67203161 5.31556262 -0.0521812
v -2.67976307 5.56514452 -0.20404846
v -2.91079303 5.91376817 -0.29672799
v -2.9974405 5.89315416 0.13377756
v -2.74226369 5.55019396 0.10662083
v -3.36651505 6.32059006 -0.43839118
v -3.41488678 6.13844102 -0.16322277
v -3.20826962 5.97363328 -0.12933952
v -3.1515033 6.17026658 -0.37611903
v -3.47983505 6.29378464 0.12436578
v -3.25475319 6.14578294 0.13673115
v -3.91152533 6.29358689 -0.25594554
v -3.96986853 6.38798569 0.04861156
v -3.70263442 6.38002488 0.09778886
v -3.64685043 6.26073838 -0.20419853
v -3.8493576 6.41634262 -0.54959967
v -3.58379257 6.40807358 -0.49227813
v -4.10602011 6.33273606 -0.52383841
v -4.2655065 6.24745652 -0.32936797
v -4.19506827 6.31168259 -0.08162979
v -2.26941828 5.58024401 0.15030411
v -2.41626967 5.21011584 -0.09828958
v -2.4765148 5.336729 0.16005932
v -2.3824367 5.66875597 0.42407527
v -2.30708548 5.86941148 0.04688889
v -2.44664425 5.5013933 -0.10957064
v -2.12210132 6.14594407 0.74596853
v -1.98097247 6.07604112 0.45300853
v -2.1231314 5.88494676 0.33342815
v -2.25631423 5.95140977 0.61706927
v -1.93312198 6.33151352 0.24840558
v -2.12345058 6.15459825 0.16452846
v -1.58612393 6.30730698 0.71164824
v -1.46252751 6.46788254 0.45550277
v -1.7261005 6.4409697 0.33302097
v -1.80481327 6.23291672 0.57347205
v -1.76893268 6.37012436 0.97431799
v -1.97052905 6.28858079 0.85253752
v -1.5396893 6.36008286 1.04474958
v -1.31170438 6.3158928 0.94562277
v -1.2732031 6.39039048 0.67130659
v -2.2350484 5.1346416 0.1003776
v -2.63000808 4.99642963 0.0044104
v -2.53332897 5.09503192 0.20936079
v -2.19437552 5.21582324 0.35603721
v -2.12879848 5.32068774 -0.0658287
v -2.48605723 5.1706676 -0.09508878
v -1.62387669 5.29902453 0.53605605
v -1.64706707 5.2665282 0.22485967
v -1.89832523 5.23077747 0.17679458
v -1.8785345 5.28324145 0.46587272
v -1.53805439 5.4361748 -0.01537815
v -1.80036045 5.40820117 -0.03666957
v -1.12639997 5.20435779 0.29054641
v -1.04501936 5.34461535 0.01981374
v -1.29900464 5.42310961 0.00409815
v -1.3866615 5.26811694 0.26584672
v -1.13634382 5.1987572 0.60596106
v -1.38903378 5.27927356 0.58228011
v -0.92544889 5.09224628 0.52929831
v -0.80944105 5.06373615 0.3049525
v -0.85800489 5.20002368 0.09598954
v -2.42409724 5.15124378 -0.32164962
v -2.61808976 4.9656316 0.01334263
v -2.4252624 5.1193111 -0.00322165
v -2.20185496 5.29691638 -0.26692451
v -2.5822986 5.29645434 -0.48721991
v -2.69982765 5.11893329 -0.16215238
v -1.83927814 5.57950487 -0.6988597
v -2.11654182 5.47510973 -0.78978354
v -2.25034369 5.34554248 -0.59195574
v -1.99808505 5.47270007 -0.50398761
v -2.32384673 5.69875658 -0.93283308
v -2.45131102 5.47191332 -0.76654562
v -1.83437961 5.60157336 -1.20898214
v -2.09271796 5.60067187 -1.41000928
v -2.21015025 5.75148668 -1.13472257
v -1.97657863 5.57255602 -0.99718466
v -1.56406491 5.60187426 -1.10351911
v -1.70148121 5.63212511 -0.88676352
v -1.5251585 5.5157738 -1.31865964
v -1.66984036 5.48698657 -1.49527997
v -1.91590984 5.51535265 -1.54502026
v -2.97450896 5.25395251 -0.04541233
v -2.62978632 4.93913471 -0.00218148
v -2.6778955 5.18658496 -0.15005872
v -2.96524922 5.48983141 -0.24479192
v -3.05989922 5.44423815 0.18209253
v -2.74615814 5.15361682 0.15799738
v -3.48250725 5.81088487 -0.39520049
v -3.50553352 5.61685229 -0.12491224
v -3.27364003 5.49128344 -0.086716
v -3.24585366 5.70043566 -0.32810775
v -3.60631263 5.75141771 0.16282386
v -3.3586499 5.64619127 0.18042934
v -4.01896658 5.68194017 -0.23199586
v -4.1027439 5.75738573 0.0719105
v -3.8401184 5.79664171 0.13006991
v -3.7544316 5.69620348 -0.17176962
v -3.97106337 5.82047716 -0.52127024
v -3.7102716 5.85894395 -0.4550347
v -4.20902456 5.69139635 -0.50570411
v -4.35633276 5.57439562 -0.31825176
v -4.30631369 5.64467638 -0.06721442
v -2.81324477 5.20936633 0.34600154
v -2.61925235 4.94486652 0.01100929
v -2.81207967 5.16385974 0.02757357
v -3.03548703 5.41694873 0.29127664
v -2.65504335 5.41629077 0.51157191
v -2.5375144 5.16332385 0.18650421
v -3.3830098 5.65373583 0.75648031
v -3.10483494 5.49493701 0.84941709
v -2.97945298 5.40308703 0.63298258
v -3.23141877 5.58106188 0.54566146
v -2.88573749 5.65299486 1.04453451
v -2.7782292 5.58034228 0.80813887
v -3.36980583 5.48569262 1.30660687
v -3.1210117 5.58959032 1.48654232
v -2.99381406 5.6662047 1.25884328
v -3.23612198 5.53818285 1.07599195
v -3.64957054 5.59026476 1.18026052
v -3.51519981 5.66693224 0.9567748
v -3.68575584 5.43758532 1.40141415
v -3.53499229 5.32953601 1.59147442
v -3.29500725 5.4370122 1.62776898
v -2.3818484 5.24926379 0.2895309
v -2.59251305 4.94939197 -0.00288904
v -2.66609762 5.11142414 0.22894
v -2.52128821 5.37233447 0.53628318
v -2.28039267 5.52758593 0.20291492
v -2.49227663 5.22339526 -0.01167183
v -2.19264438 5.64980944 0.99263502
v -2.0284135 5.59648608 0.70729239
v -2.19055186 5.47578295 0.53367396
v -2.35350554 5.55468127 0.79826437
v -1.79864933 5.72781725 0.5427669
v -1.98745334 5.61463305 0.38700572
v -1.61897648 5.66360766 1.03466566
v -1.46208287 5.87235399 0.84262625
v -1.69013943 5.90434007 0.69818655
v -1.84125461 5.67394701 0.87879682
v -1.79689274 5.65637255 1.30570081
v -2.02037204 5.69136644 1.15499791
v -1.54189885 5.57351305 1.34622556
v -1.31433148 5.56644213 1.20951398
v -1.29442609 5.73309069 1.00386152
v -2.87189253 5.39558703 -0.21711759
v -2.57936245 5.08077014 -0.02969141
v -2.5591222 5.32822131 -0.18387474
v -2.77769982 5.63146593 -0.3930886
v -3.04690801 5.58587267 -0.04853668
v -2.75335673 5.29525134 0.06478435
v -3.17981663 5.95252122 -0.75153029
v -3.31696163 5.75848619 -0.51748504
v -3.12410203 5.63291857 -0.38317714
v -2.9951006 5.84206957 -0.58909136
v -3.53179748 5.89305345 -0.30116538
v -3.31583981 5.78782579 -0.17865324
v -3.73427856 5.82357469 -0.83517645
v -3.94072943 5.89901964 -0.59694182
v -3.72872573 5.93827745 -0.43138469
v -3.52144104 5.83783861 -0.66693137
v -3.56650604 5.9621129 -1.07564794
v -3.35963417 6.00057786 -0.90359083
v -3.78798728 5.83303209 -1.1640431
v -4.00164618 5.71603197 -1.05826917
v -4.06457404 5.78631151 -0.81015295
v -2.85707071 5.4517998 0.1717477
v -2.61991493 5.07433765 0.02651335
v -2.74282018 5.31065173 -0.09375663
v -2.98099818 5.65917223 -0.02090403
v -2.73018934 5.67753405 0.33968688
v -2.56180526 5.32382861 0.16644586
v -3.41201569 6.07035691 0.17507112
v -3.24134018 5.91355455 0.41489989
v -3.06842557 5.74418077 0.30348003
v -3.2133051 5.91742418 0.07591978
v -3.08420075 6.09450242 0.64646262
v -2.91454564 5.93937242 0.5054967
v -3.65723831 6.07974107 0.69548422
v -3.4813118 6.20114182 0.93916693
v -3.2605 6.18686631 0.78126097
v -3.4355368 6.04099046 0.54331156
v -3.82973952 6.17533921 0.43805228
v -3.60420585 6.16148972 0.28698262
v -3.98625266 6.10419908 0.64774756
v -3.95384726 6.0415294 0.90377424
v -3.72866103 6.12318223 1.01816282
v -2.48116263 5.39090014 0.34034385
v -2.54541534 5.09102649 -0.01428338
v -2.71163687 5.25306079 0.16328319
v -2.71324862 5.51397082 0.50302855
v -2.35230113 5.66922106 0.30584338
v -2.45116246 5.36502978 0.02094219
v -2.61308392 5.79144457 1.05640989
v -2.3420085 5.73811876 0.86956686
v -2.41360747 5.61741869 0.64305907
v -2.67459642 5.69631578 0.81172102
v -2.1412548 5.99451219 0.79873587
v -2.24460959 5.88132799 0.57686568
v -2.11339431 5.80524217 1.3413168
v -1.88910968 6.0139879 1.23552899
v -2.03276698 6.04597581 1.00697881
v -2.24691626 5.81558275 1.10493833
v -2.39066279 5.79800707 1.50935421
v -2.5274926 5.83300157 1.2771211
v -2.1779555 5.71514635 1.65570812
v -1.9137006 5.70807787 1.63028454
v -1.80719867 5.87472581 1.45323544
v -2.58563686 5.68451586 0.24067174
v -2.49832958 5.2529436 0.07962938
v -2.64746057 5.48886706 -0.00705366
v -2.77763136 5.88237779 0.10115325
v -2.36970919 5.90384508 0.2636539
v -2.35308375 5.50428149 0.11020664
v -2.9957898 6.38997361 0.3978165
v -2.73493079 6.23916489 0.54080298
v -2.66574486 6.02665513 0.39570453
v -2.89707505 6.19035386 0.24578584
v -2.46256226 6.41818772 0.61025027
v -2.41113234 6.21600877 0.4393756
v -2.91393747 6.51750412 0.95287321
v -2.62410011 6.63680649 1.03552251
v -2.52797861 6.55970383 0.79321707
v -2.81591143 6.41723557 0.72017821
v -3.19091263 6.60667038 0.80969336
v -3.08707902 6.53005722 0.57046897
v -3.21202645 6.59595383 1.07982091
v -3.04978726 6.56472824 1.28774075
v -2.79302232 6.61813644 1.24674848
v -2.87603154 5.15124378 -0.27603235
v -2.61738191 4.96563129 0.0119836
v -2.57354851 5.11931049 -0.17652471
v -2.75530823 5.29691638 -0.47048633
v -3.08238507 5.29645434 -0.17673784
v -2.80954584 5.11893329 0.03549013
v -3.09035283 5.46308276 -0.94475591
v -3.26470181 5.35164355 -0.70891493
v -3.09760556 5.2871886 -0.52278792
v -2.93669658 5.41208422 -0.73543745
v -3.51797432 5.46256396 -0.5608356
v -3.32637062 5.41157763 -0.38553878
v -3.61763465 5.34515857 -1.10219678
v -3.8656449 5.4180675 -0.92118231
v -3.68839645 5.47183276 -0.7298474
v -3.43961746 5.38199328 -0.90379202
v -3.41102028 5.41854235 -1.32922559
v -3.23999558 5.47234362 -1.13237058
v -3.61016807 5.31139758 -1.43198041
v -3.83751472 5.23557422 -1.34732739
v -3.946192 5.31099597 -1.13030324
v -2.80475264 4.82789051 0.05465614
v -2.38493277 4.91613788 0.07105871
v -2.55935986 4.96707081 -0.09643683
v -2.9232895 4.87088459 -0.15963625
v -2.94573201 4.90734791 0.2676694
v -2.57292798 4.97377277 0.22044828
v -3.32851139 4.58912526 -0.21168655
v -3.21751523 4.5892751 0.06216248
v -3.06085347 4.71172535 0.05641803
v -3.16661194 4.72970112 -0.19270141
v -3.32601937 4.65050099 0.34293189
v -3.16849766 4.78394428 0.31320256
v -3.48034019 4.23645315 0.07123839
v -3.54367721 4.27803579 0.37534286
v -3.44961548 4.49664723 0.3623109
v -3.36459984 4.43894795 0.06631995
v -3.5633963 4.23410909 -0.22433908
v -3.46412178 4.43917012 -0.2228684
v -3.61655349 4.04126669 -0.14925052
v -3.59293686 3.93141073 0.08130938
v -3.57556343 4.04971426 0.30586385
v -2.8385497 5.085685 0.28574777
v -2.66242116 4.96747333 -0.1124263
v -2.84551404 5.12774433 -0.028354
v -3.04595647 5.26967151 0.29882068
v -2.66999663 5.16801685 0.49918883
v -2.57830731 5.04891162 0.11746557
v -3.33891628 5.42647753 0.79431128
v -3.08734193 5.21772571 0.84562117
v -2.97939286 5.18253101 0.61451216
v -3.2019904 5.41594592 0.57670397
v -2.8609633 5.24572803 1.06955297
v -2.77025183 5.23257129 0.82638418
v -3.32524494 5.12497394 1.26701215
v -3.07532559 5.10920825 1.45998486
v -2.95502444 5.22345264 1.27409039
v -3.20209012 5.21723437 1.07110532
v -3.6081208 5.18576953 1.16925893
v -3.47848183 5.31461108 0.9914443
v -3.64689514 5.00065052 1.32410703
v -3.4975428 4.86426472 1.46771008
v -3.25513134 4.92625355 1.53563076
v -2.84539281 4.91060078 0.26010728
v -2.45738413 4.88634174 0.07799189
v -2.65810642 5.02041065 0.02498325
v -3.02734799 5.06893451 0.13589031
v -2.85256775 4.96572468 0.52345092
v -2.5375481 4.94247028 0.29898212
v -3.49204941 4.9970943 0.32552463
v -3.30065819 4.85306232 0.52248065
v -3.11513207 4.89834095 0.4166117
v -3.29165921 5.05146717 0.24460307
v -3.31988342 4.97647388 0.8246977
v -3.11970326 5.03828723 0.70167044
v -3.67726158 4.63361866 0.69268698
v -3.67536315 4.63332814 0.98704992
v -3.49441345 4.78599049 0.91864073
v -3.4938047 4.77406849 0.6189617
v -3.84282584 4.75826008 0.45760001
v -3.66945861 4.9113628 0.39494346
v -3.93462058 4.55899739 0.55866549
v -3.91250655 4.40786244 0.7574008
v -3.82057548 4.4687441 0.94851675
v -2.49588511 5.02372577 -0.30347072
v -2.76526984 4.99661274 0.0466137
v -2.56166228 5.102513 0.00598492
v -2.28534789 5.18489124 -0.27401966
v -2.59472505 5.10840045 -0.55880179
v -2.78663339 5.03398395 -0.20140232
v -1.8869778 5.27495715 -0.69906172
v -2.13468017 5.11877979 -0.83122137
v -2.28894519 5.09082141 -0.61381041
v -2.05860423 5.23535632 -0.53678241
v -2.27614276 5.16447315 -1.10339391
v -2.42235239 5.15512744 -0.87373465
v -1.81346264 5.10726276 -1.22864019
v -1.96753185 5.0465987 -1.44846982
v -2.13230491 5.14301624 -1.29033261
v -1.97364269 5.13716358 -1.04315435
v -1.56369053 5.22619678 -1.08283582
v -1.7275993 5.29817431 -0.87574377
v -1.48358326 5.06020038 -1.22102079
v -1.59232319 4.91645405 -1.39084821
v -1.78707783 4.91783131 -1.49319165
v -2.23853873 4.99219806 0.07508274
v -2.64078724 4.96871296 -0.05859941
v -2.64956055 4.9749477 -0.03397934
v -2.24960994 5.00006733 0.10615695
v -1.9146976 4.99883625 0.22772964
v -1.67694965 4.96328571 0.32213866
v -1.6662524 4.96023914 0.28702277
v -1.90472408 4.99610828 0.19396305
v -1.43257733 4.88417255 0.38668567
v -1.44558369 4.89341419 0.42317115
v -1.23786862 4.76115345 0.53112433
v -1.22463712 4.75175556 0.49401824
v -1.01441358 4.54535695 0.66366225
v -1.00227461 4.5367281 0.62960116
v -2.55110296 5.09766559 0.12855195
v -2.20845031 5.14618823 0.30526881
v -2.44763949 5.02398517 -0.16215683
v -2.06499446 5.04411426 -0.09755737
v -1.90472972 5.14214099 0.46051703
v -1.67359699 5.09861103 0.58179412
v -1.5011739 5.06019886 0.03702814
v -1.74899151 5.11554157 -0.03756398
v -1.07781919 4.73638844 0.23900588
v -1.27566907 4.88194385 0.13611837
v -1.4724667 5.02179401 0.68820647
v -1.27739499 4.87814777 0.79870001
v -1.12096006 4.68600209 0.81620733
v -0.97350462 4.58118886 0.40245387
v -1.84416523 4.57864308 0.78201246
v -2.00112537 4.71410206 0.62190459
v -2.02891368 4.71329029 0.64829337
v -1.873036 4.57779866 0.80942625
v -1.74080601 4.38575246 0.94331594
v -1.71144093 4.38660939 0.91543768
v -1.60584011 4.10530386 1.07446058
v -1.57889073 4.10608968 1.04886632
v -2.16633006 4.81647083 0.45181704
v -2.40540076 4.9114043 0.20527776
v -2.4299841 4.9106847 0.22862848
v -2.19331145 4.81568256 0.47744307
v -2.71482871 4.99770557 -0.07389475
v -2.69535 4.99827594 -0.09239457
v -2.70648072 5.04432544 0.14729916
v -2.48960402 4.97694843 0.4626065
v -2.47659384 5.05102741 -0.07122388
v -2.17097808 4.98623951 0.15985455
v -2.29637122 4.87373554 0.72408888
v -2.15052302 4.75643116 0.91115362
v -1.73392544 4.76858601 0.51548465
v -1.91675228 4.88480915 0.36347549
v -1.46083432 4.42925099 0.76643759
v -1.58689404 4.63046956 0.6458708
v -2.02374622 4.61772358 1.06070356
v -1.90376323 4.416321 1.18694959
v -1.77315235 4.20560232 1.20232831
v -1.44578816 4.21515584 0.89142202
v -2.59319302 4.98785602 -0.32681945
v -2.62575282 4.96359699 0.10056384
v -2.48077591 5.09766498 -0.04803318
v -2.39548128 5.14618823 -0.42401778
v -2.82139506 5.04411518 -0.46204482
v -2.78813017 5.02398548 -0.07541361
v -2.27609454 5.17813342 -0.99679983
v -2.53012852 4.95361591 -0.93793539
v -2.56114831 4.98787464 -0.68380331
v -2.33563788 5.22166247 -0.74266379
v -2.81843774 4.96521961 -1.06090055
v -2.82860518 5.02056293 -0.80230009
v -2.43892914 4.75284596 -1.41819409
v -2.74272109 4.73638905 -1.50204449
v -2.79279358 4.88194385 -1.28473584
v -2.49097273 4.88433094 -1.18925153
v -2.15088473 4.87814777 -1.44896207
v -2.20901656 5.02179401 -1.23243848
v -2.17310317 4.686003 -1.60479824
v -2.36310767 4.53273946 -1.67558331
v -2.6105975 4.58118947 -1.64396053
v -2.72203103 4.98785602 0.32706298
v -2.58704517 4.96359699 -0.07974843
v -2.76366457 5.09766559 0.02936162
v -2.93738439 5.14618823 0.37354331
v -2.53332184 5.04411518 0.51347865
v -2.47206404 5.02398548 0.13028429
v -3.21542607 5.145797 0.877581
v -2.93106486 4.95361591 0.90476927
v -2.83948626 4.98787433 0.6656906
v -3.08997643 5.1421416 0.67860716
v -2.68106739 4.96521961 1.09383039
v -2.60864104 5.02056324 0.84537123
v -3.13573998 4.75284596 1.34869916
v -2.86125755 4.73638935 1.50355252
v -2.76010064 4.88194385 1.30481275
v -3.02985648 4.88433186 1.13914762
v -3.42267189 4.87814777 1.30886868
v -3.32007897 5.06897846 1.07963209
v -3.43881378 4.686003 1.46545086
v -3.27157753 4.53273946 1.58010006
v -3.02378907 4.58118886 1.60928997
v -2.37022536 4.98785663 -0.18352596
v -2.7185489 4.96359699 0.06624876
v -2.51152775 5.09766559 0.08179097
v -2.16868045 5.14618823 -0.09454776
v -2.41332218 5.04411426 -0.44525985
v -2.68811673 5.02398548 -0.17125574
v -1.65316357 5.17813342 -0.37126929
v -1.86154628 4.95361591 -0.52803344
v -2.07616199 4.98787464 -0.38844302
v -1.88611675 5.22166247 -0.25352674
v -1.95267131 4.96521961 -0.82793135
v -2.15730609 5.02056324 -0.66949507
v -1.43502514 4.75284596 -0.76687483
v -1.56606518 4.73638935 -1.05349104
v -1.76471943 4.88194385 -0.95216558
v -1.64385784 4.88433186 -0.65958121
v -1.22630414 4.87814777 -0.56599726
v -1.42953686 5.02179401 -0.47135028
v -1.12120817 4.686003 -0.68318716
v -1.18911634 4.53273976 -0.87423895
v -1.37242398 4.58118947 -1.04350057
v -2.95237367 4.97358112 0.13804511
v -2.55554091 4.96359699 -0.02000202
v -2.75265281 5.09766498 -0.08516572
v -3.12375382 5.107802 0.00288283
v -2.97422826 5.03303791 0.4024396
v -2.64252696 5.02398517 0.20308513
v -3.68012306 5.03043109 0.11365905
v -3.52323128 4.88429279 0.34910068
v -3.282916 4.93396076 0.26562139
v -3.45052338 5.05823291 0.08195134
v -3.51118675 4.93063618 0.66223532
v -3.27454155 4.98816364 0.55801726
v -3.99889975 4.72021076 0.47776816
v -3.94416365 4.73169239 0.78765196
v -3.7246952 4.85722614 0.73733786
v -3.76729995 4.82429951 0.42410422
v -4.151789 4.83610127 0.23233617
v -3.90570563 4.98572956 0.16345846
v -4.28550848 4.6748177 0.32070853
v -4.26706732 4.53273976 0.52254561
v -4.13015295 4.58118886 0.73112547
v -2.51939966 5.03603656 0.27221195
v -2.680663 4.96359699 -0.12988237
v -2.74648377 5.1108266 0.06633344
v -2.65585346 5.20222949 0.44402209
v -2.2533581 5.10212543 0.29852805
v -2.45624729 5.03765705 -0.0387345
v -2.51117119 5.28549792 1.01465208
v -2.30242766 5.07705799 0.85427458
v -2.38838648 5.07965534 0.61019053
v -2.56919152 5.30728076 0.7587142
v -1.98810558 5.09368061 0.84397757
v -2.09473723 5.11790393 0.60466773
v -2.17532439 4.90851948 1.32874356
v -1.86461887 4.89177814 1.27634412
v -1.91085971 5.03836078 1.05825506
v -2.22514891 5.03888202 1.09923368
v -2.43094355 4.99791889 1.47762158
v -2.4696962 5.14189197 1.25682363
v -2.34523921 4.80438923 1.60943875
v -2.14351558 4.64925648 1.5932536
v -1.92992382 4.7103011 1.46025998
v -2.71270315 5.01014484 -0.37135566
v -2.63566477 4.98199238 0.05027375
v -2.5254841 5.09812519 -0.12362561
v -2.55105619 5.16526599 -0.50021815
v -2.97174638 5.08427509 -0.45970557
v -2.83251288 5.02398517 -0.09186658
v -2.60468861 5.23067859 -1.05471792
v -2.86829813 5.07758106 -0.96467298
v -2.80786054 5.06107929 -0.71630812
v -2.59713286 5.20120898 -0.82938109
v -3.1678859 5.11448108 -1.03485021
v -3.09309479 5.11628162 -0.7838156
v -2.95255191 5.04439228 -1.44681683
v -3.21929047 4.98221943 -1.48012524
v -3.21214112 5.08356403 -1.25707425
v -2.9200957 5.08457721 -1.21440328
v -2.67688556 5.16181628 -1.53084927
v -2.63111802 5.24381579 -1.28081052
v -2.7246465 4.99582172 -1.68326748
v -2.92332009 4.85207539 -1.71782955
v -3.13034955 4.85345234 -1.64338329
v -2.72449344 5.63101061 -0.05309174
v -2.71985931 5.20181934 -0.06194603
v -2.54215975 5.36952136 -0.02489506
v -2.4842169 5.75375597 -0.02467746
v -2.89963411 5.74609423 0.11898002
v -2.84194388 5.36392871 0.07875504
v -2.4637385 6.23918442 -0.07778264
v -2.75945847 6.13378709 -0.07694004
v -2.73655196 5.95808702 -0.05470852
v -2.46108519 6.03845811 -0.03267013
v -3.01077382 6.22857468 0.10671307
v -2.960039 6.0202794 0.13548143
v -2.84653966 6.52333725 -0.29288366
v -3.11959878 6.59501205 -0.14633367
v -3.05784959 6.40754074 0.01796396
v -2.7934323 6.32424058 -0.14479278
v -2.53981587 6.60574814 -0.33048141
v -2.48672745 6.4137645 -0.16449978
v -2.67826766 6.76068771 -0.50460006
v -2.92672845 6.8222319 -0.54715213
v -3.10383603 6.77532638 -0.36143359
v -2.32120104 5.48582812 -0.05836875
v -2.49314924 5.10526966 0.14401477
v -2.49457245 5.38375903 0.1955426
v -2.31940676 5.74515734 0.1016665
v -2.42478747 5.61822863 -0.31814174
v -2.54246962 5.26890124 -0.09195531
v -1.89558574 6.12894944 0.0064115
v -1.99801013 5.99067735 -0.28100328
v -2.15375178 5.79799486 -0.19380457
v -2.10609222 5.97630113 0.05909828
v -2.13644828 6.06190293 -0.57413943
v -2.281855 5.88353624 -0.47547534
v -1.59374691 6.22430283 -0.51211604
v -1.76592953 6.3547966 -0.74704001
v -1.97463596 6.22279832 -0.65005301
v -1.81141445 6.14728867 -0.37578315
v -1.34547376 6.15436692 -0.28135936
v -1.59889889 6.14083116 -0.12976359
v -1.27610181 6.23992539 -0.50824965
v -1.3413078 6.26054429 -0.77358298
v -1.54759983 6.34647507 -0.82569899
v -2.59311158 5.51064867 -0.15868601
v -2.59189026 5.06814838 -0.00374994
v -2.40642571 5.2938811 -0.01161817
v -2.34402899 5.69341051 -0.15299327
v -2.76492678 5.73395861 -0.03270763
v -2.71016617 5.32306445 0.07518809
v -2.32453002 6.12775926 -0.50275637
v -2.62830339 5.98038377 -0.46825896
v -2.60393342 5.83272691 -0.31391086
v -2.31910582 5.98524766 -0.32521091
v -2.87776464 6.12524339 -0.34017204
v -2.82300386 5.98900987 -0.17906776
v -2.72754847 6.13869798 -0.90699865
v -3.00154149 6.24937485 -0.79187498
v -2.93156713 6.2266179 -0.53638541
v -2.66621823 6.09545518 -0.65911055
v -2.41178042 6.26984055 -0.94876875
v -2.35132079 6.22351853 -0.6942478
v -2.55990896 6.26619736 -1.17830213
v -2.81593774 6.26155503 -1.24545636
v -2.99375279 6.28426743 -1.05789815
v -2.2420489 5.14820545 -0.01698735
v -2.62742338 4.88370686 0.01961137
v -2.50196272 5.10269885 0.16697616
v -2.15754485 5.35578723 0.19572252
v -2.19912375 5.35512927 -0.24192857
v -2.53201565 5.10216205 -0.14884314
v -1.57700764 5.59257616 0.20850128
v -1.66288342 5.43377551 -0.07193375
v -1.91189563 5.34192675 -0.04832513
v -1.8366679 5.51990221 0.20751146
v -1.63126553 5.59183275 -0.36360965
v -1.88614948 5.51918261 -0.31385835
v -1.13680845 5.42453234 -0.12170843
v -1.07569074 5.3053551 -0.39988322
v -1.33492825 5.38196887 -0.37121112
v -1.40218625 5.47702258 -0.09662386
v -1.07720884 5.52910326 0.17942224
v -1.33718152 5.60577257 0.19980751
v -0.87615126 5.37642382 0.08045657
v -0.8089691 5.26837634 -0.15265114
v -0.91878126 5.3758507 -0.36910266
v -2.54162613 5.14820545 -0.35842387
v -2.62590588 4.88370686 0.01939865
v -2.44698426 5.10269855 -0.05438334
v -2.31321379 5.35578723 -0.3730611
v -2.7422935 5.35512927 -0.46875907
v -2.75663308 5.10216205 -0.1233949
v -2.09921168 5.46487963 -0.93314161
v -2.41491145 5.43377551 -0.92622236
v -2.46940712 5.34192675 -0.68210219
v -2.18039225 5.39220629 -0.68649596
v -2.68360171 5.57520617 -1.04863325
v -2.71398831 5.51918261 -0.78864264
v -2.29968371 5.42453234 -1.44193066
v -2.59107085 5.52842944 -1.53872387
v -2.64399224 5.60376696 -1.28348416
v -2.35783305 5.47702258 -1.18178975
v -1.99487422 5.52910326 -1.40555875
v -2.05582271 5.60577196 -1.15201055
v -2.02686603 5.37642382 -1.62735836
v -2.22780402 5.26837634 -1.76328625
v -2.46759581 5.3758507 -1.72573559
v -2.21568557 5.28984118 0.14292851
v -2.57927505 5.02534137 0.01005386
v -2.52947819 5.24433276 0.19707542
v -2.23098731 5.49742175 0.37129726
v -2.08010192 5.49676318 -0.04162035
v -2.4206398 5.2437987 -0.10091656
v -1.71250431 5.73421068 0.63275889
v -1.66928402 5.57541125 0.34267173
v -1.90420276 5.48356188 0.25677791
v -1.9464439 5.66153673 0.52007872
v -1.51517643 5.73346849 0.09302132
v -1.76664944 5.66081591 0.02819583
v -1.17302793 5.56616747 0.52422721
v -1.0390286 5.67006395 0.24796686
v -1.28535626 5.74667833 0.16224159
v -1.42335354 5.6186571 0.43261973
v -1.24887464 5.67073961 0.82168097
v -1.49229817 5.74740648 0.72815977
v -1.02479673 5.51805834 0.81891394
v -0.86380415 5.41000964 0.63743678
v -0.86973387 5.51748705 0.39479548
v -2.38649332 5.37438342 -0.25847717
v -2.55221155 5.01081012 -0.0131931
v -2.39584216 5.25215381 0.038914
v -2.20275607 5.59139391 -0.13754816
v -2.5672166 5.59116686 -0.38338588
v -2.65886549 5.25191882 -0.13846653
v -1.87494526 5.98220445 -0.50232535
v -2.1199647 5.80944444 -0.65402853
v -2.23931281 5.65433825 -0.47636477
v -2.02315746 5.83913866 -0.32833865
v -2.35757452 5.88429063 -0.83671248
v -2.46093607 5.782166 -0.62876315
v -1.83482158 5.95471727 -1.07563718
v -2.0583015 5.91669603 -1.24215779
v -2.20977271 5.8704442 -1.02056371
v -1.98684871 5.91771593 -0.85295263
v -1.58153569 6.06346177 -0.90479383
v -1.73697697 6.0629033 -0.6818212
v -1.51103032 5.97666734 -1.15182676
v -1.63345974 5.89854234 -1.37416608
v -1.88537525 5.97655626 -1.40438824
v -2.71199599 5.09008289 0.39534537
v -2.62771631 4.90447163 0.01752279
v -2.80663805 5.05814807 0.09130479
v -2.94040849 5.23575549 0.40998267
v -2.51132881 5.23529285 0.50568042
v -2.49698912 5.0577724 0.16031619
v -3.13586587 5.38336718 0.96172125
v -2.83871081 5.29048388 0.96314413
v -2.7842148 5.22602893 0.71902388
v -3.05120274 5.34890185 0.71190031
v -2.57108062 5.40140246 1.08334714
v -2.5396339 5.35041858 0.82556402
v -2.95393828 5.2839989 1.4788519
v -2.66255131 5.35690783 1.57564526
v -2.60971153 5.41067126 1.32023602
v -2.89578893 5.32083178 1.21871122
v -3.2587476 5.35737964 1.44247998
v -3.19842324 5.40822131 1.18950086
v -3.22675621 5.25023669 1.66427959
v -3.02581792 5.17441455 1.80020748
v -2.78602635 5.24983447 1.76265743
v -2.45084049 4.78668293 0.26462415
v -2.60678736 4.90463703 -0.08941414
v -2.64830323 4.98199299 0.14159778
v -2.56955265 4.89424671 0.47630359
v -2.18203708 4.87468494 0.26380664
v -2.37479247 4.91803089 -0.0058679
v -2.4908878 4.6206075 0.93373083
v -2.31126673 4.51362874 0.69753485
v -2.3624856 4.64684407 0.52132315
v -2.52195143 4.76052723 0.74050818
v -1.96499545 4.59691121 0.67729628
v -2.02825084 4.82514118 0.50161872
v -2.26386733 4.12638052 1.00157682
v -1.91538944 4.12784933 0.96392141
v -1.94577411 4.34202932 0.81491636
v -2.2733478 4.34669576 0.86438024
v -2.4422374 4.25100301 1.247552
v -2.46542233 4.46350453 1.09473592
v -2.38164122 4.01470297 1.29884992
v -2.22666808 3.83900107 1.1934596
v -1.99222659 3.92366537 1.08911519
v -2.57933299 5.63101061 0.0591731
v -2.58472129 5.20181934 0.06758958
v -2.75851544 5.36952075 0.01519217
v -2.81621867 5.75375597 0.00992549
v -2.38986159 5.74609423 -0.09697923
v -2.45083838 5.36392871 -0.06193555
v -2.85399558 6.24122239 0.17271076
v -2.55830919 6.13371324 0.17906648
v -2.57142466 5.94274522 0.09906354
v -2.84623461 6.04391099 0.0739536
v -2.29647204 6.23225449 0.03274288
v -2.33832697 6.03487535 -0.05343558
v -2.50007958 6.47649765 0.4746371
v -2.21484793 6.56042099 0.33060191
v -2.25884577 6.40140671 0.14747949
v -2.53659672 6.31889878 0.29516011
v -2.80728892 6.57082748 0.47922473
v -2.8441143 6.40748886 0.29487874
v -2.68460295 6.66047226 0.6700006
v -2.44140505 6.6397966 0.7555963
v -2.246659 6.65270187 0.56015803
v -2.73400942 5.69217211 -0.02468378
v -2.73242406 5.26297961 -0.03455078
v -2.55215109 5.43068164 -0.05579951
v -2.49713362 5.81491808 -0.07397867
v -2.84550031 5.80725389 0.19406885
v -2.80355483 5.4250902 0.13761718
v -2.50655874 6.4093718 -0.18043611
v -2.77947605 6.30436204 -0.06674401
v -2.74802191 6.05022264 -0.03293958
v -2.48569193 6.15290635 -0.11866666
v -2.96192689 6.39947556 0.1699883
v -2.9006833 6.14384202 0.20066885
v -2.92417363 6.78164901 -0.24147865
v -3.13432721 6.83512252 -0.01220315
v -3.03188632 6.62077072 0.10811158
v -2.83277274 6.55490768 -0.12902715
v -2.65028706 6.84552657 -0.3847354
v -2.5544273 6.63109604 -0.25933202
v -2.82809737 6.98971908 -0.48112147
v -3.07223527 7.03497847 -0.42680736
v -3.18591836 6.98195113 -0.20575855
v -2.35323214 5.54698901 -0.15765468
v -2.45207745 5.16642993 0.08883035
v -2.43707705 5.44492053 0.13814695
v -2.30075083 5.80631822 -0.00645876
v -2.53389282 5.67938891 -0.37113506
v -2.57372335 5.33006213 -0.11929598
v -1.93530506 6.23195115 -0.25464551
v -2.1173854 6.05183946 -0.47133429
v -2.2374105 5.85915514 -0.33922405
v -2.11763557 6.07541856 -0.13571697
v -2.33612917 6.1771959 -0.69967535
v -2.44520167 5.97459337 -0.56253257
v -1.80734676 6.28546372 -0.81877836
v -2.04517368 6.41595932 -0.98692808
v -2.20799517 6.32611558 -0.82427565
v -1.97050655 6.20844956 -0.62042388
v -1.49868298 6.21552659 -0.67872466
v -1.69091023 6.20199204 -0.45454986
v -1.50488926 6.30108689 -0.91590193
v -1.65091717 6.32170395 -1.146834
v -1.86308574 6.40763596 -1.13079938
v -2.64292249 5.57181017 -0.16650949
v -2.5926022 5.12930988 -0.01996738
v -2.41921854 5.35504199 -0.08627786
v -2.40490506 5.7545714 -0.24014593
v -2.76588524 5.79511888 0.00747664
v -2.67971875 5.38422534 0.09242085
v -2.48778334 6.28260361 -0.568123
v -2.76361038 6.147921 -0.43767879
v -2.69926781 5.92478868 -0.30701362
v -2.43327784 6.07211412 -0.40865604
v -2.95965074 6.33575913 -0.24443943
v -2.86330102 6.12049974 -0.11367409
v -2.98138434 6.45785324 -0.80623457
v -3.20273839 6.58754379 -0.60811205
v -3.06283906 6.4914238 -0.39577979
v -2.85227455 6.33949509 -0.5985538
v -2.70114908 6.53089279 -0.95217993
v -2.56807532 6.43562546 -0.7351676
v -2.91285249 6.54286911 -1.1211997
v -3.17764512 6.53154343 -1.10435094
v -3.28363922 6.58465134 -0.86685171
v -2.26503981 5.20936633 -0.14352714
v -2.61888658 4.94486652 0.01346147
v -2.4531497 5.16385974 0.11340172
v -2.11740863 5.41694873 0.03137717
v -2.29570769 5.41629077 -0.37046462
v -2.58186063 5.16332385 -0.17656135
v -1.56281674 5.65373583 -0.14071143
v -1.73323811 5.49493639 -0.37940604
v -1.96189121 5.40308703 -0.27800449
v -1.80937282 5.58106188 -0.05925879
v -1.79580433 5.65299547 -0.6660417
v -2.02173045 5.58034228 -0.53798541
v -1.25014234 5.48569262 -0.59353438
v -1.28044934 5.36651599 -0.87672689
v -1.51719273 5.44313098 -0.76727942
v -1.49384724 5.53818285 -0.48554061
v -1.09807294 5.59026537 -0.3268766
v -1.33814237 5.66693224 -0.22505399
v -0.9388072 5.43758532 -0.48452437
v -0.94906324 5.3295354 -0.72690298
v -1.12188154 5.4370122 -0.89732542
v -2.65747537 5.20936633 -0.37226222
v -2.61751503 4.94486652 0.01277816
v -2.47125069 5.16385974 -0.11396364
v -2.44551102 5.41694873 -0.45861918
v -2.88278268 5.41629077 -0.41322299
v -2.78679571 5.16332385 -0.08115597
v -2.42028368 5.52604052 -1.05766096
v -2.71747364 5.49493639 -0.95092604
v -2.69169301 5.40308703 -0.70212935
v -2.41900778 5.45336718 -0.798002
v -3.00941457 5.65299547 -0.97999731
v -2.95744081 5.58034228 -0.72555739
v -2.77183737 5.48569262 -1.47654645
v -3.07887959 5.58959093 -1.47587979
v -3.04794633 5.66620531 -1.21690236
v -2.74443767 5.53818224 -1.21139753
v -2.47123858 5.59026537 -1.53877179
v -2.44858521 5.66693224 -1.27898702
v -2.57195468 5.43758471 -1.73895794
v -2.8056399 5.32953723 -1.80410351
v -3.021125 5.4370122 -1.69240658
v -2.18929671 5.35100268 -0.0002404
v -2.57625885 5.08650287 -0.01087979
v -2.46969267 5.30549426 0.15067629
v -2.13134521 5.55858202 0.22118251
v -2.11927772 5.55792467 -0.21827364
v -2.46103287 5.30495837 -0.16645139
v -1.55669247 5.79537096 0.3046158
v -1.60775196 5.63657091 0.01580522
v -1.85778522 5.54472216 0.00889087
v -1.81429676 5.7226964 0.27198881
v -1.54082333 5.79462999 -0.26984331
v -1.79987049 5.72197618 -0.25152519
v -1.07953199 5.62732897 0.03051407
v -1.04011579 5.73122545 -0.27398847
v -1.30091565 5.80783983 -0.27712287
v -1.34598904 5.67981737 0.02307027
v -1.05707548 5.73189989 0.33666328
v -1.31759458 5.80856676 0.32521426
v -0.84545546 5.57921984 0.26293842
v -0.75036558 5.47117114 0.03975541
v -0.83298033 5.57864611 -0.18846538
v -2.47864556 5.43554492 -0.32670451
v -2.55797037 5.07196979 -0.04151277
v -2.39314772 5.3133153 -0.04171514
v -2.26603194 5.65255541 -0.27032562
v -2.68966393 5.65232714 -0.38781413
v -2.69886288 5.31308032 -0.12647083
v -2.07090694 6.04336595 -0.72026823
v -2.35098837 5.87462083 -0.78596174
v -2.40820763 5.71549791 -0.58003386
v -2.156253 5.90029954 -0.50824416
v -2.6246676 6.0432097 -0.87390554
v -2.66090927 5.90010545 -0.64823531
v -2.21477114 6.01587816 -1.27668485
v -2.47798063 5.99305284 -1.36208356
v -2.54663076 5.99242112 -1.09905759
v -2.28709284 5.99047654 -1.01604353
v -1.92036479 6.12462327 -1.19503888
v -1.99702304 6.12406297 -0.93426618
v -1.93188777 6.03782701 -1.45167798
v -2.11853934 5.95970201 -1.62367993
v -2.36702658 6.03771653 -1.57240658
v -2.57986673 5.15124439 0.39661414
v -2.61982706 4.96563129 0.01157375
v -2.76609129 5.11931049 0.13831561
v -2.79183104 5.29691577 0.48297141
v -2.35455935 5.29645434 0.43757499
v -2.45054638 5.11893329 0.10550781
v -2.79954309 5.46308276 1.06359823
v -2.5198679 5.35164416 0.97527822
v -2.54564892 5.28718921 0.72648138
v -2.80081927 5.41208422 0.80393889
v -2.22792708 5.46256396 1.00434957
v -2.27990119 5.41157763 0.74990942
v -2.46550459 5.34515857 1.5008984
v -2.15846236 5.41806689 1.50023159
v -2.18939555 5.47183276 1.24125463
v -2.49290417 5.38199328 1.23575002
v -2.76610336 5.41854235 1.56312374
v -2.78875658 5.47234362 1.30333905
v -2.66538728 5.31139758 1.76331005
v -2.43170178 5.23557361 1.82845531
v -2.21621714 5.31099536 1.71675823
v -2.98383893 5.07039386 0.1716064
v -2.59556124 4.97758259 0.01370868
v -2.79719286 5.07769367 -0.08825414
v -3.16683262 5.16422595 -0.00535468
v -2.98971461 5.22846362 0.39184863
v -2.66932465 5.12401782 0.19836231
v -3.74341712 5.18618396 0.17315761
v -3.54667175 5.13416187 0.41195048
v -3.31040081 5.12766712 0.30777311
v -3.49317749 5.19824878 0.08795217
v -3.5119915 5.27021289 0.69242308
v -3.28223675 5.27480456 0.56115256
v -4.00824149 5.01037616 0.63757082
v -3.93169349 5.1186864 0.92392797
v -3.71889503 5.22790149 0.80685843
v -3.78424583 5.10516956 0.52245597
v -4.17760016 5.02930561 0.37190951
v -3.96150801 5.13976978 0.2623767
v -4.30099096 4.89114826 0.5373952
v -4.26807486 4.83150318 0.78226423
v -4.11914603 4.95718464 0.94543058
v -2.50755789 5.67330065 0.09506439
v -2.56316736 5.26297961 0.04541089
v -2.74460655 5.43068164 0.05086679
v -2.71377384 5.78395983 0.1615361
v -2.37903113 5.78895128 -0.11493058
v -2.4773021 5.42509082 -0.11990272
v -2.68916684 6.39835068 0.29575101
v -2.42329121 6.3013939 0.1885177
v -2.43835402 6.0114879 0.16697357
v -2.68526564 6.10640184 0.2539447
v -2.25024028 6.40450058 -0.0641573
v -2.28647437 6.11240525 -0.07538967
v -2.37426619 6.8730339 0.28602796
v -2.17297553 6.92646346 0.04463827
v -2.22617514 6.67291977 -0.04132624
v -2.41765494 6.60597763 0.20829893
v -2.6384306 6.91940108 0.42849265
v -2.68445668 6.66572128 0.33822642
v -2.51152765 7.09429976 0.49332148
v -2.29735575 7.15832747 0.42279922
v -2.16687133 7.09924117 0.21023221
v -3.0236967 5.00923359 0.05378278
v -2.60538185 4.916422 0.02724703
v -2.76424051 5.01653217 -0.13342524
v -3.14108304 5.1030672 -0.17209833
v -3.0991525 5.16730212 0.26077951
v -2.73392487 5.06285633 0.17895296
v -3.74451423 5.12502216 -0.18576372
v -3.63370628 5.07300098 0.10311744
v -3.3765892 5.06650745 0.07929333
v -3.48017044 5.1370885 -0.18716404
v -3.69159622 5.20058704 0.38172618
v -3.43027893 5.21364307 0.32851566
v -4.14301443 4.94921528 0.17061996
v -4.16128439 5.05752491 0.46646834
v -3.92233603 5.16674182 0.42297057
v -3.89406752 5.04400837 0.13252879
v -4.21932562 4.96814594 -0.13505121
v -3.97964499 5.0786098 -0.17035621
v -4.38884969 4.82998859 -0.01726941
v -4.4353327 4.77034443 0.22538991
v -4.34587301 4.89602253 0.42738025
v -2.73032329 4.76563862 0.09172056
v -2.62389349 5.04138813 0.07217333
v -2.75196529 4.96176166 -0.00741603
v -2.86711945 4.72049244 -0.02783153
v -2.81029524 4.74141224 0.26950141
v -2.68918067 4.95254169 0.20208377
v -2.96617513 4.31738302 -0.06485129
v -2.83844519 4.35531057 0.10577213
v -2.80628008 4.53060078 0.10396587
v -2.93820809 4.49691792 -0.04684255
v -2.90397813 4.32978902 0.33153243
v -2.92164029 4.54680073 0.32447322
v -2.81227366 3.99240408 0.08175563
v -2.79888414 3.95834646 0.29640918
v -2.84598203 4.13493856 0.3153775
v -2.84761976 4.17372579 0.10041882
v -2.91962814 3.97631155 -0.10703951
v -2.96510833 4.1526235 -0.08257034
v -2.82455114 3.83552847 -0.0843401
v -2.72632808 3.7717385 0.04619759
v -2.73526371 3.82229361 0.21388687
v -2.87242486 4.8775536 0.02197825
v -2.45669462 4.98189319 -0.00224247
v -2.65533284 5.05924762 -0.12727362
v -3.03621617 4.9907381 -0.16232689
v -2.98881726 4.90210834 0.26565194
v -2.62106416 4.99528766 0.18156267
v -3.59419723 4.76602101 -0.21671308
v -3.44836563 4.66179768 0.04078834
v -3.21423802 4.77085224 0.03756174
v -3.35928742 4.885266 -0.19174207
v -3.53036812 4.64177998 0.34100063
v -3.30288922 4.77968525 0.31810817
v -3.85428451 4.32434591 0.01565915
v -3.89097045 4.29819234 0.32800727
v -3.72252738 4.50351369 0.34767882
v -3.67038925 4.5197588 0.03585127
v -3.95658164 4.42134358 -0.26673004
v -3.78731078 4.62498921 -0.23895135
v -4.04396735 4.19306783 -0.22254034
v -4.04161505 4.03485128 -0.02363519
v -3.99538672 4.10203329 0.21708818
v -1.88639423 4.32431112 -0.49594439
v -2.01749545 4.50900533 -0.42677226
v -1.97528339 4.52116933 -0.39216544
v -1.84349987 4.33589009 -0.46068427
v -1.72955479 4.09399008 -0.48864795
v -1.77253918 4.08230184 -0.52370204
v -1.61747471 3.75550742 -0.48151248
v -1.65391316 3.74403037 -0.51085574
v -2.32522337 4.81305622 -0.11944425
v -2.11221828 4.67421162 -0.30611871
v -2.15325965 4.66259175 -0.34034293
v -2.36239417 4.80213276 -0.15058545
v -2.6067323 4.91420948 0.17870513
v -2.63633045 4.90629597 0.15413751
v -2.40541821 4.98199238 0.13660455
v -2.10708392 4.91348286 -0.10276392
v -2.64460487 4.91803089 -0.06174864
v -2.43516049 4.81624714 -0.3738293
v -1.8766637 4.77580464 -0.24692932
v -1.71762424 4.61734547 -0.32019084
v -2.15161078 4.49216664 -0.67532103
v -2.26903067 4.66412007 -0.57178939
v -1.93288539 4.07716146 -0.78541861
v -2.04179256 4.31973958 -0.75092619
v -1.58768688 4.44121083 -0.37393222
v -1.47254826 4.20031423 -0.40318065
v -1.4659406 3.93531241 -0.42827964
v -1.80627949 3.84427603 -0.71077277
v -2.53420746 4.87755329 -0.21933845
v -2.66748594 4.98189289 0.17519331
v -2.47714749 5.05924762 0.03785657
v -2.3019657 4.9907381 -0.30216091
v -2.72817113 4.96654865 -0.40777705
v -2.77633307 4.99528766 -0.04606213
v -2.04251613 4.76602192 -0.7991387
v -2.3358969 4.66179829 -0.76038763
v -2.42061081 4.77085224 -0.5420996
v -2.15366782 4.885266 -0.59068823
v -2.59875001 4.73675953 -0.96709966
v -2.67437436 4.93910419 -0.73684943
v -2.16053767 4.32434591 -1.12733564
v -2.43639866 4.29819234 -1.27835759
v -2.51773794 4.50351369 -1.12954938
v -2.24814765 4.5197588 -0.96439504
v -1.86038959 4.42134358 -1.11639921
v -1.94955562 4.62498921 -0.96985975
v -1.86862621 4.19306783 -1.21397535
v -2.0539294 4.03485128 -1.28630551
v -2.29444178 4.10203329 -1.33361966
v -2.63127694 4.75356404 -0.10318721
v -2.62578266 5.08583271 0.13782913
v -2.44708153 4.97166889 0.0109188
v -2.41649914 4.6742928 -0.16487165
v -2.75430099 4.8245937 -0.34928115
v -2.74259365 5.0472475 -0.07629087
v -2.4420405 4.14047933 -0.35168048
v -2.63879868 4.2312734 -0.3723653
v -2.637417 4.4639095 -0.26737066
v -2.40930098 4.38796651 -0.28710454
v -2.7869512 4.31391256 -0.67854948
v -2.74811367 4.61388936 -0.59512522
v -2.46678492 3.68019004 -0.57203658
v -2.70015851 3.73463248 -0.7798007
v -2.78512137 4.01079092 -0.71964804
v -2.56570656 3.96647513 -0.48929538
v -2.30461043 3.61094474 -0.5116846
v -2.35295622 3.89460989 -0.46786338
v -2.35111945 3.39703239 -0.5185401
v -2.46864336 3.33692253 -0.5668875
v -2.58893692 3.47169486 -0.6989189
v -2.50503466 4.72609883 0.17410875
v -2.59285499 5.06491443 -0.05462469
v -2.65910716 4.98058674 0.16802637
v -2.6150298 4.69373768 0.42533175
v -2.30363234 4.68127552 0.13939025
v -2.38969107 4.93827839 0.00594613
v -2.52831375 4.108691 0.66785628
v -2.45258206 4.14779684 0.35428764
v -2.50263209 4.41895711 0.27461505
v -2.59910066 4.38389363 0.55428008
v -2.24985888 4.09601705 0.29211364
v -2.22251715 4.42808797 0.27793548
v -2.3604436 3.56860496 0.4650516
v -2.23155806 3.532835 0.38805388
v -2.23393721 3.78680563 0.36886436
v -2.38436312 3.85713431 0.46092368
v -2.41979826 3.56238029 0.70298521
v -2.4657835 3.82268057 0.68463492
v -2.36080821 3.37224052 0.64599898
v -2.33000987 3.27764549 0.50943545
v -2.22564189 3.34262504 0.42427493
v -2.45336384 4.78690449 -0.08547228
v -2.58252418 5.04781513 -0.03078337
v -2.42470764 4.9896294 -0.00275459
v -2.27784888 4.76628834 -0.02371856
v -2.44032439 4.76257923 -0.2799633
v -2.55686811 4.96043598 -0.17479662
v -2.11754237 4.38160726 -0.02196532
v -2.30210574 4.3932369 -0.13451241
v -2.35529749 4.56292256 -0.12258812
v -2.17458808 4.55486897 -0.03005695
v -2.31950186 4.36302877 -0.36838935
v -2.33058531 4.58058522 -0.37011855
v -2.26755637 4.03192861 -0.0994999
v -2.35258112 3.984027 -0.29415693
v -2.34031722 4.16372274 -0.33051589
v -2.26667552 4.21485586 -0.13132555
v -2.0982508 4.0404302 0.03721504
v -2.08942302 4.21932668 -0.00367211
v -2.17473342 3.88776602 0.05198912
v -2.30360312 3.80468497 -0.03314031
v -2.36277087 3.84611166 -0.19294725
v -2.75422824 4.68678364 -0.06757698
v -2.59525503 5.06491443 0.05910892
v -2.66869171 4.98058674 -0.16127687
v -2.79695048 4.6569048 -0.33382629
v -3.01095857 4.65153096 0.05031259
v -2.79641951 4.93827839 0.12602198
v -2.97654984 4.07039327 -0.47562221
v -2.95350366 4.10284872 -0.19745031
v -2.87403857 4.36024495 -0.16258211
v -2.90511956 4.33877767 -0.43525767
v -3.19244645 4.07778097 -0.05558402
v -3.20167321 4.38776998 -0.02711102
v -2.99267228 3.58786521 -0.21202564
v -3.06162942 3.55366172 -0.07678837
v -3.10669289 3.80004874 -0.07597937
v -2.99312442 3.84747397 -0.22759679
v -3.03750081 3.56601035 -0.43092925
v -3.04856835 3.82130942 -0.45610919
v -2.97793424 3.36158073 -0.33285663
v -2.89951175 3.26153557 -0.19741365
v -2.98628972 3.33978355 -0.07949483
vn 0.00148 0.00194 -1
vn 0.00265 0.01777 -0.99984
vn 0.50313 0.02451 -0.86386
vn 0.50225 -0.01537 -0.86459
vn 0.84472 0.03842 -0.53383
vn 0.83223 -0.00925 -0.55435
vn 0.99779 0.0541 -0.03865
vn 0.99887 0.01385 -0.04541
vn 0.86429 0.05227 0.50026
vn 0.86848 0.01841 0.49539
vn 0.49994 0.04104 0.86509
vn 0.50415 0.01813 0.86343
vn 0.00173 0.03006 0.99955
vn 0.00327 0.02707 0.99963
vn -0.49763 0.02212 0.86711
vn -0.49885 0.04278 0.86563
vn -0.86451 0.01953 0.50223
vn -0.86535 0.06091 0.49745
vn -0.99953 0.01769 -0.02508
vn -0.99761 0.06663 -0.01828
vn -0.85114 0.01121 -0.52483
vn -0.8462 0.04517 -0.53094
vn -0.49804 0.0108 -0.86709
vn -0.4988 0.01955 -0.8665
vn 0.86304 0.08707 0.49758
vn 0.50084 0.0643 0.86315
vn 0.99549 0.0949 0.00036
vn -0.49777 0.00793 -0.86727
vn 0.00117 0.0416 -0.99913
vn 0.49047 0.06986 -0.86865
vn 0.85871 0.0877 -0.5049
vn -0.86034 -0.01874 -0.50937
vn -0.99942 -0.03281 -0.00941
vn -0.86516 -0.026 0.50082
vn -0.49853 -0.00126 0.86687
vn 0.00184 0.03173 0.99949
vn 0.83826 -0.02348 -0.54476
vn 0.85728 -0.05004 -0.51241
vn 0.99822 -0.05966 0.00033
vn 0.99948 -0.03237 -0.0003
vn -0.99527 0.08691 -0.04348
vn -0.99607 0.08702 -0.01656
vn -0.85423 0.07269 -0.51479
vn -0.84295 0.07509 -0.53273
vn -0.00714 0.02794 0.99958
vn 0.00488 0.01196 0.99992
vn -0.49567 0.04968 0.86709
vn -0.50469 0.05805 0.86135
vn 0.866 -0.05085 0.49745
vn 0.86414 -0.02467 0.50264
vn -0.5047 0.05331 -0.86165
vn -0.49592 0.04398 -0.86726
vn -0.86208 0.07818 0.5007
vn -0.86521 0.07996 0.49499
vn 0.50342 -0.02466 0.86369
vn 0.49478 -0.00247 0.86902
vn -0.00717 0.02336 -0.9997
vn 0.00468 0.00645 -0.99997
vn 0.45273 -0.00376 -0.89164
vn 0.48614 -0.02676 -0.87347
vn -0.50599 0.02767 -0.8621
vn -0.008 0.043 -0.99904
vn 0.45838 0.05439 -0.88709
vn 0.84109 0.06114 -0.53742
vn -0.86823 0.0067 0.49611
vn -0.99931 0.00451 -0.0368
vn 0.49365 0.04956 0.86825
vn -0.00802 0.03431 0.99938
vn 0.99803 0.06277 -0.00039
vn -0.84905 0.0135 -0.52815
vn -0.50623 0.01862 0.8622
vn 0.86267 0.06008 0.50218
vn 0.86618 -0.01075 0.49962
vn 0.50047 -0.00061 0.86575
vn -0.49942 0.02711 -0.86594
vn 0.00058 0.01324 -0.99991
vn 0.50049 -0.00063 -0.86574
vn 0.86614 -0.01074 -0.49968
vn -0.86536 0.03721 0.49977
vn -0.99916 0.0409 0.0001
vn 0.00058 0.01324 0.99991
vn 0.9999 -0.01447 2E-05
vn -0.8654 0.03723 -0.4997
vn -0.49946 0.02712 0.86591
vn 0.8659 0.03852 0.49874
vn 0.49963 0.03852 0.86538
vn -0.50052 0.03852 -0.86487
vn -0 0.03852 -0.99926
vn 0.49874 0.03852 -0.8659
vn 0.86538 0.03852 -0.49963
vn -0.86487 0.03852 0.50052
vn -0.99926 0.03852 -0
vn 0 0.03852 0.99926
vn 0.99926 0.03852 -0
vn -0.86538 0.03852 -0.49963
vn -0.49963 0.03852 0.86538
vn 0.48066 0.27543 -0.83253
vn 0.83253 0.27543 -0.48066
vn -0.83253 0.27543 0.48066
vn -0.96132 0.27543 -0
vn 0.48066 0.27543 0.83253
vn 0 0.27543 0.96132
vn 0.96132 0.27543 -0
vn -0.83253 0.27543 -0.48066
vn -0.48066 0.27543 0.83253
vn 0.83253 0.27543 0.48066
vn -0.48066 0.27543 -0.83253
vn 0 0.27543 -0.96132
vn 0.14656 0.92869 0.34067
vn 0.16258 0.91178 0.37713
vn -0.2865 0.80512 0.51932
vn -0.2703 0.83446 0.48021
vn 0.53388 0.83516 0.1322
vn 0.57351 0.80588 0.14713
vn -0.25715 0.93341 0.25026
vn 0.05297 0.9908 0.12453
vn 0.10831 0.96156 0.25233
vn -0.25375 0.88696 0.38589
vn 0.35702 0.93397 -0.01556
vn 0.45365 0.8876 0.07973
vn -0.10229 0.96678 -0.23425
vn 0.12939 0.93658 -0.32568
vn 0.24781 0.95434 -0.16682
vn -0.02348 0.99836 -0.05217
vn -0.32743 0.93618 -0.12793
vn -0.29269 0.95385 0.0671
vn -0.33588 0.91573 -0.22052
vn -0.13754 0.93886 -0.31563
vn 0.06759 0.91605 -0.39532
vn 0.56209 0.77296 0.29427
vn 0.66751 0.65043 0.36245
vn 0.2719 0.54096 0.79588
vn 0.22037 0.64714 0.72982
vn 0.71899 0.66529 -0.20108
vn 0.82352 0.54503 -0.15738
vn -0.02177 0.86507 0.50118
vn 0.17892 0.96874 0.17187
vn 0.31977 0.92951 0.18371
vn 0.06857 0.81313 0.57803
vn 0.34805 0.92046 -0.17778
vn 0.48918 0.84187 -0.22795
vn -0.05906 0.9589 0.27754
vn 0.02034 0.99973 -0.01084
vn 0.21611 0.96974 -0.11357
vn 0.09441 0.97018 0.22325
vn -0.12515 0.84947 0.51257
vn -0.03134 0.8564 0.51536
vn -0.19895 0.83938 0.50582
vn -0.14454 0.93965 0.31012
vn -0.07266 0.99524 0.06499
vn -0.85953 0.45262 -0.23737
vn -0.90336 0.3575 -0.23691
vn -0.50859 0.5669 -0.64805
vn -0.47108 0.62821 -0.61922
vn -0.96186 0.10312 0.25337
vn -0.96289 0.01004 0.26972
vn -0.30871 0.82148 -0.47945
vn -0.59314 0.7832 -0.18651
vn -0.74113 0.63562 -0.21612
vn -0.39224 0.74079 -0.54532
vn -0.79837 0.56896 0.19721
vn -0.91875 0.32162 0.22902
vn -0.29757 0.95096 -0.08446
vn -0.47412 0.86483 0.16516
vn -0.641 0.7445 0.18662
vn -0.45149 0.88069 -0.14333
vn -0.08643 0.93984 -0.33049
vn -0.2108 0.87903 -0.42764
vn -0.01591 0.96432 -0.26426
vn -0.21848 0.97399 -0.06016
vn -0.39068 0.9107 0.13416
vn -0.34323 0.93573 0.08133
vn -0.37875 0.92357 0.05981
vn -0.1254 0.9278 -0.35138
vn -0.11299 0.94572 -0.30471
vn -0.50411 0.73653 0.45099
vn -0.54367 0.70409 0.45682
vn 0.02377 0.99466 -0.10039
vn -0.13324 0.97076 0.19969
vn -0.25746 0.95728 0.13167
vn -0.06558 0.97531 -0.21088
vn -0.27492 0.83493 0.47678
vn -0.40966 0.7913 0.4539
vn 0.21683 0.90622 0.36298
vn 0.09893 0.81829 0.56623
vn -0.09423 0.84492 0.52653
vn 0.03893 0.95768 0.2852
vn 0.32102 0.93713 0.13689
vn 0.16864 0.9855 0.01859
vn 0.38736 0.9011 0.19488
vn 0.29658 0.86988 0.39415
vn 0.19126 0.79608 0.57418
vn -0.2787 0.92869 0.24466
vn -0.30843 0.91178 0.27116
vn -0.58244 0.80512 -0.11201
vn -0.54024 0.83446 -0.10868
vn 0.03925 0.83516 0.5486
vn 0.0373 0.80588 0.59091
vn -0.31747 0.93341 -0.16723
vn -0.04133 0.96443 0.26109
vn -0.22911 0.93954 0.25452
vn -0.44542 0.88696 -0.12208
vn 0.23071 0.76216 0.60488
vn 0.0268 0.81567 0.57789
vn 0.28008 0.94636 -0.16112
vn 0.49447 0.8687 0.02934
vn 0.51103 0.80119 0.31136
vn 0.21921 0.97453 0.04722
vn 0.02048 0.93618 -0.35093
vn -0.15426 0.95385 -0.25763
vn 0.10593 0.91573 -0.38758
vn 0.25768 0.93886 -0.22834
vn 0.39686 0.91605 -0.05789
vn 0.47298 0.79434 0.38119
vn 0.51976 0.75284 0.40383
vn 0.13298 0.55855 0.81875
vn 0.12409 0.61408 0.77942
vn 0.67386 0.72624 -0.13597
vn 0.71973 0.67638 -0.15654
vn -0.09468 0.84822 0.52111
vn 0.06298 0.97022 0.23388
vn 0.30921 0.89812 0.31269
vn 0.05368 0.73999 0.67047
vn 0.21845 0.97126 -0.09454
vn 0.49917 0.85823 -0.11947
vn -0.23762 0.95943 0.15177
vn -0.10814 0.98943 -0.09664
vn 0.04023 0.99591 -0.08088
vn -0.10016 0.97447 0.20094
vn -0.34078 0.86405 0.37052
vn -0.22253 0.86679 0.44626
vn -0.40746 0.85975 0.30791
vn -0.31236 0.94291 0.11555
vn -0.19039 0.97659 -0.10016
vn 0.33052 0.89173 -0.30915
vn 0.4059 0.84156 -0.35639
vn 0.71103 0.68974 0.13673
vn 0.63073 0.76169 0.14832
vn -0.06687 0.74466 -0.66409
vn -0.04555 0.6907 -0.7217
vn 0.24806 0.94266 0.22328
vn -0.01792 0.99561 -0.09192
vn 0.14335 0.97093 -0.19167
vn 0.43239 0.88085 0.19272
vn -0.26634 0.88788 -0.37513
vn -0.16716 0.83879 -0.51816
vn -0.25375 0.9607 0.11257
vn -0.43376 0.89335 -0.11738
vn -0.34415 0.9006 -0.26546
vn -0.12984 0.99153 -0.00317
vn -0.04005 0.93823 0.34368
vn 0.11441 0.95467 0.27482
vn -0.11276 0.92596 0.3604
vn -0.30271 0.93904 0.16299
vn -0.46229 0.88599 -0.03616
vn -0.52716 0.7802 -0.33674
vn -0.60145 0.70048 -0.38416
vn -0.05814 0.77701 -0.62679
vn -0.07806 0.80704 -0.58532
vn -0.85174 0.52328 0.02678
vn -0.92818 0.37213 -0.00354
vn -0.07753 0.94516 -0.31728
vn -0.33159 0.90557 -0.26457
vn -0.38196 0.87456 -0.29873
vn -0.09553 0.8719 -0.48028
vn -0.57977 0.79296 -0.18733
vn -0.64937 0.75844 -0.05562
vn -0.16169 0.91561 0.36813
vn -0.40642 0.74487 0.52914
vn -0.60146 0.78017 0.172
vn -0.30625 0.95104 0.04162
vn 0.10146 0.98106 0.16502
vn 0.00422 0.99643 -0.08432
vn 0.13968 0.95013 0.27882
vn -0.08443 0.88561 0.45669
vn -0.30128 0.74491 0.59527
vn 0.26217 0.81086 0.52324
vn 0.29557 0.75288 0.58806
vn -0.23245 0.55855 0.79624
vn -0.22435 0.63944 0.73538
vn 0.65834 0.73555 0.15985
vn 0.71701 0.67638 0.16856
vn -0.19301 0.88898 0.41528
vn 0.06858 0.96962 0.2348
vn 0.16595 0.91903 0.35754
vn -0.21235 0.79123 0.57347
vn 0.31242 0.94918 0.03807
vn 0.49476 0.86503 0.0833
vn -0.10473 0.99443 -0.01197
vn 0.12918 0.97872 -0.15946
vn 0.24497 0.96882 0.0371
vn 0.01892 0.98307 0.18224
vn -0.33291 0.9328 0.13802
vn -0.21362 0.92406 0.31699
vn -0.41874 0.90795 0.01669
vn -0.19931 0.96711 -0.15801
vn 0.0316 0.94803 -0.31662
vn 0.67525 0.70673 -0.21112
vn 0.74949 0.61456 -0.24614
vn 0.77506 0.52839 0.34653
vn 0.7208 0.60392 0.34019
vn 0.40323 0.57739 -0.70995
vn 0.45421 0.47966 -0.75075
vn 0.17329 0.94659 0.27191
vn 0.12439 0.98841 -0.08708
vn 0.42823 0.89397 -0.13202
vn 0.49379 0.80154 0.33721
vn 0.05541 0.89109 -0.45044
vn 0.25321 0.76775 -0.5886
vn 0.0001 0.99725 -0.07409
vn -0.07905 0.95707 -0.27888
vn -0.07123 0.92747 -0.36704
vn 0.00464 0.99614 -0.0877
vn 0.0755 0.98937 0.12432
vn 0.07733 0.979 0.18862
vn 0.0926 0.99205 0.08521
vn 0.03267 0.99722 -0.06695
vn -0.03217 0.97333 -0.22715
vn -0.3825 0.74504 -0.54646
vn -0.37701 0.70066 -0.60576
vn 0.21736 0.77701 -0.59077
vn 0.1615 0.82121 -0.5473
vn -0.81629 0.43775 -0.3769
vn -0.83623 0.37213 -0.40279
vn -0.02975 0.93672 -0.34883
vn -0.35849 0.88364 -0.30109
vn -0.38017 0.81812 -0.43144
vn 0.04714 0.88797 -0.45748
vn -0.68732 0.6973 -0.20337
vn -0.76073 0.56925 -0.31184
vn -0.29248 0.92311 0.24966
vn -0.58404 0.76005 0.28499
vn -0.65168 0.75837 0.01371
vn -0.33027 0.94234 -0.054
vn 0.0167 0.98171 0.18966
vn -0.00312 0.99413 -0.10815
vn 0.00604 0.95013 0.3118
vn -0.27282 0.88561 0.37586
vn -0.5282 0.74491 0.40758
vn 0.55503 0.55643 -0.61833
vn 0.59134 0.43191 -0.681
vn 0.90544 0.36789 -0.21172
vn 0.86291 0.47082 -0.18363
vn 0.06367 0.47328 -0.87861
vn 0.06293 0.35035 -0.9345
vn 0.58678 0.80822 -0.04969
vn 0.28941 0.87205 -0.39468
vn 0.43052 0.76179 -0.48407
vn 0.73265 0.67215 -0.10693
vn -0.04936 0.76245 -0.64517
vn 0.02638 0.66823 -0.74349
vn 0.12903 0.93632 -0.32658
vn -0.12609 0.82729 -0.54744
vn -0.10675 0.79453 -0.59776
vn 0.20039 0.91281 -0.35584
vn 0.38549 0.92172 -0.0429
vn 0.49191 0.87008 -0.0314
vn 0.32853 0.94147 -0.07551
vn 0.10101 0.94035 -0.32488
vn -0.11993 0.84394 -0.52286
vn -0.29656 0.95502 -0.00013
vn -0.23801 0.96727 0.08802
vn -0.61611 0.73666 0.27881
vn -0.64873 0.73633 0.19229
vn 0.13617 0.97017 -0.20055
vn 0.20892 0.96929 -0.1297
vn -0.72547 0.68791 -0.02169
vn -0.46711 0.85727 -0.21653
vn -0.37759 0.91812 -0.12037
vn -0.6838 0.72509 0.08157
vn -0.10073 0.91035 -0.40139
vn 0.01293 0.95076 -0.30967
vn -0.58049 0.6799 -0.44807
vn -0.34596 0.74285 -0.57314
vn -0.22631 0.8317 -0.507
vn -0.54875 0.76314 -0.3413
vn -0.74832 0.58475 -0.31319
vn -0.75651 0.6309 -0.17224
vn -0.73109 0.56165 -0.38738
vn -0.5853 0.64397 -0.49267
vn -0.40385 0.70416 -0.584
vn 0.71927 0.67183 0.17692
vn 0.75369 0.63152 0.18202
vn 0.50521 0.4916 0.70929
vn 0.49546 0.53818 0.68183
vn 0.71072 0.58843 -0.38551
vn 0.73118 0.54433 -0.4112
vn 0.33062 0.75951 0.56022
vn 0.4688 0.87278 0.13596
vn 0.62617 0.76257 0.16245
vn 0.44501 0.6386 0.62782
vn 0.50762 0.80099 -0.3174
vn 0.64149 0.68454 -0.34627
vn -0.05274 0.99793 0.03677
vn 0.01617 0.9561 -0.29259
vn 0.27946 0.90852 -0.31064
vn 0.21866 0.97163 0.09011
vn -0.11552 0.92509 0.36175
vn 0.121 0.87128 0.47563
vn -0.22056 0.92939 0.29595
vn -0.17082 0.98523 0.01233
vn -0.10639 0.9563 -0.27233
vn -0.90686 0.41866 0.04832
vn -0.93219 0.35537 0.06873
vn -0.68793 0.5669 -0.45318
vn -0.67283 0.58311 -0.45529
vn -0.83257 0.10744 0.5434
vn -0.82802 0.0137 0.56053
vn -0.51052 0.74685 -0.42613
vn -0.69547 0.71823 0.02158
vn -0.8328 0.5529 0.02714
vn -0.62198 0.64153 -0.44897
vn -0.71561 0.51632 0.47044
vn -0.80569 0.29848 0.51164
vn -0.18666 0.97783 0.09493
vn -0.30579 0.86693 0.3936
vn -0.53129 0.72122 0.44449
vn -0.46276 0.88489 0.05321
vn -0.03187 0.96927 -0.24394
vn -0.30104 0.88165 -0.36342
vn 0.10555 0.97978 -0.16995
vn -0.0572 0.99271 0.10605
vn -0.19893 0.91705 0.3456
vn -0.29969 0.93573 0.18603
vn -0.3402 0.92357 0.1769
vn -0.23042 0.9278 -0.29343
vn -0.20383 0.94572 -0.25311
vn -0.33496 0.73653 0.58764
vn -0.37063 0.70409 0.60571
vn -0.00931 0.99466 -0.10275
vn -0.06299 0.97076 0.23165
vn -0.20241 0.95727 0.20655
vn -0.1291 0.97531 -0.17917
vn -0.10943 0.83493 0.53938
vn -0.24442 0.79132 0.56042
vn 0.32076 0.90623 0.27542
vn 0.27344 0.8183 0.50559
vn 0.07771 0.84492 0.52922
vn 0.12741 0.95768 0.25811
vn 0.34782 0.93714 0.02794
vn 0.16582 0.9855 -0.03588
vn 0.42918 0.9011 0.0619
vn 0.40632 0.86988 0.27968
vn 0.36356 0.79608 0.48381
vn -0.22798 0.89144 0.39162
vn -0.20645 0.91178 0.35502
vn -0.58788 0.80512 0.07859
vn -0.56064 0.81552 0.14356
vn 0.1387 0.81151 0.56763
vn 0.22287 0.80587 0.54854
vn -0.38756 0.9077 0.1609
vn -0.08031 0.89464 0.43952
vn -0.22635 0.85864 0.4599
vn -0.49472 0.84614 0.19825
vn 0.21207 0.74879 0.62796
vn 0.0539 0.76103 0.64647
vn 0.1689 0.97026 -0.17337
vn 0.28643 0.94485 -0.1588
vn 0.3857 0.89139 0.23804
vn 0.11144 0.98247 0.14946
vn 0.02919 0.98191 -0.18709
vn -0.20717 0.9777 0.03431
vn 0.14839 0.93743 -0.31498
vn 0.17254 0.93797 -0.30072
vn 0.19411 0.93784 -0.28773
vn 0.58004 0.78637 0.21257
vn 0.62101 0.75282 0.21819
vn 0.3859 0.55855 0.73424
vn 0.36873 0.60321 0.70724
vn 0.60398 0.71548 -0.35112
vn 0.63286 0.67638 -0.37682
vn 0.17041 0.79384 0.58376
vn 0.29872 0.93972 0.16641
vn 0.47254 0.85914 0.19644
vn 0.30262 0.69407 0.65321
vn 0.36377 0.88634 -0.28649
vn 0.51733 0.79662 -0.31268
vn -0.23353 0.97098 0.05152
vn -0.14816 0.94968 -0.27595
vn 0.11982 0.95078 -0.28575
vn 0.03634 0.99285 0.11367
vn -0.29211 0.8807 0.37287
vn -0.05328 0.86788 0.49392
vn -0.39409 0.86747 0.30362
vn -0.3466 0.93773 0.02284
vn -0.2693 0.92733 -0.25989
vn 0.24895 0.86912 -0.42737
vn 0.27184 0.84156 -0.46677
vn 0.71768 0.68974 -0.09594
vn 0.68003 0.72824 -0.08501
vn -0.26289 0.72919 -0.6318
vn -0.2722 0.6907 -0.66996
vn 0.47416 0.87703 0.07746
vn 0.09684 0.98158 -0.16469
vn 0.19 0.92625 -0.32553
vn 0.59496 0.80308 -0.03298
vn -0.30122 0.87797 -0.37206
vn -0.26559 0.80402 -0.53199
vn -0.17576 0.93582 0.30554
vn -0.45483 0.88239 0.12052
vn -0.38387 0.91326 -0.13634
vn -0.03985 0.99668 0.07097
vn 0.12334 0.8817 0.45541
vn 0.31081 0.91239 0.26634
vn 0.02973 0.8479 0.52932
vn -0.23132 0.88628 0.40124
vn -0.47247 0.84842 0.23864
vn -0.6068 0.78017 -0.15207
vn -0.69226 0.70048 -0.17347
vn -0.25402 0.77701 -0.57596
vn -0.25975 0.80704 -0.5303
vn -0.79923 0.52327 0.29566
vn -0.88133 0.37212 0.29116
vn -0.1742 0.94516 -0.27629
vn -0.3985 0.90552 -0.14569
vn -0.45705 0.87455 -0.16207
vn -0.24299 0.8719 -0.42515
vn -0.60941 0.79283 0.00628
vn -0.63346 0.75844 0.15331
vn -0.03653 0.91557 0.4005
vn -0.21755 0.7448 0.63083
vn -0.51591 0.78004 0.35409
vn -0.27731 0.951 0.13678
vn 0.14855 0.98107 0.12425
vn -0.02275 0.99643 -0.0813
vn 0.22094 0.95013 0.22009
vn 0.06484 0.88561 0.45988
vn -0.09683 0.74491 0.6601
vn 0.43202 0.78637 0.44158
vn 0.46641 0.7528 0.46449
vn 0.03221 0.55855 0.82885
vn 0.02834 0.60321 0.79708
vn 0.69631 0.71548 -0.0569
vn 0.73344 0.67638 -0.06766
vn -0.09751 0.79384 0.60026
vn 0.19798 0.93972 0.2788
vn 0.34194 0.85914 0.38074
vn -0.00807 0.69407 0.71986
vn 0.45167 0.88634 -0.10197
vn 0.60155 0.79662 -0.05951
vn -0.233 0.97097 -0.05406
vn -0.01493 0.94968 -0.31286
vn 0.23122 0.95078 -0.20631
vn -0.01613 0.99285 0.11824
vn -0.42418 0.8807 0.21079
vn -0.26076 0.86788 0.42283
vn -0.48641 0.86747 0.10438
vn -0.32267 0.93774 -0.1286
vn -0.13117 0.92733 -0.35051
vn 0.60382 0.65562 -0.45339
vn 0.63237 0.61454 -0.47165
vn 0.84496 0.52839 0.08269
vn 0.8169 0.57289 0.06684
vn 0.19542 0.5265 -0.82741
vn 0.19252 0.47966 -0.85607
vn 0.60792 0.78966 0.08293
vn 0.39426 0.8621 -0.31835
vn 0.52595 0.74841 -0.40405
vn 0.73978 0.6704 0.05742
vn 0.09686 0.7517 -0.65236
vn 0.1726 0.62813 -0.75872
vn -0.04254 0.99886 -0.02175
vn -0.23077 0.92735 -0.29458
vn -0.05979 0.8682 -0.49259
vn 0.18472 0.9665 -0.17821
vn 0.1504 0.95558 0.25347
vn 0.39814 0.90216 0.16611
vn 0.03013 0.95852 0.28343
vn -0.14156 0.98879 0.04757
vn -0.30108 0.93399 -0.19238
vn -0.54086 0.73263 -0.41318
vn -0.55015 0.70048 -0.4546
vn 0.01868 0.77701 -0.62921
vn -0.00615 0.80704 -0.59047
vn -0.9011 0.42139 -0.1022
vn -0.92083 0.37213 -0.11663
vn -0.03829 0.94516 -0.32437
vn -0.4543 0.88005 -0.13829
vn -0.51244 0.80229 -0.30617
vn -0.03629 0.8719 -0.48834
vn -0.7742 0.62821 0.07721
vn -0.85309 0.52001 -0.04272
vn -0.2054 0.91557 0.34576
vn -0.46793 0.7448 0.47572
vn -0.6448 0.71251 0.27668
vn -0.34409 0.93297 0.10563
vn 0.0806 0.98106 0.17615
vn 0.0145 0.99644 -0.08308
vn 0.10466 0.95013 0.29377
vn -0.13946 0.88561 0.443
vn -0.37157 0.74491 0.55411
vn 0.30718 0.46169 -0.83216
vn 0.31762 0.41387 -0.85313
vn 0.79147 0.36789 -0.48808
vn 0.76302 0.41418 -0.49624
vn -0.24825 0.36002 -0.89931
vn -0.27016 0.311 -0.9112
vn 0.6154 0.66619 -0.42128
vn 0.22343 0.72042 -0.65656
vn 0.27691 0.57334 -0.7711
vn 0.70154 0.52207 -0.48506
vn -0.21615 0.62184 -0.75273
vn -0.22138 0.4727 -0.85296
vn 0.03341 0.97628 -0.21391
vn -0.27859 0.90371 -0.32512
vn -0.24956 0.78666 -0.5647
vn 0.13425 0.88058 -0.45448
vn 0.3414 0.93666 -0.07819
vn 0.49541 0.82635 -0.26778
vn 0.25793 0.96612 0.00862
vn -0.01183 0.99462 -0.10292
vn -0.28057 0.93755 -0.20561
vn 0.24708 0.92869 0.27656
vn 0.27384 0.91178 0.30605
vn -0.10693 0.80512 0.5834
vn -0.10396 0.83446 0.54117
vn 0.54824 0.83516 -0.04403
vn 0.59056 0.80587 -0.04246
vn -0.16445 0.9334 0.31892
vn 0.08975 0.9908 0.10128
vn 0.18277 0.96156 0.20493
vn -0.11819 0.88696 0.44647
vn 0.33364 0.93397 -0.12803
vn 0.45551 0.8876 -0.06834
vn -0.17137 0.96677 -0.18972
vn 0.01936 0.93658 -0.34991
vn 0.18211 0.95434 -0.2368
vn -0.03882 0.99836 -0.04202
vn -0.35112 0.93617 -0.01746
vn -0.25628 0.95385 0.1565
vn -0.3885 0.91573 -0.10254
vn -0.23058 0.93886 -0.25568
vn -0.06134 0.91605 -0.39634
vn -0.35648 0.93157 -0.07141
vn -0.24202 0.96866 -0.05587
vn -0.2482 0.87918 0.40675
vn -0.34315 0.86246 0.37203
vn -0.30086 0.81957 -0.48764
vn -0.18525 0.85163 -0.49032
vn -0.66439 0.69589 0.27264
vn -0.70157 0.70917 -0.06975
vn -0.56207 0.82274 -0.08477
vn -0.52808 0.79151 0.30764
vn -0.65975 0.64383 -0.38757
vn -0.51241 0.73222 -0.44866
vn -0.92274 0.38521 0.01268
vn -0.9094 0.3492 -0.22593
vn -0.79921 0.50752 -0.32201
vn -0.83205 0.55348 -0.03681
vn -0.8796 0.39873 0.25948
vn -0.79069 0.55128 0.26626
vn -0.90394 0.34432 0.25363
vn -0.94767 0.31647 0.04208
vn -0.94709 0.27499 -0.16551
vn 0.34872 0.92983 -0.11755
vn 0.3352 0.93371 -0.12578
vn 0.67062 0.73705 0.08382
vn 0.68313 0.72722 0.06699
vn -0.05849 0.95742 -0.28272
vn -0.06757 0.9478 -0.31161
vn 0.50668 0.78451 0.35752
vn 0.24532 0.95457 0.16918
vn 0.34944 0.93676 -0.01918
vn 0.66836 0.72784 0.15341
vn -0.06865 0.99607 -0.05599
vn -0.05193 0.97904 -0.19696
vn -0.18353 0.79586 0.577
vn -0.3262 0.81152 0.48479
vn -0.17154 0.96829 0.18163
vn 0.02765 0.93566 0.35181
vn -0.02899 0.75488 0.65523
vn 0.22151 0.84006 0.4952
vn -0.11967 0.65303 0.74781
vn -0.26085 0.67953 0.68571
vn -0.3887 0.68929 0.61138
vn 0.10548 0.97941 0.17216
vn 0.13424 0.9684 0.21017
vn 0.30015 0.75004 0.58937
vn 0.26707 0.77401 0.5741
vn -0.08726 0.95443 -0.28541
vn -0.07062 0.96933 -0.23539
vn -0.00738 0.80442 0.59401
vn -0.33684 0.92651 0.16766
vn -0.0638 0.99048 0.12198
vn 0.1606 0.80593 0.56981
vn -0.55479 0.78205 -0.28392
vn -0.27086 0.89164 -0.3628
vn -0.57013 0.74231 0.35203
vn -0.67233 0.74004 0.0178
vn -0.63873 0.76243 -0.10354
vn -0.4699 0.83381 0.28976
vn -0.41031 0.66167 0.62757
vn -0.21327 0.74856 0.62784
vn -0.49638 0.61925 0.60839
vn -0.63212 0.6904 0.35182
vn -0.71349 0.69883 0.05068
vn -0.22893 0.97315 -0.02387
vn -0.22418 0.97304 -0.05423
vn -0.52068 0.79434 -0.31291
vn -0.52012 0.81177 -0.26555
vn 0.10277 0.96935 0.22315
vn 0.10795 0.97176 0.20984
vn -0.42821 0.87176 -0.23806
vn -0.18938 0.97872 -0.07902
vn -0.21034 0.97748 -0.01685
vn -0.48636 0.84419 -0.22539
vn 0.09093 0.99056 0.1026
vn 0.09985 0.97521 0.19747
vn 0.07834 0.86849 -0.48948
vn 0.25344 0.89253 -0.37305
vn 0.11485 0.99029 -0.07836
vn -0.13029 0.96492 -0.22792
vn -0.07258 0.81781 -0.57089
vn -0.32357 0.88429 -0.33667
vn 0.11555 0.69501 -0.70966
vn 0.2286 0.743 -0.62905
vn 0.34996 0.77781 -0.52205
vn -0.12481 0.97463 0.18579
vn -0.093 0.98247 0.16159
vn 0.1727 0.79375 -0.58321
vn 0.2008 0.81239 -0.54745
vn 0.27623 0.83649 -0.47327
vn 0.39057 0.83638 -0.38461
vn 0.18644 0.91384 0.36076
vn -0.06259 0.95377 0.29395
vn 0.39646 0.87552 0.27618
vn 0.54354 0.78905 -0.2863
vn 0.6852 0.70817 -0.1703
vn 0.5444 0.8082 0.22459
vn 0.74045 0.66358 -0.10673
vn 0.61924 0.74968 0.23349
vn 0.1956 0.74938 -0.63259
vn 0.22392 0.77203 -0.59484
vn -0.11127 0.96736 0.22769
vn -0.14812 0.95873 0.2427
vn 0.29704 0.80172 -0.51867
vn 0.40571 0.80862 -0.42607
vn 0.17735 0.89694 0.40503
vn -0.08289 0.93614 0.34173
vn 0.52999 0.80839 0.25617
vn 0.38808 0.86644 0.31413
vn 0.55426 0.76885 -0.31885
vn 0.69274 0.69276 -0.2005
vn 0.74952 0.64773 -0.13662
vn 0.6061 0.74961 0.26595
vn 0.23318 0.72721 0.64559
vn 0.09723 0.82451 0.55743
vn 0.52629 0.83694 0.15018
vn 0.61021 0.73815 0.28772
vn 0.67858 0.60249 0.42016
vn 0.36609 0.59338 0.71686
vn 0.69724 0.53153 0.48097
vn 0.42809 0.52359 0.73661
vn -0.02379 0.8685 0.49512
vn -0.12027 0.88196 0.45572
vn 0.43418 0.89805 -0.07059
vn 0.46896 0.8828 0.02739
vn 0.42382 0.89821 -0.11662
vn -0.1657 0.8811 0.44295
vn 0.46776 0.86874 -0.16276
vn 0.47454 0.8732 -0.11104
vn -0.21313 0.84896 0.48357
vn -0.16201 0.85471 0.49317
vn 0.50238 0.86463 -0.00531
vn 0.55383 0.8237 0.12162
vn 0.06769 0.80961 0.58305
vn -0.05758 0.84837 0.52626
vn 0.33838 0.58587 0.73638
vn 0.20627 0.71559 0.66738
vn 0.63371 0.72799 0.26163
vn 0.69973 0.5964 0.39331
vn 0.71955 0.52475 0.45484
vn 0.40108 0.51535 0.75733
vn -0.26094 0.96534 -0.00471
vn -0.23397 0.97215 0.01335
vn -0.66076 0.75004 -0.02898
vn -0.67203 0.74027 -0.01942
vn 0.21737 0.97602 0.01136
vn 0.2471 0.96756 0.05255
vn -0.6337 0.69384 -0.34207
vn -0.30145 0.89991 -0.31509
vn -0.31347 0.94263 -0.11487
vn -0.69564 0.70889 -0.11642
vn 0.13434 0.96507 -0.22493
vn 0.17046 0.9815 -0.08717
vn -0.13052 0.77582 -0.61731
vn 0.11471 0.80921 -0.57622
vn 0.12283 0.90692 -0.403
vn -0.20401 0.85414 -0.47836
vn -0.36754 0.6937 -0.61943
vn -0.48672 0.71698 -0.49904
vn -0.32071 0.64942 -0.68949
vn -0.11042 0.71797 -0.68726
vn 0.10532 0.7514 -0.65139
vn 0.21638 0.97263 0.08463
vn 0.23025 0.97215 0.04365
vn 0.63412 0.75004 0.18797
vn 0.59708 0.77262 0.21574
vn -0.20816 0.97602 -0.06361
vn -0.22705 0.96756 -0.11077
vn 0.47263 0.78867 0.39323
vn 0.16258 0.93592 0.31244
vn 0.19029 0.96675 0.17082
vn 0.5394 0.79693 0.27194
vn -0.18477 0.96506 0.1858
vn -0.18648 0.9815 0.04334
vn -0.00976 0.77059 0.63726
vn -0.2507 0.80923 0.53131
vn -0.21668 0.90692 0.36132
vn 0.08947 0.86461 0.49442
vn 0.21485 0.68583 0.69533
vn 0.35175 0.7459 0.5656
vn 0.14438 0.64942 0.7466
vn -0.05912 0.71797 0.69356
vn -0.25978 0.7514 0.60656
vn -0.16414 0.96533 -0.20296
vn -0.16062 0.97215 -0.17065
vn -0.40253 0.75004 -0.5248
vn -0.41705 0.7403 -0.52728
vn 0.13102 0.97602 0.17381
vn 0.11858 0.96757 0.22306
vn -0.14535 0.69383 -0.70532
vn 0.04761 0.89991 -0.43346
vn -0.1135 0.94263 -0.31397
vn -0.35797 0.70889 -0.60772
vn 0.25866 0.96507 -0.04167
vn 0.17634 0.9815 0.07454
vn 0.38899 0.77582 -0.49678
vn 0.51509 0.80926 -0.28246
vn 0.38767 0.90692 -0.16495
vn 0.23531 0.85414 -0.46376
vn 0.23826 0.6937 -0.67972
vn 0.06939 0.71698 -0.69364
vn 0.32203 0.64942 -0.68887
vn 0.45549 0.71797 -0.52635
vn 0.56669 0.7514 -0.33803
vn -0.01465 0.97998 0.19856
vn 0.06367 0.97818 0.19776
vn 0.21708 0.7577 0.61544
vn 0.14281 0.78771 0.59927
vn -0.16307 0.95976 -0.22861
vn -0.10191 0.96052 -0.25889
vn -0.02477 0.83829 0.54466
vn -0.17065 0.95992 0.22232
vn -0.11752 0.9733 0.19715
vn 0.03793 0.82419 0.56504
vn -0.28968 0.94947 -0.12083
vn -0.2429 0.95381 -0.17675
vn -0.4445 0.82944 0.33832
vn -0.52243 0.85023 0.06465
vn -0.38294 0.92282 -0.04197
vn -0.28353 0.9151 0.28672
vn -0.33594 0.74612 0.57485
vn -0.15975 0.80965 0.56476
vn -0.4234 0.70508 0.56885
vn -0.52519 0.77276 0.35639
vn -0.59423 0.79406 0.12787
vn 0.19147 0.95861 -0.21071
vn 0.16293 0.96262 -0.21637
vn 0.55719 0.75793 -0.33924
vn 0.56054 0.751 -0.34898
vn -0.2219 0.97468 -0.02767
vn -0.26367 0.96339 -0.04853
vn 0.65802 0.75291 -0.01188
vn 0.34815 0.93491 0.06877
vn 0.27936 0.95104 -0.13223
vn 0.62128 0.73708 -0.26594
vn -0.04777 0.98802 0.14672
vn -0.13984 0.98951 0.03624
vn 0.34362 0.76186 0.54909
vn 0.14422 0.78225 0.60605
vn 0.04914 0.92813 0.369
vn 0.3325 0.88642 0.32203
vn 0.53368 0.70617 0.46531
vn 0.57779 0.77643 0.25164
vn 0.5387 0.62971 0.5597
vn 0.36672 0.6746 0.64065
vn 0.18738 0.69353 0.69564
vn -0.18324 0.97404 0.13289
vn -0.20267 0.97186 0.12006
vn -0.59455 0.78583 0.17024
vn -0.55483 0.80905 0.19389
vn 0.22038 0.97417 0.0492
vn 0.22382 0.97346 0.04774
vn -0.4679 0.87395 0.13145
vn -0.19613 0.97921 0.05181
vn -0.16506 0.97988 0.11222
vn -0.49748 0.84701 0.18729
vn 0.11649 0.99241 -0.03931
vn 0.19107 0.98134 0.02158
vn -0.30895 0.85814 -0.41005
vn -0.11225 0.88109 -0.45943
vn 0.00306 0.98398 -0.17824
vn -0.26309 0.96015 -0.09428
vn -0.46709 0.81015 -0.35424
vn -0.46928 0.88285 -0.01863
vn -0.44157 0.69435 -0.56824
vn -0.30888 0.74061 -0.59673
vn -0.15269 0.77434 -0.61407
vn 0.32321 0.02644 0.94596
vn 0.32642 0.00793 0.94519
vn -0.15411 -0.00092 0.98805
vn -0.12972 0.0081 0.99152
vn 0.71016 0.03934 0.70294
vn 0.73139 0.01494 0.68179
vn -0.0914 0.28028 0.95556
vn 0.29703 0.32907 0.89637
vn 0.31699 0.11682 0.94121
vn -0.09919 0.08081 0.99178
vn 0.62673 0.3274 0.70712
vn 0.67197 0.13201 0.72872
vn 0.22762 0.67023 0.70639
vn 0.49509 0.63732 0.59051
vn 0.55838 0.53835 0.63118
vn 0.24921 0.5595 0.79048
vn -0.06332 0.64464 0.76186
vn -0.09465 0.51156 0.85402
vn -0.03203 0.67787 0.73448
vn 0.23331 0.68669 0.68849
vn 0.47534 0.64741 0.59574
vn -0.84819 0.52673 0.05587
vn -0.88971 0.45619 0.01765
vn -0.84474 0.19642 -0.49783
vn -0.83681 0.32409 -0.44127
vn -0.62928 0.57879 0.51866
vn -0.63278 0.56316 0.53146
vn -0.53508 0.83709 -0.11389
vn -0.55152 0.81574 0.17434
vn -0.74864 0.65356 0.11132
vn -0.7744 0.5591 -0.29616
vn -0.52126 0.72498 0.45022
vn -0.60132 0.63677 0.48264
vn -0.02325 0.94711 0.32006
vn 0.01155 0.90022 0.43529
vn -0.32365 0.82561 0.46218
vn -0.26586 0.9229 0.27852
vn -0.05454 0.9759 0.21128
vn -0.2006 0.97505 0.09508
vn -0.05057 0.97635 0.21018
vn 0.08153 0.95149 0.29668
vn 0.22295 0.89678 0.3822
vn 0.27148 0.4207 0.86563
vn 0.2889 0.3441 0.89338
vn -0.31095 0.33551 0.88924
vn -0.29522 0.39705 0.86902
vn 0.76509 0.30244 0.56847
vn 0.78452 0.22895 0.57629
vn -0.30767 0.76148 0.57051
vn 0.15513 0.83528 0.52749
vn 0.22342 0.62387 0.74891
vn -0.29443 0.56791 0.76863
vn 0.60353 0.71329 0.35632
vn 0.70802 0.49597 0.50272
vn 0.04898 0.97885 0.19864
vn 0.40299 0.90999 0.09759
vn 0.48895 0.85978 0.14732
vn 0.07399 0.95554 0.28542
vn -0.28984 0.91871 0.26826
vn -0.32882 0.87176 0.36319
vn -0.23323 0.9276 0.29181
vn 0.07554 0.96484 0.25175
vn 0.38947 0.90255 0.18361
vn -0.4925 0.86912 0.0455
vn -0.53781 0.84157 0.05025
vn -0.49487 0.68974 -0.52856
vn -0.46411 0.72824 -0.50426
vn -0.3617 0.72919 0.58091
vn -0.38735 0.6907 0.61065
vn -0.21229 0.87702 -0.431
vn -0.09321 0.99388 -0.05927
vn -0.37535 0.92625 0.03436
vn -0.37234 0.80307 -0.46522
vn 0.04684 0.9403 0.33711
vn -0.27887 0.80402 0.52515
vn 0.2514 0.92307 -0.29109
vn 0.1882 0.96268 -0.19452
vn 0.25319 0.96476 -0.0717
vn 0.14304 0.95708 -0.25205
vn 0.29913 0.8817 -0.36487
vn 0.03634 0.9124 -0.40769
vn 0.41367 0.8479 -0.33158
vn 0.31849 0.92379 -0.21256
vn 0.17386 0.98394 -0.0404
vn -0.04965 0.88907 0.45508
vn -0.11875 0.84157 0.52694
vn -0.65561 0.68974 0.30731
vn -0.55386 0.79487 0.24783
vn 0.44071 0.72919 0.52351
vn 0.46106 0.6907 0.55709
vn -0.18738 0.93686 0.29526
vn 0.10158 0.95149 0.29043
vn 0.07607 0.93293 0.35194
vn -0.29554 0.92701 0.23087
vn 0.37633 0.88862 0.26215
vn 0.41015 0.81148 0.41627
vn 0.07505 0.93601 -0.34389
vn 0.39649 0.88307 -0.25097
vn 0.38966 0.92058 0.02632
vn 0.05552 0.99843 0.00736
vn -0.25457 0.8817 -0.39724
vn -0.2971 0.95476 -0.01314
vn -0.18752 0.8479 -0.49588
vn 0.09996 0.88628 -0.45223
vn 0.37884 0.84842 -0.36967
vn -0.46411 0.86912 -0.17095
vn -0.50706 0.84156 -0.18618
vn -0.21911 0.68974 -0.69011
vn -0.20181 0.72824 -0.65494
vn -0.57655 0.72919 0.36861
vn -0.61251 0.6907 0.3844
vn -0.00606 0.87703 -0.4804
vn -0.179 0.98158 -0.06678
vn -0.35358 0.92625 -0.13058
vn -0.13579 0.80308 -0.5802
vn -0.3141 0.87797 0.36125
vn -0.47779 0.80402 0.35393
vn 0.33142 0.93582 0.12003
vn 0.19762 0.8824 0.42699
vn -0.06766 0.91327 0.40171
vn 0.07681 0.99668 0.02692
vn 0.42707 0.8817 -0.20055
vn 0.20836 0.9124 -0.3523
vn 0.51612 0.8479 -0.12119
vn 0.43531 0.88628 0.15814
vn 0.31706 0.84842 0.42386
vn -0.41635 0.70398 0.57539
vn -0.42365 0.65344 0.62732
vn -0.82144 0.53609 0.19451
vn -0.78987 0.58103 0.19623
vn 0.1024 0.60896 0.78656
vn 0.12692 0.53576 0.83478
vn -0.60666 0.79139 0.07526
vn -0.36875 0.90121 0.22769
vn -0.39924 0.79978 0.44829
vn -0.71585 0.67801 0.16694
vn -0.05369 0.92474 0.37679
vn 0.03122 0.7557 0.65417
vn -0.17436 0.97878 -0.10767
vn -0.0807 0.99563 0.04706
vn -0.15096 0.98274 0.10693
vn -0.31817 0.94799 0.00858
vn -0.25118 0.93786 -0.23942
vn -0.45207 0.88872 -0.07627
vn -0.13772 0.93913 -0.31474
vn -0.04583 0.98858 -0.14355
vn 0.06028 0.99656 0.05693
vn 0.08065 0.92899 -0.36121
vn 0.09014 0.91178 -0.40067
vn 0.53704 0.80512 -0.25174
vn 0.49947 0.83556 -0.22885
vn -0.35421 0.83516 -0.42076
vn -0.3775 0.80588 -0.45613
vn 0.32317 0.94434 -0.06145
vn 0.01233 0.99054 -0.13668
vn 0.0514 0.96384 -0.26146
vn 0.41666 0.8962 -0.15238
vn -0.29798 0.93397 -0.19727
vn -0.32016 0.88758 -0.3312
vn -0.05605 0.96714 0.24798
vn -0.2961 0.93658 0.18748
vn -0.29854 0.95434 -0.0107
vn -0.02169 0.9988 0.04381
vn 0.18787 0.93747 0.29301
vn 0.25955 0.96102 0.09526
vn 0.14212 0.91573 0.37583
vn -0.07425 0.93886 0.33619
vn -0.28704 0.91605 0.2801
vn 0.22762 0.925 0.30426
vn 0.26877 0.94222 0.19997
vn 0.71347 0.69985 -0.03411
vn 0.73283 0.67796 0.05775
vn -0.29721 0.85315 0.42872
vn -0.24251 0.89774 0.36775
vn 0.76495 0.55832 0.32115
vn 0.31759 0.68017 0.66068
vn 0.21152 0.82711 0.52072
vn 0.7514 0.62681 0.2062
vn -0.09919 0.62286 0.77602
vn -0.27741 0.73901 0.61394
vn 0.49842 0.49852 0.70926
vn 0.11723 0.54249 0.83184
vn 0.06218 0.57091 0.81866
vn 0.44988 0.56178 0.69427
vn 0.81336 0.36369 0.45407
vn 0.79876 0.43784 0.41266
vn 0.81091 0.36415 0.45807
vn 0.49921 0.49106 0.7139
vn 0.1258 0.53056 0.83826
vn -0.24039 0.09857 -0.96566
vn -0.24326 0.00794 -0.96993
vn 0.23964 -0.00092 -0.97086
vn 0.2288 0.08502 -0.96975
vn -0.65374 0.09057 -0.75128
vn -0.66919 0.01494 -0.74294
vn 0.19178 0.47724 -0.85759
vn -0.20354 0.50695 -0.8376
vn -0.22723 0.30152 -0.92599
vn 0.20954 0.27923 -0.93708
vn -0.5597 0.45867 -0.69019
vn -0.61457 0.26712 -0.74226
vn -0.12795 0.81643 -0.56309
vn -0.45867 0.76485 -0.45235
vn -0.50846 0.62923 -0.58783
vn -0.17004 0.67951 -0.71369
vn 0.22788 0.76376 -0.60393
vn 0.19823 0.63771 -0.74434
vn 0.24748 0.81106 -0.53003
vn -0.10674 0.86704 -0.48667
vn -0.43604 0.81369 -0.38442
vn 0.60832 0.05118 0.79204
vn 0.60984 0.00794 0.79248
vn 0.16736 -0.00092 0.98589
vn 0.19969 0.0386 0.9791
vn 0.89404 0.05342 0.44479
vn 0.90993 0.01494 0.41449
vn 0.28095 0.26862 0.92137
vn 0.57949 0.29104 0.76124
vn 0.60064 0.1524 0.78486
vn 0.24885 0.13407 0.95922
vn 0.81127 0.27992 0.51331
vn 0.85966 0.14714 0.48922
vn 0.46194 0.63609 0.61807
vn 0.64461 0.62034 0.44683
vn 0.742 0.45327 0.49394
vn 0.53224 0.46913 0.70473
vn 0.2502 0.61182 0.75038
vn 0.27529 0.44334 0.85303
vn 0.23837 0.684 0.68944
vn 0.42287 0.70504 0.56929
vn 0.58673 0.69159 0.42125
vn -0.79382 0.51328 0.32618
vn -0.83813 0.45619 0.29904
vn -0.95905 0.19642 -0.20407
vn -0.93887 0.30691 -0.15597
vn -0.42711 0.56848 0.70314
vn -0.43144 0.56316 0.70478
vn -0.56848 0.82181 -0.03826
vn -0.45133 0.82385 0.34289
vn -0.68901 0.63316 0.35267
vn -0.85331 0.51518 -0.08029
vn -0.27316 0.7042 0.65535
vn -0.3873 0.61165 0.68984
vn 0.1049 0.94652 0.30511
vn 0.20178 0.89584 0.39592
vn -0.05842 0.8244 0.56299
vn -0.11049 0.93421 0.33918
vn 0.01532 0.9759 0.21767
vn -0.15366 0.9826 0.10434
vn 0.01873 0.97635 0.21537
vn 0.17142 0.9515 0.25546
vn 0.33271 0.89678 0.2917
vn 0.54972 0.39338 0.73692
vn 0.55744 0.3441 0.75555
vn -0.01272 0.33551 0.94195
vn 0.01355 0.38057 0.92465
vn 0.90856 0.27908 0.31087
vn 0.92684 0.22895 0.29758
vn 0.05408 0.63606 0.76974
vn 0.47199 0.66496 0.57884
vn 0.52502 0.50941 0.6818
vn 0.04718 0.48819 0.87146
vn 0.79004 0.5528 0.26505
vn 0.86403 0.39564 0.31132
vn 0.23345 0.95494 0.18326
vn 0.49438 0.86911 -0.01556
vn 0.66654 0.73254 0.13822
vn 0.36781 0.84052 0.3978
vn -0.05419 0.93105 0.36084
vn 0.00721 0.80709 0.59039
vn -0.07668 0.96668 0.24424
vn 0.16872 0.98205 0.08434
vn 0.3996 0.91294 -0.08282
vn -0.45261 0.86912 0.19942
vn -0.49408 0.84156 0.2183
vn -0.63701 0.68974 -0.34422
vn -0.60013 0.72824 -0.33094
vn -0.15868 0.72919 0.66566
vn -0.17357 0.6907 0.702
vn -0.33808 0.87703 -0.34137
vn -0.1072 0.99388 -0.02662
vn -0.34505 0.92625 0.15168
vn -0.50072 0.80308 -0.32303
vn 0.15138 0.9403 0.30483
vn -0.09783 0.80402 0.5865
vn 0.14609 0.92307 -0.3558
vn 0.11675 0.96268 -0.24418
vn 0.21736 0.96476 -0.14833
vn 0.05567 0.95708 -0.28441
vn 0.16789 0.8817 -0.44093
vn -0.0949 0.9124 -0.39816
vn 0.28707 0.8479 -0.44571
vn 0.23458 0.92379 -0.30263
vn 0.15206 0.98394 -0.09347
vn 0.09732 0.88907 0.44732
vn 0.05436 0.84156 0.53742
vn -0.52422 0.68973 0.49946
vn -0.4466 0.79487 0.41077
vn 0.58405 0.72919 0.35661
vn 0.61401 0.6907 0.38201
vn -0.08401 0.93686 0.33945
vn 0.20235 0.94924 0.24082
vn 0.18898 0.92997 0.31534
vn -0.20702 0.92701 0.31272
vn 0.46239 0.87797 0.12395
vn 0.52757 0.80402 0.27428
vn -0.0374 0.93582 -0.35049
vn 0.29715 0.8824 -0.3648
vn 0.3907 0.91326 -0.11533
vn 0.06364 0.99777 -0.02012
vn -0.36747 0.8817 -0.29593
vn -0.28592 0.95476 0.08181
vn -0.33518 0.8479 -0.41076
vn -0.0487 0.88628 -0.46058
vn 0.24197 0.84842 -0.47078
vn -0.49437 0.86912 -0.01486
vn -0.53993 0.84157 -0.01567
vn -0.42676 0.68974 -0.58492
vn -0.3992 0.72824 -0.55705
vn -0.4298 0.72919 0.5325
vn -0.45889 0.6907 0.55889
vn -0.15818 0.87703 -0.45366
vn -0.19094 0.98158 -0.00653
vn -0.37674 0.92625 -0.01164
vn -0.31287 0.80308 -0.50713
vn -0.18325 0.87797 0.44225
vn -0.3408 0.80402 0.48725
vn 0.35238 0.93582 0.00867
vn 0.32294 0.88239 0.3422
vn 0.06339 0.91326 0.40241
vn 0.08138 0.99668 0.00116
vn 0.34137 0.8817 -0.32569
vn 0.08571 0.9124 -0.40023
vn 0.451 0.8479 -0.27869
vn 0.463 0.88628 0.01184
vn 0.43517 0.84842 0.30134
vn -0.19304 0.69281 0.6948
vn -0.20271 0.65344 0.72933
vn -0.71728 0.53609 0.44511
vn -0.68679 0.58103 0.43672
vn 0.36343 0.58074 0.72846
vn 0.38524 0.53576 0.75137
vn -0.54228 0.79285 0.27808
vn -0.16055 0.90952 0.38341
vn -0.1672 0.78101 0.60172
vn -0.62414 0.67764 0.38892
vn 0.28976 0.85833 0.42345
vn 0.33433 0.67746 0.65519
vn -0.15325 0.9856 -0.0714
vn 0.02686 0.99926 0.02746
vn 0.08964 0.9885 0.12181
vn -0.20255 0.97422 0.09937
vn -0.30378 0.94008 -0.1548
vn -0.43706 0.89642 0.07353
vn -0.23047 0.93913 -0.25478
vn -0.07429 0.9888 -0.12941
vn 0.10597 0.99419 0.01886
vn -0.03734 0.92869 -0.36897
vn -0.04118 0.91178 -0.40861
vn 0.42941 0.80512 -0.40913
vn 0.40219 0.83446 -0.37671
vn -0.46942 0.83516 -0.28662
vn -0.50273 0.80587 -0.31278
vn 0.3205 0.93341 -0.16135
vn -0.01308 0.9908 -0.13474
vn -0.02741 0.96157 -0.27318
vn 0.35804 0.88696 -0.29173
vn -0.34519 0.93396 -0.09257
vn -0.40868 0.8876 -0.21246
vn 0.02711 0.9668 0.25409
vn -0.22131 0.93657 0.27175
vn -0.28652 0.95434 0.08453
vn 0.00671 0.99836 0.05682
vn 0.27381 0.93617 0.22047
vn 0.29932 0.95385 0.02402
vn 0.25403 0.91573 0.31131
vn 0.03626 0.93886 0.34238
vn -0.18334 0.91605 0.35671
vn 0.08057 0.97768 -0.19405
vn 0.11986 0.9702 -0.21057
vn 0.2945 0.92566 0.23753
vn 0.24871 0.94292 0.22146
vn -0.10391 0.81476 -0.57041
vn -0.08262 0.7886 -0.60933
vn 0.00058 0.9773 0.21188
vn -0.14229 0.98516 -0.09602
vn -0.01249 0.98795 -0.15428
vn 0.14356 0.96798 0.20591
vn -0.26872 0.87943 -0.39292
vn -0.16663 0.85525 -0.49069
vn -0.47878 0.875 0.07167
vn -0.5638 0.81113 -0.15556
vn -0.41772 0.86445 -0.27971
vn -0.31309 0.94962 -0.01423
vn -0.36335 0.88397 0.29422
vn -0.1807 0.95057 0.25251
vn -0.44712 0.84033 0.30648
vn -0.54909 0.82842 0.11057
vn -0.62422 0.77595 -0.0908
vn -0.58839 0.27604 -0.76
vn -0.56272 0.24543 -0.78937
vn -0.03144 0.20878 -0.97746
vn -0.11742 0.23793 -0.96416
vn -0.88887 0.24568 -0.38673
vn -0.90755 0.2062 -0.36582
vn -0.34801 0.10784 -0.93127
vn -0.63299 0.10602 -0.76687
vn -0.62393 0.20986 -0.75277
vn -0.25743 0.18967 -0.9475
vn -0.83533 0.09417 -0.54162
vn -0.86547 0.19665 -0.46076
vn -0.58286 0.41469 -0.69879
vn -0.74892 0.38828 -0.53699
vn -0.80432 0.20047 -0.55936
vn -0.62262 0.22114 -0.75062
vn -0.37207 0.41795 -0.82878
vn -0.3787 0.22604 -0.89749
vn -0.36663 0.50475 -0.78154
vn -0.55456 0.50057 -0.66475
vn -0.70814 0.47385 -0.52345
vn 0.13798 0.97768 -0.15846
vn 0.18048 0.9702 -0.16165
vn 0.20392 0.92566 0.3187
vn 0.16559 0.94292 0.28893
vn 0.08246 0.81476 -0.5739
vn 0.11499 0.78861 -0.60405
vn -0.06668 0.9773 0.20111
vn -0.10322 0.98624 -0.12911
vn 0.03357 0.98846 -0.14774
vn 0.0708 0.96798 0.24083
vn -0.12839 0.88551 -0.44653
vn -0.00885 0.8578 -0.51391
vn -0.47666 0.87507 -0.08397
vn -0.48531 0.81113 -0.32641
vn -0.30034 0.86951 -0.39211
vn -0.28832 0.95133 -0.1088
vn -0.43797 0.88395 0.16372
vn -0.25149 0.95057 0.18213
vn -0.52125 0.84033 0.14877
vn -0.5558 0.82842 -0.06937
vn -0.56315 0.77595 -0.28418
vn -0.92447 0.34557 0.16106
vn -0.89655 0.37393 0.23741
vn -0.65776 0.28073 0.69896
vn -0.69274 0.25048 0.67629
vn -0.87211 0.33375 -0.35782
vn -0.88688 0.36356 -0.28508
vn -0.80457 0.04241 0.59235
vn -0.99179 -0.00507 0.12781
vn -0.97664 0.20039 0.07759
vn -0.7532 0.16909 0.63569
vn -0.96047 -0.04286 -0.27507
vn -0.90039 0.17282 -0.39929
vn -0.90909 -0.32745 0.25755
vn -0.95179 -0.30654 0.01122
vn -0.98179 -0.1702 -0.08434
vn -0.95854 -0.16412 0.23296
vn -0.80919 -0.32771 0.48766
vn -0.82465 -0.13894 0.54832
vn -0.79263 -0.41293 0.44859
vn -0.87704 -0.41374 0.24415
vn -0.91856 -0.39431 0.02771
vn -0.28972 0.93035 0.22474
vn -0.24833 0.94277 0.22254
vn -0.16908 0.73834 0.65289
vn -0.21343 0.74794 0.62851
vn -0.30745 0.92469 -0.22456
vn -0.26965 0.92735 -0.25943
vn -0.44568 0.71347 0.54067
vn -0.50979 0.82754 0.23515
vn -0.38805 0.89248 0.23001
vn -0.31376 0.7476 0.58537
vn -0.51744 0.85009 -0.09796
vn -0.40308 0.90095 -0.16069
vn -0.79934 0.56476 0.20519
vn -0.80097 0.59711 -0.04359
vn -0.66248 0.74602 -0.06766
vn -0.6618 0.71485 0.22583
vn -0.74751 0.49674 0.441
vn -0.60404 0.62221 0.49799
vn -0.80638 0.43167 0.40423
vn -0.85086 0.48788 0.19498
vn -0.8537 0.52022 -0.02386
vn 0.69895 0.50611 -0.50529
vn 0.61399 0.65683 -0.43771
vn 0.13639 0.47587 -0.86888
vn 0.23491 0.33078 -0.91401
vn 0.31003 0.17348 -0.93477
vn 0.76615 0.33532 -0.54824
vn 0.33828 0.10054 -0.93566
vn 0.78511 0.25993 -0.56218
vn -0.18814 0.75195 -0.63181
vn -0.0156 0.62354 -0.78164
vn 0.5081 0.80161 -0.31504
vn 0.36823 0.91635 -0.15717
vn -0.26702 0.79536 -0.54415
vn 0.30315 0.94951 -0.08078
vn -0.33113 0.73661 -0.58971
vn -0.2475 0.69448 -0.6756
vn 0.37585 0.92656 -0.01482
vn 0.43394 0.89598 -0.09439
vn -0.06967 0.57474 -0.81537
vn 0.08354 0.44002 -0.89409
vn 0.65127 0.65548 -0.38235
vn 0.55838 0.78889 -0.25665
vn 0.79848 0.34871 -0.49075
vn 0.73118 0.51086 -0.45211
vn 0.18167 0.30303 -0.9355
vn 0.24816 0.15361 -0.95646
vn 0.2688 0.08143 -0.95975
vn 0.8212 0.27609 -0.4994
vn 0.00492 0.96129 -0.27551
vn -0.08098 0.95948 -0.26989
vn -0.54201 0.73834 -0.40135
vn -0.50283 0.74794 -0.4333
vn 0.46934 0.8815 -0.05176
vn 0.39804 0.91502 -0.06552
vn -0.33435 0.71347 -0.61577
vn 0.15644 0.81103 -0.5637
vn 0.13817 0.91475 -0.37966
vn -0.42521 0.7476 -0.51019
vn 0.52796 0.7401 -0.41655
vn 0.56217 0.80887 -0.17229
vn 0.10921 0.56472 -0.81802
vn 0.34047 0.59715 -0.72629
vn 0.39635 0.69486 -0.60006
vn 0.09752 0.69804 -0.70938
vn -0.1289 0.49677 -0.85825
vn -0.23546 0.62221 -0.74661
vn -0.07272 0.43167 -0.8991
vn 0.13795 0.48788 -0.86194
vn 0.34193 0.52022 -0.7826
vn 0.5612 0.45804 -0.68939
vn 0.44862 0.52664 -0.72207
vn -0.13013 0.54368 -0.82914
vn -0.07046 0.49694 -0.86492
vn 0.89288 0.29021 -0.34429
vn 0.83885 0.35569 -0.41208
vn 0.2011 0.39763 -0.89524
vn 0.70644 0.2631 -0.65705
vn 0.70282 0.28445 -0.65202
vn 0.05197 0.39281 -0.91815
vn 0.88727 0.15269 -0.43524
vn 0.93426 0.14659 -0.32506
vn 0.58079 0.2087 -0.78685
vn 0.70238 0.23712 -0.67114
vn 0.76087 0.31659 -0.56643
vn 0.61596 0.35206 -0.70474
vn 0.33354 0.14594 -0.93137
vn 0.28991 0.37857 -0.879
vn 0.36128 -0.02851 -0.93202
vn 0.58171 0.00454 -0.81338
vn 0.69949 0.02483 -0.71421
vn 0.58435 0.435 0.68506
vn 0.54158 0.54864 0.63694
vn 0.77696 0.48012 0.4072
vn 0.86044 0.32008 0.39648
vn 0.13266 0.47322 0.8709
vn 0.18044 0.54882 0.81624
vn 0.90817 0.28947 0.30239
vn 0.70717 0.29489 0.64261
vn 0.62724 0.29784 0.71963
vn 0.91033 0.23726 0.33912
vn 0.29118 0.23456 0.92747
vn 0.11228 0.28118 0.95306
vn 0.83803 0.14415 0.52623
vn 0.54044 0.11345 0.8337
vn 0.50085 0.21243 0.83906
vn 0.79981 0.2243 0.55677
vn 0.95502 0.15004 0.25577
vn 0.92952 0.21014 0.30303
vn 0.96588 0.17452 0.19134
vn 0.84781 0.18988 0.49514
vn 0.54651 0.17836 0.81824
vn 0.74716 0.4487 -0.49033
vn 0.69 0.46886 -0.55143
vn 0.31617 0.31976 -0.89319
vn 0.36079 0.2955 -0.8846
vn 0.88751 0.46064 0.01194
vn 0.8708 0.48778 -0.06142
vn 0.52289 0.10832 -0.84549
vn 0.86959 0.1118 -0.48095
vn 0.84539 0.3163 -0.43042
vn 0.44241 0.22483 -0.86817
vn 0.99112 0.09389 -0.09413
vn 0.95073 0.30721 0.0416
vn 0.79099 -0.22537 -0.56881
vn 0.9163 -0.18496 -0.35523
vn 0.95961 -0.04065 -0.27839
vn 0.82295 -0.05602 -0.56535
vn 0.61593 -0.25158 -0.74655
vn 0.58229 -0.06621 -0.81028
vn 0.62647 -0.33578 -0.70341
vn 0.77815 -0.31411 -0.54389
vn 0.89178 -0.27707 -0.35771
vn -0.78609 0.45826 -0.4148
vn -0.8139 0.46884 -0.34316
vn -0.93582 0.31976 0.14834
vn -0.94207 0.31181 0.12359
vn -0.4117 0.45818 -0.78776
vn -0.46949 0.48778 -0.73597
vn -0.96587 0.24083 0.09537
vn -0.86442 0.19591 -0.46304
vn -0.78274 0.35498 -0.51119
vn -0.95405 0.28704 0.08606
vn -0.52357 0.09841 -0.84628
vn -0.40069 0.30538 -0.86382
vn -0.98491 -0.14438 -0.09542
vn -0.83818 -0.1796 -0.51498
vn -0.72652 -0.02741 -0.6866
vn -0.96755 0.05281 -0.24709
vn -0.96406 -0.09667 0.24746
vn -0.97909 0.10984 0.17124
vn -0.93685 -0.21025 0.27947
vn -0.96357 -0.25795 -0.0707
vn -0.83997 -0.27234 -0.46934
vt 0.99737 0.94065
vt 0.9168 0.94065
vt 0.9168 0.95026
vt 0.99737 0.95026
vt 0.9168 0.95987
vt 0.99737 0.95987
vt 0.9168 0.96947
vt 0.99737 0.96947
vt 0.9168 0.97908
vt 0.99737 0.97908
vt 0.9168 0.98869
vt 0.99737 0.98869
vt 0.9168 0.9983
vt 0.99737 0.9983
vt 0.99737 0.88301
vt 0.9168 0.88301
vt 0.9168 0.89261
vt 0.99737 0.89261
vt 0.9168 0.90222
vt 0.99737 0.90222
vt 0.9168 0.91183
vt 0.99737 0.91183
vt 0.9168 0.92144
vt 0.99737 0.92144
vt 0.9168 0.93104
vt 0.99737 0.93104
vt 0.77027 0.97908
vt 0.77027 0.98869
vt 0.77027 0.96947
vt 0.77027 0.93104
vt 0.77027 0.94065
vt 0.77027 0.95026
vt 0.77027 0.95987
vt 0.77027 0.92144
vt 0.77027 0.91183
vt 0.77027 0.90222
vt 0.77027 0.89261
vt 0.77027 0.88301
vt 0.77027 0.9983
vt 0.50368 0.95987
vt 0.3875 0.95987
vt 0.3875 0.96947
vt 0.50369 0.96947
vt 0.50387 0.91183
vt 0.3875 0.91183
vt 0.3875 0.92144
vt 0.50376 0.92144
vt 0.50375 0.88301
vt 0.3875 0.88301
vt 0.3875 0.89261
vt 0.5038 0.89261
vt 0.3875 0.97908
vt 0.5037 0.97908
vt 0.50373 0.93104
vt 0.3875 0.93104
vt 0.3875 0.90222
vt 0.50385 0.90222
vt 0.3875 0.98869
vt 0.50371 0.98869
vt 0.50371 0.94065
vt 0.3875 0.94065
vt 0.3875 0.9983
vt 0.50375 0.9983
vt 0.50369 0.95026
vt 0.3875 0.95026
vt 0.692 0.93104
vt 0.69198 0.94065
vt 0.69195 0.95026
vt 0.69206 0.95987
vt 0.69205 0.90222
vt 0.69205 0.91183
vt 0.69203 0.98869
vt 0.69204 0.9983
vt 0.69204 0.96947
vt 0.69202 0.92144
vt 0.69204 0.88301
vt 0.69205 0.89261
vt 0.69203 0.97908
vt 0.16189 0.97908
vt 0.16189 0.98869
vt 0.16189 0.93104
vt 0.16189 0.94065
vt 0.16189 0.95026
vt 0.16189 0.95987
vt 0.16189 0.90222
vt 0.16189 0.91183
vt 0.16189 0.9983
vt 0.16189 0.96947
vt 0.16189 0.92144
vt 0.16189 0.88301
vt 0.16189 0.89261
vt 0.02152 0.97908
vt 0.02152 0.98869
vt 0.02152 0.93104
vt 0.02152 0.94065
vt 0.02152 0.95026
vt 0.02152 0.95987
vt 0.02152 0.90222
vt 0.02152 0.91183
vt 0.02152 0.9983
vt 0.02152 0.96947
vt 0.02152 0.92144
vt 0.02152 0.88301
vt 0.02152 0.89261
vt 0.00411 0.95026
vt 0.00411 0.95987
vt 0.00411 0.90222
vt 0.00411 0.91183
vt 0.00411 0.98869
vt 0.00411 0.9983
vt 0.00411 0.96947
vt 0.00411 0.92144
vt 0.00411 0.88301
vt 0.00411 0.89261
vt 0.00411 0.97908
vt 0.00411 0.93104
vt 0.00411 0.94065
vt 0.50371 0.94065
vt 0.65522 0.64106
vt 0.64765 0.86116
vt 0.82149 0.67988
vt 0.83083 0.59233
vt 0.47927 0.59226
vt 0.50381 0.68339
vt 0.83083 0.34254
vt 0.65536 0.37619
vt 0.6553 0.48844
vt 0.83083 0.45179
vt 0.47927 0.34246
vt 0.47927 0.45171
vt 0.65548 0.14349
vt 0.47927 0.13327
vt 0.47927 0.24319
vt 0.65542 0.26062
vt 0.83083 0.13334
vt 0.83083 0.24327
vt 0.80176 0.04122
vt 0.65556 -0.00246
vt 0.50931 0.04116
vt 0.65616 0.64848
vt 0.64859 0.86858
vt 0.82242 0.6873
vt 0.83177 0.59975
vt 0.4802 0.59968
vt 0.50474 0.69081
vt 0.83177 0.34996
vt 0.6563 0.38361
vt 0.65624 0.49586
vt 0.83177 0.45921
vt 0.4802 0.34987
vt 0.4802 0.45913
vt 0.65642 0.15091
vt 0.4802 0.14068
vt 0.4802 0.25061
vt 0.65636 0.26803
vt 0.83177 0.14076
vt 0.83177 0.25069
vt 0.8027 0.04864
vt 0.65649 0.00495
vt 0.51025 0.04858
vt 0.65522 0.64106
vt 0.47927 0.59226
vt 0.50381 0.68339
vt 0.65536 0.37619
vt 0.6553 0.48844
vt 0.47927 0.34246
vt 0.47927 0.45171
vt 0.47927 0.13327
vt 0.47927 0.24319
vt 0.65556 -0.00246
vt 0.50931 0.04116
vt 0.64859 0.86858
vt 0.4802 0.59968
vt 0.50474 0.69081
vt 0.4802 0.34987
vt 0.4802 0.45913
vt 0.65642 0.15091
vt 0.4802 0.14068
vt 0.4802 0.25061
vt 0.65636 0.26803
vt 0.51025 0.04858
vt 0.64165 0.63729
vt 0.63547 0.80326
vt 0.66237 0.80298
vt 0.66877 0.6373
vt 0.66778 0.48584
vt 0.66706 0.37394
vt 0.64442 0.37409
vt 0.64395 0.48607
vt 0.64378 0.25946
vt 0.66701 0.25947
vt 0.66711 0.14282
vt 0.6438 0.14281
vt 0.6676 0.00113
vt 0.64352 0.00113
vt 0.64361 0.37394
vt 0.64279 0.48583
vt 0.30382 0.65313
vt 0.29626 0.87413
vt 0.46983 0.69211
vt 0.47916 0.60421
vt 0.12813 0.60413
vt 0.15263 0.69564
vt 0.47916 0.35339
vt 0.30395 0.38718
vt 0.3039 0.49989
vt 0.47916 0.46309
vt 0.12813 0.35331
vt 0.12813 0.46301
vt 0.30408 0.15354
vt 0.12813 0.14327
vt 0.12813 0.25364
vt 0.30401 0.27114
vt 0.47916 0.14334
vt 0.47916 0.25372
vt 0.45013 0.05085
vt 0.30415 0.00699
vt 0.15813 0.05079
vt 0.30403 0.65721
vt 0.29647 0.8782
vt 0.47003 0.69619
vt 0.47937 0.60828
vt 0.12834 0.60821
vt 0.15284 0.69971
vt 0.47937 0.35747
vt 0.30416 0.39126
vt 0.30411 0.50397
vt 0.47937 0.46717
vt 0.12834 0.35739
vt 0.12834 0.46709
vt 0.30429 0.15761
vt 0.12834 0.14735
vt 0.12834 0.25771
vt 0.30422 0.27521
vt 0.47937 0.14742
vt 0.47937 0.2578
vt 0.45034 0.05493
vt 0.30436 0.01106
vt 0.15833 0.05487
vt 0.30382 0.65313
vt 0.29626 0.87413
vt 0.12813 0.60413
vt 0.3039 0.49989
vt 0.12813 0.35331
vt 0.12813 0.46301
vt 0.12813 0.14327
vt 0.12813 0.25364
vt 0.30401 0.27114
vt 0.15813 0.05079
vt 0.47003 0.69619
vt 0.47937 0.60828
vt 0.47937 0.35747
vt 0.30416 0.39126
vt 0.47937 0.46717
vt 0.30429 0.15761
vt 0.47937 0.14742
vt 0.47937 0.2578
vt 0.45034 0.05493
vt 0.28768 0.26951
vt 0.2868 0.38388
vt 0.32097 0.3839
vt 0.32073 0.26948
vt 0.32073 0.15257
vt 0.28814 0.15261
vt 0.32058 0.01192
vt 0.28933 0.01143
vt 0.32358 0.64762
vt 0.32214 0.49606
vt 0.28532 0.49599
vt 0.2836 0.6475
vt 0.31774 0.81576
vt 0.27847 0.81618
usemtl mat0
f 1/1/1 2/2/2 3/3/3
f 1/1/1 3/3/3 4/4/4
f 4/4/4 3/3/3 5/5/5
f 4/4/4 5/5/5 6/6/6
f 6/6/6 5/5/5 7/7/7
f 6/6/6 7/7/7 8/8/8
f 8/8/8 7/7/7 9/9/9
f 8/8/8 9/9/9 10/10/10
f 10/10/10 9/9/9 11/11/11
f 10/10/10 11/11/11 12/12/12
f 12/12/12 11/11/11 13/13/13
f 12/12/12 13/13/13 14/14/14
f 15/15/14 16/16/13 17/17/15
f 15/15/14 17/17/15 18/18/16
f 18/18/16 17/17/15 19/19/17
f 18/18/16 19/19/17 20/20/18
f 20/20/18 19/19/17 21/21/19
f 20/20/18 21/21/19 22/22/20
f 22/22/20 21/21/19 23/23/21
f 22/22/20 23/23/21 24/24/22
f 24/24/22 23/23/21 25/25/23
f 24/24/22 25/25/23 26/26/24
f 26/26/24 25/25/23 2/2/2
f 26/26/24 2/2/2 1/1/1
f 9/9/9 27/27/25 28/28/26
f 9/9/9 28/28/26 11/11/11
f 7/7/7 29/29/27 27/27/25
f 7/7/7 27/27/25 9/9/9
f 2/2/2 25/25/23 30/30/28
f 2/2/2 30/30/28 31/31/29
f 2/2/2 31/31/29 32/32/30
f 2/2/2 32/32/30 3/3/3
f 5/5/5 33/33/31 29/29/27
f 5/5/5 29/29/27 7/7/7
f 25/25/23 23/23/21 34/34/32
f 25/25/23 34/34/32 30/30/28
f 3/3/3 32/32/30 33/33/31
f 3/3/3 33/33/31 5/5/5
f 21/21/19 35/35/33 34/34/32
f 21/21/19 34/34/32 23/23/21
f 19/19/17 36/36/34 35/35/33
f 19/19/17 35/35/33 21/21/19
f 17/17/15 37/37/35 36/36/34
f 17/17/15 36/36/34 19/19/17
f 16/16/13 38/38/36 37/37/35
f 16/16/13 37/37/35 17/17/15
f 11/11/11 28/28/26 39/39/36
f 11/11/11 39/39/36 13/13/13
f 40/40/37 41/41/38 42/42/39
f 40/40/37 42/42/39 43/43/40
f 44/44/41 45/45/42 46/46/43
f 44/44/41 46/46/43 47/47/44
f 48/48/45 49/49/46 50/50/47
f 48/48/45 50/50/47 51/51/48
f 43/43/40 42/42/39 52/52/49
f 43/43/40 52/52/49 53/53/50
f 54/54/51 47/47/44 46/46/43
f 54/54/51 46/46/43 55/55/52
f 51/51/48 50/50/47 56/56/53
f 51/51/48 56/56/53 57/57/54
f 53/53/50 52/52/49 58/58/55
f 53/53/50 58/58/55 59/59/56
f 60/60/57 54/54/51 55/55/52
f 60/60/57 55/55/52 61/61/58
f 57/57/54 56/56/53 45/45/42
f 57/57/54 45/45/42 44/44/41
f 59/59/56 58/58/55 62/62/46
f 59/59/56 62/62/46 63/63/45
f 64/64/59 65/65/60 41/41/38
f 64/64/59 41/41/38 40/40/37
f 31/31/29 30/30/28 66/66/61
f 31/31/29 66/66/61 67/67/62
f 32/32/30 68/68/63 69/69/64
f 32/32/30 69/69/64 33/33/31
f 36/36/34 70/70/65 71/71/66
f 36/36/34 71/71/66 35/35/33
f 28/28/26 72/72/67 73/73/68
f 28/28/26 73/73/68 39/39/36
f 33/33/31 69/69/64 74/74/69
f 33/33/31 74/74/69 29/29/27
f 35/35/33 71/71/66 75/75/70
f 35/35/33 75/75/70 34/34/32
f 38/38/36 76/76/68 77/77/71
f 38/38/36 77/77/71 37/37/35
f 29/29/27 74/74/69 78/78/72
f 29/29/27 78/78/72 27/27/25
f 30/30/28 34/34/32 75/75/70
f 30/30/28 75/75/70 66/66/61
f 31/31/29 67/67/62 68/68/63
f 31/31/29 68/68/63 32/32/30
f 37/37/35 77/77/71 70/70/65
f 37/37/35 70/70/65 36/36/34
f 27/27/25 78/78/72 72/72/67
f 27/27/25 72/72/67 28/28/26
f 52/52/49 79/79/73 80/80/74
f 52/52/49 80/80/74 58/58/55
f 61/61/58 55/55/52 81/81/75
f 61/61/58 81/81/75 82/82/76
f 65/65/60 83/83/77 84/84/78
f 65/65/60 84/84/78 41/41/38
f 56/56/53 85/85/79 86/86/80
f 56/56/53 86/86/80 45/45/42
f 58/58/55 80/80/74 87/87/81
f 58/58/55 87/87/81 62/62/46
f 41/41/38 84/84/78 88/88/82
f 41/41/38 88/88/82 42/42/39
f 45/45/42 86/86/80 89/89/83
f 45/45/42 89/89/83 46/46/43
f 49/49/46 90/90/81 91/91/84
f 49/49/46 91/91/84 50/50/47
f 42/42/39 88/88/82 79/79/73
f 42/42/39 79/79/73 52/52/49
f 55/55/52 46/46/43 89/89/83
f 55/55/52 89/89/83 81/81/75
f 61/61/58 82/82/76 83/83/77
f 61/61/58 83/83/77 65/65/60
f 50/50/47 91/91/84 85/85/79
f 50/50/47 85/85/79 56/56/53
f 79/79/73 92/92/85 93/93/86
f 79/79/73 93/93/86 80/80/74
f 82/82/76 81/81/75 94/94/87
f 82/82/76 94/94/87 95/95/88
f 83/83/77 96/96/89 97/97/90
f 83/83/77 97/97/90 84/84/78
f 85/85/79 98/98/91 99/99/92
f 85/85/79 99/99/92 86/86/80
f 80/80/74 93/93/86 100/100/93
f 80/80/74 100/100/93 87/87/81
f 84/84/78 97/97/90 101/101/94
f 84/84/78 101/101/94 88/88/82
f 86/86/80 99/99/92 102/102/95
f 86/86/80 102/102/95 89/89/83
f 90/90/81 103/103/93 104/104/96
f 90/90/81 104/104/96 91/91/84
f 88/88/82 101/101/94 92/92/85
f 88/88/82 92/92/85 79/79/73
f 81/81/75 89/89/83 102/102/95
f 81/81/75 102/102/95 94/94/87
f 82/82/76 95/95/88 96/96/89
f 82/82/76 96/96/89 83/83/77
f 91/91/84 104/104/96 98/98/91
f 91/91/84 98/98/91 85/85/79
f 96/96/89 105/105/97 106/106/98
f 96/96/89 106/106/98 97/97/90
f 98/98/91 107/107/99 108/108/100
f 98/98/91 108/108/100 99/99/92
f 93/93/86 109/109/101 110/110/102
f 93/93/86 110/110/102 100/100/93
f 97/97/90 106/106/98 111/111/103
f 97/97/90 111/111/103 101/101/94
f 99/99/92 108/108/100 112/112/104
f 99/99/92 112/112/104 102/102/95
f 103/103/93 113/113/102 114/114/105
f 103/103/93 114/114/105 104/104/96
f 101/101/94 111/111/103 115/115/106
f 101/101/94 115/115/106 92/92/85
f 94/94/87 102/102/95 112/112/104
f 94/94/87 112/112/104 116/116/107
f 95/95/88 117/117/108 105/105/97
f 95/95/88 105/105/97 96/96/89
f 104/104/96 114/114/105 107/107/99
f 104/104/96 107/107/99 98/98/91
f 92/92/85 115/115/106 109/109/101
f 92/92/85 109/109/101 93/93/86
f 95/95/88 94/94/87 116/116/107
f 95/95/88 116/116/107 117/117/108
f 68/68/63 67/67/62 118/118/57
f 68/68/63 118/118/57 64/64/59
f 69/69/64 68/68/63 64/64/59
f 69/69/64 64/64/59 40/40/37
f 74/74/69 69/69/64 40/40/37
f 74/74/69 40/40/37 43/43/40
f 78/78/72 74/74/69 43/43/40
f 78/78/72 43/43/40 53/53/50
f 72/72/67 78/78/72 53/53/50
f 72/72/67 53/53/50 59/59/56
f 73/73/68 72/72/67 59/59/56
f 73/73/68 59/59/56 63/63/45
f 77/77/71 76/76/68 48/48/45
f 77/77/71 48/48/45 51/51/48
f 70/70/65 77/77/71 51/51/48
f 70/70/65 51/51/48 57/57/54
f 71/71/66 70/70/65 57/57/54
f 71/71/66 57/57/54 44/44/41
f 75/75/70 71/71/66 44/44/41
f 75/75/70 44/44/41 47/47/44
f 66/66/61 75/75/70 47/47/44
f 66/66/61 47/47/44 54/54/51
f 67/67/62 66/66/61 54/54/51
f 67/67/62 54/54/51 60/60/57
f 118/118/57 61/61/58 65/65/60
f 118/118/57 65/65/60 64/64/59
f 119/119/109 120/120/110 121/121/111
f 119/119/109 121/121/111 122/122/112
f 123/123/113 124/124/114 120/120/110
f 123/123/113 120/120/110 119/119/109
f 125/125/115 126/126/116 127/127/117
f 125/125/115 127/127/117 128/128/118
f 126/126/116 129/129/119 130/130/120
f 126/126/116 130/130/120 127/127/117
f 128/128/118 127/127/117 119/119/109
f 128/128/118 119/119/109 122/122/112
f 127/127/117 130/130/120 123/123/113
f 127/127/117 123/123/113 119/119/109
f 131/131/121 132/132/122 133/133/123
f 131/131/121 133/133/123 134/134/124
f 135/135/125 131/131/121 134/134/124
f 135/135/125 134/134/124 136/136/126
f 137/137/127 138/138/128 131/131/121
f 137/137/127 131/131/121 135/135/125
f 138/138/128 139/139/129 132/132/122
f 138/138/128 132/132/122 131/131/121
f 125/125/115 136/136/126 134/134/124
f 125/125/115 134/134/124 126/126/116
f 126/126/116 134/134/124 133/133/123
f 126/126/116 133/133/123 129/129/119
f 140/140/130 141/141/131 142/142/132
f 140/140/130 142/142/132 143/143/133
f 144/144/134 145/145/135 141/141/131
f 144/144/134 141/141/131 140/140/130
f 146/146/136 147/147/137 148/148/138
f 146/146/136 148/148/138 149/149/139
f 147/147/137 150/150/140 151/151/141
f 147/147/137 151/151/141 148/148/138
f 149/149/139 148/148/138 140/140/130
f 149/149/139 140/140/130 143/143/133
f 148/148/138 151/151/141 144/144/134
f 148/148/138 144/144/134 140/140/130
f 152/152/142 153/153/143 154/154/144
f 152/152/142 154/154/144 155/155/145
f 156/156/146 152/152/142 155/155/145
f 156/156/146 155/155/145 157/157/147
f 158/158/148 159/159/149 152/152/142
f 158/158/148 152/152/142 156/156/146
f 159/159/149 160/160/150 153/153/143
f 159/159/149 153/153/143 152/152/142
f 146/146/136 157/157/147 155/155/145
f 146/146/136 155/155/145 147/147/137
f 147/147/137 155/155/145 154/154/144
f 147/147/137 154/154/144 150/150/140
f 161/119/151 162/120/152 163/121/153
f 161/119/151 163/121/153 164/122/154
f 165/123/155 166/124/156 162/120/152
f 165/123/155 162/120/152 161/119/151
f 167/125/157 168/126/158 169/127/159
f 167/125/157 169/127/159 170/128/160
f 168/126/158 171/129/161 172/130/162
f 168/126/158 172/130/162 169/127/159
f 170/128/160 169/127/159 161/119/151
f 170/128/160 161/119/151 164/122/154
f 169/127/159 172/130/162 165/123/155
f 169/127/159 165/123/155 161/119/151
f 173/131/163 174/132/164 175/133/165
f 173/131/163 175/133/165 176/134/166
f 177/135/167 173/131/163 176/134/166
f 177/135/167 176/134/166 178/136/168
f 179/137/169 180/138/170 173/131/163
f 179/137/169 173/131/163 177/135/167
f 180/138/170 181/139/171 174/132/164
f 180/138/170 174/132/164 173/131/163
f 167/125/157 178/136/168 176/134/166
f 167/125/157 176/134/166 168/126/158
f 168/126/158 176/134/166 175/133/165
f 168/126/158 175/133/165 171/129/161
f 182/140/172 183/141/173 184/142/174
f 182/140/172 184/142/174 185/143/175
f 186/144/176 187/145/177 183/141/173
f 186/144/176 183/141/173 182/140/172
f 188/146/178 189/147/179 190/148/180
f 188/146/178 190/148/180 191/149/181
f 189/147/179 192/150/182 193/151/183
f 189/147/179 193/151/183 190/148/180
f 191/149/181 190/148/180 182/140/172
f 191/149/181 182/140/172 185/143/175
f 190/148/180 193/151/183 186/144/176
f 190/148/180 186/144/176 182/140/172
f 194/152/184 195/153/185 196/154/186
f 194/152/184 196/154/186 197/155/187
f 198/156/188 194/152/184 197/155/187
f 198/156/188 197/155/187 199/157/189
f 200/158/190 201/159/191 194/152/184
f 200/158/190 194/152/184 198/156/188
f 201/159/191 202/160/192 195/153/185
f 201/159/191 195/153/185 194/152/184
f 188/146/178 199/157/189 197/155/187
f 188/146/178 197/155/187 189/147/179
f 189/147/179 197/155/187 196/154/186
f 189/147/179 196/154/186 192/150/182
f 203/140/193 204/141/194 205/142/195
f 203/140/193 205/142/195 206/143/196
f 207/144/197 208/145/198 204/141/194
f 207/144/197 204/141/194 203/140/193
f 209/146/199 210/147/200 211/148/201
f 209/146/199 211/148/201 212/149/202
f 210/147/200 213/150/203 214/151/204
f 210/147/200 214/151/204 211/148/201
f 212/149/202 211/148/201 203/140/193
f 212/149/202 203/140/193 206/143/196
f 211/148/201 214/151/204 207/144/197
f 211/148/201 207/144/197 203/140/193
f 215/152/205 216/153/206 217/154/207
f 215/152/205 217/154/207 218/155/208
f 219/156/209 215/152/205 218/155/208
f 219/156/209 218/155/208 220/157/210
f 221/158/211 222/159/212 215/152/205
f 221/158/211 215/152/205 219/156/209
f 222/159/212 223/160/213 216/153/206
f 222/159/212 216/153/206 215/152/205
f 209/146/199 220/157/210 218/155/208
f 209/146/199 218/155/208 210/147/200
f 210/147/200 218/155/208 217/154/207
f 210/147/200 217/154/207 213/150/203
f 224/140/214 225/141/215 226/142/216
f 224/140/214 226/142/216 227/143/217
f 228/144/218 229/145/219 225/141/215
f 228/144/218 225/141/215 224/140/214
f 230/146/220 231/147/221 232/148/222
f 230/146/220 232/148/222 233/149/223
f 231/147/221 234/150/224 235/151/225
f 231/147/221 235/151/225 232/148/222
f 233/149/223 232/148/222 224/140/214
f 233/149/223 224/140/214 227/143/217
f 232/148/222 235/151/225 228/144/218
f 232/148/222 228/144/218 224/140/214
f 236/152/226 237/153/227 238/154/228
f 236/152/226 238/154/228 239/155/229
f 240/156/230 236/152/226 239/155/229
f 240/156/230 239/155/229 241/157/231
f 242/158/232 243/159/233 236/152/226
f 242/158/232 236/152/226 240/156/230
f 243/159/233 244/160/234 237/153/227
f 243/159/233 237/153/227 236/152/226
f 230/146/220 241/157/231 239/155/229
f 230/146/220 239/155/229 231/147/221
f 231/147/221 239/155/229 238/154/228
f 231/147/221 238/154/228 234/150/224
f 245/140/235 246/141/236 247/142/237
f 245/140/235 247/142/237 248/143/238
f 249/144/239 250/145/240 246/141/236
f 249/144/239 246/141/236 245/140/235
f 251/146/241 252/147/242 253/148/243
f 251/146/241 253/148/243 254/149/244
f 252/147/242 255/150/245 256/151/246
f 252/147/242 256/151/246 253/148/243
f 254/149/244 253/148/243 245/140/235
f 254/149/244 245/140/235 248/143/238
f 253/148/243 256/151/246 249/144/239
f 253/148/243 249/144/239 245/140/235
f 257/152/247 258/153/248 259/154/249
f 257/152/247 259/154/249 260/155/250
f 261/156/251 257/152/247 260/155/250
f 261/156/251 260/155/250 262/157/252
f 263/158/253 264/159/254 257/152/247
f 263/158/253 257/152/247 261/156/251
f 264/159/254 265/160/255 258/153/248
f 264/159/254 258/153/248 257/152/247
f 251/146/241 262/157/252 260/155/250
f 251/146/241 260/155/250 252/147/242
f 252/147/242 260/155/250 259/154/249
f 252/147/242 259/154/249 255/150/245
f 266/119/256 267/120/257 268/121/258
f 266/119/256 268/121/258 269/122/259
f 270/123/260 271/124/261 267/120/257
f 270/123/260 267/120/257 266/119/256
f 272/125/262 273/126/263 274/127/264
f 272/125/262 274/127/264 275/128/265
f 273/126/263 276/129/266 277/130/267
f 273/126/263 277/130/267 274/127/264
f 275/128/265 274/127/264 266/119/256
f 275/128/265 266/119/256 269/122/259
f 274/127/264 277/130/267 270/123/260
f 274/127/264 270/123/260 266/119/256
f 278/131/268 279/132/269 280/133/270
f 278/131/268 280/133/270 281/134/271
f 282/135/272 278/131/268 281/134/271
f 282/135/272 281/134/271 283/136/273
f 284/137/274 285/138/275 278/131/268
f 284/137/274 278/131/268 282/135/272
f 285/138/275 286/139/276 279/132/269
f 285/138/275 279/132/269 278/131/268
f 272/125/262 283/136/273 281/134/271
f 272/125/262 281/134/271 273/126/263
f 273/126/263 281/134/271 280/133/270
f 273/126/263 280/133/270 276/129/266
f 287/140/277 288/141/278 289/142/279
f 287/140/277 289/142/279 290/143/280
f 291/144/281 292/145/282 288/141/278
f 291/144/281 288/141/278 287/140/277
f 293/146/283 294/147/284 295/148/285
f 293/146/283 295/148/285 296/149/286
f 294/147/284 297/150/287 298/151/288
f 294/147/284 298/151/288 295/148/285
f 296/149/286 295/148/285 287/140/277
f 296/149/286 287/140/277 290/143/280
f 295/148/285 298/151/288 291/144/281
f 295/148/285 291/144/281 287/140/277
f 299/152/289 300/153/290 301/154/291
f 299/152/289 301/154/291 302/155/292
f 303/156/293 299/152/289 302/155/292
f 303/156/293 302/155/292 304/157/294
f 305/158/295 306/159/296 299/152/289
f 305/158/295 299/152/289 303/156/293
f 306/159/296 307/160/297 300/153/290
f 306/159/296 300/153/290 299/152/289
f 293/146/283 304/157/294 302/155/292
f 293/146/283 302/155/292 294/147/284
f 294/147/284 302/155/292 301/154/291
f 294/147/284 301/154/291 297/150/287
f 308/140/298 309/141/299 310/142/300
f 308/140/298 310/142/300 311/143/301
f 312/144/302 313/145/303 309/141/299
f 312/144/302 309/141/299 308/140/298
f 314/146/304 315/147/305 316/148/306
f 314/146/304 316/148/306 317/149/307
f 315/147/305 318/150/308 319/151/309
f 315/147/305 319/151/309 316/148/306
f 317/149/307 316/148/306 308/140/298
f 317/149/307 308/140/298 311/143/301
f 316/148/306 319/151/309 312/144/302
f 316/148/306 312/144/302 308/140/298
f 320/152/310 321/153/311 322/154/312
f 320/152/310 322/154/312 323/155/313
f 324/156/314 320/152/310 323/155/313
f 324/156/314 323/155/313 325/157/315
f 326/158/316 327/159/317 320/152/310
f 326/158/316 320/152/310 324/156/314
f 327/159/317 328/160/318 321/153/311
f 327/159/317 321/153/311 320/152/310
f 314/146/304 325/157/315 323/155/313
f 314/146/304 323/155/313 315/147/305
f 315/147/305 323/155/313 322/154/312
f 315/147/305 322/154/312 318/150/308
f 329/119/319 330/120/320 331/121/321
f 329/119/319 331/121/321 332/122/322
f 333/123/323 334/124/324 330/120/320
f 333/123/323 330/120/320 329/119/319
f 335/125/325 336/126/326 337/127/327
f 335/125/325 337/127/327 338/128/328
f 336/126/326 339/129/329 340/130/330
f 336/126/326 340/130/330 337/127/327
f 338/128/328 337/127/327 329/119/319
f 338/128/328 329/119/319 332/122/322
f 337/127/327 340/130/330 333/123/323
f 337/127/327 333/123/323 329/119/319
f 341/131/331 342/132/332 343/133/333
f 341/131/331 343/133/333 344/134/334
f 345/135/335 341/131/331 344/134/334
f 345/135/335 344/134/334 346/136/336
f 347/137/337 348/138/338 341/131/331
f 347/137/337 341/131/331 345/135/335
f 348/138/338 349/139/339 342/132/332
f 348/138/338 342/132/332 341/131/331
f 335/125/325 346/136/336 344/134/334
f 335/125/325 344/134/334 336/126/326
f 336/126/326 344/134/334 343/133/333
f 336/126/326 343/133/333 339/129/329
f 350/140/340 351/141/341 352/142/342
f 350/140/340 352/142/342 353/143/343
f 354/144/344 355/145/345 351/141/341
f 354/144/344 351/141/341 350/140/340
f 356/146/346 357/147/347 358/148/348
f 356/146/346 358/148/348 359/149/349
f 357/147/347 360/150/350 361/151/351
f 357/147/347 361/151/351 358/148/348
f 359/149/349 358/148/348 350/140/340
f 359/149/349 350/140/340 353/143/343
f 358/148/348 361/151/351 354/144/344
f 358/148/348 354/144/344 350/140/340
f 362/152/352 363/153/353 364/154/354
f 362/152/352 364/154/354 365/155/355
f 366/156/356 362/152/352 365/155/355
f 366/156/356 365/155/355 367/157/357
f 368/158/358 369/159/359 362/152/352
f 368/158/358 362/152/352 366/156/356
f 369/159/359 370/160/360 363/153/353
f 369/159/359 363/153/353 362/152/352
f 356/146/346 367/157/357 365/155/355
f 356/146/346 365/155/355 357/147/347
f 357/147/347 365/155/355 364/154/354
f 357/147/347 364/154/354 360/150/350
f 371/161/361 372/120/362 373/121/363
f 371/161/361 373/121/363 374/122/364
f 375/162/365 376/163/366 372/120/362
f 375/162/365 372/120/362 371/161/361
f 377/125/367 378/164/368 379/165/369
f 377/125/367 379/165/369 380/128/370
f 378/164/368 381/166/371 382/167/372
f 378/164/368 382/167/372 379/165/369
f 380/128/370 379/165/369 371/161/361
f 380/128/370 371/161/361 374/122/364
f 379/165/369 382/167/372 375/162/365
f 379/165/369 375/162/365 371/161/361
f 383/131/373 384/168/374 385/169/375
f 383/131/373 385/169/375 386/134/376
f 387/135/377 383/131/373 386/134/376
f 387/135/377 386/134/376 388/136/378
f 389/137/379 390/170/380 383/131/373
f 389/137/379 383/131/373 387/135/377
f 390/170/380 391/171/381 384/168/374
f 390/170/380 384/168/374 383/131/373
f 377/125/367 388/136/378 386/134/376
f 377/125/367 386/134/376 378/164/368
f 378/164/368 386/134/376 385/169/375
f 378/164/368 385/169/375 381/166/371
f 392/140/382 393/172/383 394/142/384
f 392/140/382 394/142/384 395/143/385
f 396/173/386 397/174/387 393/172/383
f 396/173/386 393/172/383 392/140/382
f 398/146/388 399/147/389 400/148/390
f 398/146/388 400/148/390 401/149/391
f 399/147/389 402/175/392 403/176/393
f 399/147/389 403/176/393 400/148/390
f 401/149/391 400/148/390 392/140/382
f 401/149/391 392/140/382 395/143/385
f 400/148/390 403/176/393 396/173/386
f 400/148/390 396/173/386 392/140/382
f 404/177/394 405/178/395 406/179/396
f 404/177/394 406/179/396 407/180/397
f 408/156/398 404/177/394 407/180/397
f 408/156/398 407/180/397 409/157/399
f 410/158/400 411/159/401 404/177/394
f 410/158/400 404/177/394 408/156/398
f 411/159/401 412/181/402 405/178/395
f 411/159/401 405/178/395 404/177/394
f 398/146/388 409/157/399 407/180/397
f 398/146/388 407/180/397 399/147/389
f 399/147/389 407/180/397 406/179/396
f 399/147/389 406/179/396 402/175/392
f 413/161/403 414/120/404 415/121/405
f 413/161/403 415/121/405 416/122/406
f 417/162/407 418/163/408 414/120/404
f 417/162/407 414/120/404 413/161/403
f 419/125/409 420/164/410 421/165/411
f 419/125/409 421/165/411 422/128/412
f 420/164/410 423/166/413 424/167/414
f 420/164/410 424/167/414 421/165/411
f 422/128/412 421/165/411 413/161/403
f 422/128/412 413/161/403 416/122/406
f 421/165/411 424/167/414 417/162/407
f 421/165/411 417/162/407 413/161/403
f 425/131/415 426/168/416 427/169/417
f 425/131/415 427/169/417 428/134/418
f 429/135/419 425/131/415 428/134/418
f 429/135/419 428/134/418 430/136/420
f 431/137/421 432/170/422 425/131/415
f 431/137/421 425/131/415 429/135/419
f 432/170/422 433/171/423 426/168/416
f 432/170/422 426/168/416 425/131/415
f 419/125/409 430/136/420 428/134/418
f 419/125/409 428/134/418 420/164/410
f 420/164/410 428/134/418 427/169/417
f 420/164/410 427/169/417 423/166/413
f 434/140/424 435/172/425 436/142/426
f 434/140/424 436/142/426 437/143/427
f 438/173/428 439/174/429 435/172/425
f 438/173/428 435/172/425 434/140/424
f 440/146/430 441/147/431 442/148/432
f 440/146/430 442/148/432 443/149/433
f 441/147/431 444/175/434 445/176/435
f 441/147/431 445/176/435 442/148/432
f 443/149/433 442/148/432 434/140/424
f 443/149/433 434/140/424 437/143/427
f 442/148/432 445/176/435 438/173/428
f 442/148/432 438/173/428 434/140/424
f 446/177/436 447/178/437 448/179/438
f 446/177/436 448/179/438 449/180/439
f 450/156/440 446/177/436 449/180/439
f 450/156/440 449/180/439 451/157/441
f 452/158/442 453/159/443 446/177/436
f 452/158/442 446/177/436 450/156/440
f 453/159/443 454/181/444 447/178/437
f 453/159/443 447/178/437 446/177/436
f 440/146/430 451/157/441 449/180/439
f 440/146/430 449/180/439 441/147/431
f 441/147/431 449/180/439 448/179/438
f 441/147/431 448/179/438 444/175/434
f 455/140/445 456/172/446 457/142/447
f 455/140/445 457/142/447 458/143/448
f 459/173/449 460/174/450 456/172/446
f 459/173/449 456/172/446 455/140/445
f 461/146/451 462/147/452 463/148/453
f 461/146/451 463/148/453 464/149/454
f 462/147/452 465/175/455 466/176/456
f 462/147/452 466/176/456 463/148/453
f 464/149/454 463/148/453 455/140/445
f 464/149/454 455/140/445 458/143/448
f 463/148/453 466/176/456 459/173/449
f 463/148/453 459/173/449 455/140/445
f 467/177/457 468/178/458 469/179/459
f 467/177/457 469/179/459 470/180/460
f 471/156/461 467/177/457 470/180/460
f 471/156/461 470/180/460 472/157/462
f 473/158/463 474/159/464 467/177/457
f 473/158/463 467/177/457 471/156/461
f 474/159/464 475/181/465 468/178/458
f 474/159/464 468/178/458 467/177/457
f 461/146/451 472/157/462 470/180/460
f 461/146/451 470/180/460 462/147/452
f 462/147/452 470/180/460 469/179/459
f 462/147/452 469/179/459 465/175/455
f 476/140/466 477/172/467 478/142/468
f 476/140/466 478/142/468 479/143/469
f 480/173/470 481/174/471 477/172/467
f 480/173/470 477/172/467 476/140/466
f 482/146/472 483/147/473 484/148/474
f 482/146/472 484/148/474 485/149/475
f 483/147/473 486/175/476 487/176/477
f 483/147/473 487/176/477 484/148/474
f 485/149/475 484/148/474 476/140/466
f 485/149/475 476/140/466 479/143/469
f 484/148/474 487/176/477 480/173/470
f 484/148/474 480/173/470 476/140/466
f 488/177/478 489/178/479 490/179/480
f 488/177/478 490/179/480 491/180/481
f 492/156/482 488/177/478 491/180/481
f 492/156/482 491/180/481 493/157/483
f 494/158/484 495/159/485 488/177/478
f 494/158/484 488/177/478 492/156/482
f 495/159/485 496/181/486 489/178/479
f 495/159/485 489/178/479 488/177/478
f 482/146/472 493/157/483 491/180/481
f 482/146/472 491/180/481 483/147/473
f 483/147/473 491/180/481 490/179/480
f 483/147/473 490/179/480 486/175/476
f 497/140/487 498/172/488 499/142/489
f 497/140/487 499/142/489 500/143/490
f 501/173/491 502/174/492 498/172/488
f 501/173/491 498/172/488 497/140/487
f 503/146/493 504/147/494 505/148/495
f 503/146/493 505/148/495 506/149/496
f 504/147/494 507/175/497 508/176/498
f 504/147/494 508/176/498 505/148/495
f 506/149/496 505/148/495 497/140/487
f 506/149/496 497/140/487 500/143/490
f 505/148/495 508/176/498 501/173/491
f 505/148/495 501/173/491 497/140/487
f 509/177/499 510/178/500 511/179/501
f 509/177/499 511/179/501 512/180/502
f 513/156/503 509/177/499 512/180/502
f 513/156/503 512/180/502 514/157/504
f 515/158/505 516/159/506 509/177/499
f 515/158/505 509/177/499 513/156/503
f 516/159/506 517/181/507 510/178/500
f 516/159/506 510/178/500 509/177/499
f 503/146/493 514/157/504 512/180/502
f 503/146/493 512/180/502 504/147/494
f 504/147/494 512/180/502 511/179/501
f 504/147/494 511/179/501 507/175/497
f 518/161/508 519/120/509 520/121/510
f 518/161/508 520/121/510 521/122/511
f 522/162/512 523/163/513 519/120/509
f 522/162/512 519/120/509 518/161/508
f 524/125/514 525/164/515 526/165/516
f 524/125/514 526/165/516 527/128/517
f 525/164/515 528/166/518 529/167/519
f 525/164/515 529/167/519 526/165/516
f 527/128/517 526/165/516 518/161/508
f 527/128/517 518/161/508 521/122/511
f 526/165/516 529/167/519 522/162/512
f 526/165/516 522/162/512 518/161/508
f 530/131/520 531/168/521 532/169/522
f 530/131/520 532/169/522 533/134/523
f 534/135/524 530/131/520 533/134/523
f 534/135/524 533/134/523 535/136/525
f 536/137/526 537/170/527 530/131/520
f 536/137/526 530/131/520 534/135/524
f 537/170/527 538/171/528 531/168/521
f 537/170/527 531/168/521 530/131/520
f 524/125/514 535/136/525 533/134/523
f 524/125/514 533/134/523 525/164/515
f 525/164/515 533/134/523 532/169/522
f 525/164/515 532/169/522 528/166/518
f 539/140/529 540/172/530 541/142/531
f 539/140/529 541/142/531 542/143/532
f 543/173/533 544/174/534 540/172/530
f 543/173/533 540/172/530 539/140/529
f 545/146/535 546/147/536 547/148/537
f 545/146/535 547/148/537 548/149/538
f 546/147/536 549/175/539 550/176/540
f 546/147/536 550/176/540 547/148/537
f 548/149/538 547/148/537 539/140/529
f 548/149/538 539/140/529 542/143/532
f 547/148/537 550/176/540 543/173/533
f 547/148/537 543/173/533 539/140/529
f 551/177/541 552/178/542 553/179/543
f 551/177/541 553/179/543 554/180/544
f 555/156/545 551/177/541 554/180/544
f 555/156/545 554/180/544 556/157/546
f 557/158/547 558/159/548 551/177/541
f 557/158/547 551/177/541 555/156/545
f 558/159/548 559/181/549 552/178/542
f 558/159/548 552/178/542 551/177/541
f 545/146/535 556/157/546 554/180/544
f 545/146/535 554/180/544 546/147/536
f 546/147/536 554/180/544 553/179/543
f 546/147/536 553/179/543 549/175/539
f 560/140/550 561/172/551 562/142/552
f 560/140/550 562/142/552 563/143/553
f 564/173/554 565/174/555 561/172/551
f 564/173/554 561/172/551 560/140/550
f 566/146/556 567/147/557 568/148/558
f 566/146/556 568/148/558 569/149/559
f 567/147/557 570/175/560 571/176/561
f 567/147/557 571/176/561 568/148/558
f 569/149/559 568/148/558 560/140/550
f 569/149/559 560/140/550 563/143/553
f 568/148/558 571/176/561 564/173/554
f 568/148/558 564/173/554 560/140/550
f 572/177/562 573/178/563 574/179/564
f 572/177/562 574/179/564 575/180/565
f 576/156/566 572/177/562 575/180/565
f 576/156/566 575/180/565 577/157/567
f 578/158/568 579/159/569 572/177/562
f 578/158/568 572/177/562 576/156/566
f 579/159/569 580/181/570 573/178/563
f 579/159/569 573/178/563 572/177/562
f 566/146/556 577/157/567 575/180/565
f 566/146/556 575/180/565 567/147/557
f 567/147/557 575/180/565 574/179/564
f 567/147/557 574/179/564 570/175/560
f 581/161/571 582/120/572 583/121/573
f 581/161/571 583/121/573 584/122/574
f 585/162/575 586/163/576 582/120/572
f 585/162/575 582/120/572 581/161/571
f 587/125/577 588/164/578 589/165/579
f 587/125/577 589/165/579 590/128/580
f 588/164/578 591/166/581 592/167/582
f 588/164/578 592/167/582 589/165/579
f 590/128/580 589/165/579 581/161/571
f 590/128/580 581/161/571 584/122/574
f 589/165/579 592/167/582 585/162/575
f 589/165/579 585/162/575 581/161/571
f 593/131/583 594/168/584 595/169/585
f 593/131/583 595/169/585 596/134/586
f 597/135/587 593/131/583 596/134/586
f 597/135/587 596/134/586 598/136/588
f 599/137/589 600/170/590 593/131/583
f 599/137/589 593/131/583 597/135/587
f 600/170/590 601/171/591 594/168/584
f 600/170/590 594/168/584 593/131/583
f 587/125/577 598/136/588 596/134/586
f 587/125/577 596/134/586 588/164/578
f 588/164/578 596/134/586 595/169/585
f 588/164/578 595/169/585 591/166/581
f 602/140/592 603/172/593 604/142/594
f 602/140/592 604/142/594 605/143/595
f 606/173/596 607/174/597 603/172/593
f 606/173/596 603/172/593 602/140/592
f 608/146/598 609/147/599 610/148/600
f 608/146/598 610/148/600 611/149/601
f 609/147/599 612/175/602 613/176/603
f 609/147/599 613/176/603 610/148/600
f 611/149/601 610/148/600 602/140/592
f 611/149/601 602/140/592 605/143/595
f 610/148/600 613/176/603 606/173/596
f 610/148/600 606/173/596 602/140/592
f 614/177/604 615/178/605 616/179/606
f 614/177/604 616/179/606 617/180/607
f 618/156/608 614/177/604 617/180/607
f 618/156/608 617/180/607 619/157/609
f 620/158/610 621/159/611 614/177/604
f 620/158/610 614/177/604 618/156/608
f 621/159/611 622/181/612 615/178/605
f 621/159/611 615/178/605 614/177/604
f 608/146/598 619/157/609 617/180/607
f 608/146/598 617/180/607 609/147/599
f 609/147/599 617/180/607 616/179/606
f 609/147/599 616/179/606 612/175/602
f 623/161/613 624/120/614 625/121/615
f 623/161/613 625/121/615 626/122/616
f 627/162/617 628/163/618 624/120/614
f 627/162/617 624/120/614 623/161/613
f 629/125/619 630/164/620 631/165/621
f 629/125/619 631/165/621 632/128/622
f 630/164/620 633/166/623 634/167/624
f 630/164/620 634/167/624 631/165/621
f 632/128/622 631/165/621 623/161/613
f 632/128/622 623/161/613 626/122/616
f 631/165/621 634/167/624 627/162/617
f 631/165/621 627/162/617 623/161/613
f 635/131/625 636/168/626 637/169/627
f 635/131/625 637/169/627 638/134/628
f 639/135/629 635/131/625 638/134/628
f 639/135/629 638/134/628 640/136/630
f 641/137/631 642/170/632 635/131/625
f 641/137/631 635/131/625 639/135/629
f 642/170/632 643/171/633 636/168/626
f 642/170/632 636/168/626 635/131/625
f 629/125/619 640/136/630 638/134/628
f 629/125/619 638/134/628 630/164/620
f 630/164/620 638/134/628 637/169/627
f 630/164/620 637/169/627 633/166/623
f 644/161/634 645/120/635 646/121/636
f 644/161/634 646/121/636 647/122/637
f 648/162/638 649/163/639 645/120/635
f 648/162/638 645/120/635 644/161/634
f 650/125/640 651/164/641 652/165/642
f 650/125/640 652/165/642 653/128/643
f 651/164/641 654/166/644 655/167/645
f 651/164/641 655/167/645 652/165/642
f 653/128/643 652/165/642 644/161/634
f 653/128/643 644/161/634 647/122/637
f 652/165/642 655/167/645 648/162/638
f 652/165/642 648/162/638 644/161/634
f 656/131/646 657/168/647 658/169/648
f 656/131/646 658/169/648 659/134/649
f 660/135/650 656/131/646 659/134/649
f 660/135/650 659/134/649 661/136/651
f 662/137/652 663/170/653 656/131/646
f 662/137/652 656/131/646 660/135/650
f 663/170/653 664/171/654 657/168/647
f 663/170/653 657/168/647 656/131/646
f 650/125/640 661/136/651 659/134/649
f 650/125/640 659/134/649 651/164/641
f 651/164/641 659/134/649 658/169/648
f 651/164/641 658/169/648 654/166/644
f 665/161/655 666/120/656 667/121/657
f 665/161/655 667/121/657 668/122/658
f 669/162/659 670/163/660 666/120/656
f 669/162/659 666/120/656 665/161/655
f 671/125/661 672/164/662 673/165/663
f 671/125/661 673/165/663 674/128/664
f 672/164/662 675/166/665 676/167/666
f 672/164/662 676/167/666 673/165/663
f 674/128/664 673/165/663 665/161/655
f 674/128/664 665/161/655 668/122/658
f 673/165/663 676/167/666 669/162/659
f 673/165/663 669/162/659 665/161/655
f 677/131/667 678/168/668 679/169/669
f 677/131/667 679/169/669 680/134/670
f 681/135/671 677/131/667 680/134/670
f 681/135/671 680/134/670 682/136/672
f 683/137/673 684/170/674 677/131/667
f 683/137/673 677/131/667 681/135/671
f 684/170/674 685/171/675 678/168/668
f 684/170/674 678/168/668 677/131/667
f 671/125/661 682/136/672 680/134/670
f 671/125/661 680/134/670 672/164/662
f 672/164/662 680/134/670 679/169/669
f 672/164/662 679/169/669 675/166/665
f 686/161/676 687/120/677 688/121/678
f 686/161/676 688/121/678 689/122/679
f 690/162/680 691/163/681 687/120/677
f 690/162/680 687/120/677 686/161/676
f 692/125/682 693/164/683 694/165/684
f 692/125/682 694/165/684 695/128/685
f 693/164/683 696/166/686 697/167/687
f 693/164/683 697/167/687 694/165/684
f 695/128/685 694/165/684 686/161/676
f 695/128/685 686/161/676 689/122/679
f 694/165/684 697/167/687 690/162/680
f 694/165/684 690/162/680 686/161/676
f 698/131/688 699/168/689 700/169/690
f 698/131/688 700/169/690 701/134/691
f 702/135/692 698/131/688 701/134/691
f 702/135/692 701/134/691 703/136/693
f 704/137/694 705/170/695 698/131/688
f 704/137/694 698/131/688 702/135/692
f 705/170/695 706/171/696 699/168/689
f 705/170/695 699/168/689 698/131/688
f 692/125/682 703/136/693 701/134/691
f 692/125/682 701/134/691 693/164/683
f 693/164/683 701/134/691 700/169/690
f 693/164/683 700/169/690 696/166/686
f 707/161/697 708/120/698 709/121/699
f 707/161/697 709/121/699 710/122/700
f 711/162/701 712/163/702 708/120/698
f 711/162/701 708/120/698 707/161/697
f 713/125/703 714/164/704 715/165/705
f 713/125/703 715/165/705 716/128/706
f 714/164/704 717/166/707 718/167/708
f 714/164/704 718/167/708 715/165/705
f 716/128/706 715/165/705 707/161/697
f 716/128/706 707/161/697 710/122/700
f 715/165/705 718/167/708 711/162/701
f 715/165/705 711/162/701 707/161/697
f 719/131/709 720/168/710 721/169/711
f 719/131/709 721/169/711 722/134/712
f 723/135/713 719/131/709 722/134/712
f 723/135/713 722/134/712 724/136/714
f 725/137/715 726/170/716 719/131/709
f 725/137/715 719/131/709 723/135/713
f 726/170/716 727/171/717 720/168/710
f 726/170/716 720/168/710 719/131/709
f 713/125/703 724/136/714 722/134/712
f 713/125/703 722/134/712 714/164/704
f 714/164/704 722/134/712 721/169/711
f 714/164/704 721/169/711 717/166/707
f 728/182/718 729/183/719 730/184/720
f 728/182/718 730/184/720 731/185/721
f 732/186/722 733/187/723 734/188/724
f 732/186/722 734/188/724 735/189/725
f 736/190/726 734/188/724 733/187/723
f 736/190/726 733/187/723 737/191/727
f 737/191/727 738/192/728 739/193/729
f 737/191/727 739/193/729 736/190/726
f 738/192/728 740/194/730 741/195/731
f 738/192/728 741/195/731 739/193/729
f 735/189/725 728/182/718 731/185/721
f 735/189/725 731/185/721 732/186/722
f 730/184/720 742/121/732 743/122/733
f 730/184/720 743/122/733 731/185/721
f 744/163/734 729/183/719 728/182/718
f 744/163/734 728/182/718 745/162/735
f 733/187/723 732/186/722 746/128/736
f 733/187/723 746/128/736 747/125/737
f 748/166/738 749/167/739 735/189/725
f 748/166/738 735/189/725 734/188/724
f 732/186/722 731/185/721 743/122/733
f 732/186/722 743/122/733 746/128/736
f 749/167/739 745/162/735 728/182/718
f 749/167/739 728/182/718 735/189/725
f 750/168/740 751/169/741 736/190/726
f 750/168/740 736/190/726 739/193/729
f 738/192/728 737/191/727 752/136/742
f 738/192/728 752/136/742 753/135/743
f 740/194/730 738/192/728 753/135/743
f 740/194/730 753/135/743 754/137/744
f 755/171/745 750/168/740 739/193/729
f 755/171/745 739/193/729 741/195/731
f 752/136/742 737/191/727 733/187/723
f 752/136/742 733/187/723 747/125/737
f 736/190/726 751/169/741 748/166/738
f 736/190/726 748/166/738 734/188/724
f 756/190/746 757/196/747 758/187/748
f 756/190/746 758/187/748 759/191/749
f 759/191/749 760/192/750 761/193/751
f 759/191/749 761/193/751 756/190/746
f 760/192/750 762/194/752 763/195/753
f 760/192/750 763/195/753 761/193/751
f 764/197/754 765/182/755 766/185/756
f 764/197/754 766/185/756 767/186/757
f 768/184/758 766/185/756 765/182/755
f 768/184/758 765/182/755 769/183/759
f 767/186/757 758/187/748 757/196/747
f 767/186/757 757/196/747 764/197/754
f 768/184/758 770/121/760 771/122/761
f 768/184/758 771/122/761 766/185/756
f 772/163/762 769/183/759 765/182/755
f 772/163/762 765/182/755 773/162/763
f 758/187/748 767/186/757 774/128/764
f 758/187/748 774/128/764 775/125/765
f 776/166/766 777/167/767 764/197/754
f 776/166/766 764/197/754 757/196/747
f 767/186/757 766/185/756 771/122/761
f 767/186/757 771/122/761 774/128/764
f 777/167/767 773/162/763 765/182/755
f 777/167/767 765/182/755 764/197/754
f 778/168/768 779/169/769 756/190/746
f 778/168/768 756/190/746 761/193/751
f 760/192/750 759/191/749 780/136/770
f 760/192/750 780/136/770 781/135/771
f 762/194/752 760/192/750 781/135/771
f 762/194/752 781/135/771 782/137/772
f 783/171/773 778/168/768 761/193/751
f 783/171/773 761/193/751 763/195/753
f 780/136/770 759/191/749 758/187/748
f 780/136/770 758/187/748 775/125/765
f 756/190/746 779/169/769 776/166/766
f 756/190/746 776/166/766 757/196/747
f 784/161/774 785/120/775 786/121/776
f 784/161/774 786/121/776 787/122/777
f 788/162/778 789/163/779 785/120/775
f 788/162/778 785/120/775 784/161/774
f 790/125/780 791/164/781 792/165/782
f 790/125/780 792/165/782 793/128/783
f 791/164/781 794/166/784 795/167/785
f 791/164/781 795/167/785 792/165/782
f 793/128/783 792/165/782 784/161/774
f 793/128/783 784/161/774 787/122/777
f 792/165/782 795/167/785 788/162/778
f 792/165/782 788/162/778 784/161/774
f 796/131/786 797/168/787 798/169/788
f 796/131/786 798/169/788 799/134/789
f 800/135/790 796/131/786 799/134/789
f 800/135/790 799/134/789 801/136/791
f 802/137/792 803/170/793 796/131/786
f 802/137/792 796/131/786 800/135/790
f 803/170/793 804/171/794 797/168/787
f 803/170/793 797/168/787 796/131/786
f 790/125/780 801/136/791 799/134/789
f 790/125/780 799/134/789 791/164/781
f 791/164/781 799/134/789 798/169/788
f 791/164/781 798/169/788 794/166/784
f 805/161/795 806/120/796 807/121/797
f 805/161/795 807/121/797 808/122/798
f 809/162/799 810/163/800 806/120/796
f 809/162/799 806/120/796 805/161/795
f 811/125/801 812/164/802 813/165/803
f 811/125/801 813/165/803 814/128/804
f 812/164/802 815/166/805 816/167/806
f 812/164/802 816/167/806 813/165/803
f 814/128/804 813/165/803 805/161/795
f 814/128/804 805/161/795 808/122/798
f 813/165/803 816/167/806 809/162/799
f 813/165/803 809/162/799 805/161/795
f 817/131/807 818/168/808 819/169/809
f 817/131/807 819/169/809 820/134/810
f 821/135/811 817/131/807 820/134/810
f 821/135/811 820/134/810 822/136/812
f 823/137/813 824/170/814 817/131/807
f 823/137/813 817/131/807 821/135/811
f 824/170/814 825/171/815 818/168/808
f 824/170/814 818/168/808 817/131/807
f 811/125/801 822/136/812 820/134/810
f 811/125/801 820/134/810 812/164/802
f 812/164/802 820/134/810 819/169/809
f 812/164/802 819/169/809 815/166/805
f 826/161/816 827/120/817 828/121/818
f 826/161/816 828/121/818 829/122/819
f 830/162/820 831/163/821 827/120/817
f 830/162/820 827/120/817 826/161/816
f 832/125/822 833/164/823 834/165/824
f 832/125/822 834/165/824 835/128/825
f 833/164/823 836/166/826 837/167/827
f 833/164/823 837/167/827 834/165/824
f 835/128/825 834/165/824 826/161/816
f 835/128/825 826/161/816 829/122/819
f 834/165/824 837/167/827 830/162/820
f 834/165/824 830/162/820 826/161/816
f 838/131/828 839/168/829 840/169/830
f 838/131/828 840/169/830 841/134/831
f 842/135/832 838/131/828 841/134/831
f 842/135/832 841/134/831 843/136/833
f 844/137/834 845/170/835 838/131/828
f 844/137/834 838/131/828 842/135/832
f 845/170/835 846/171/836 839/168/829
f 845/170/835 839/168/829 838/131/828
f 832/125/822 843/136/833 841/134/831
f 832/125/822 841/134/831 833/164/823
f 833/164/823 841/134/831 840/169/830
f 833/164/823 840/169/830 836/166/826
f 847/161/837 848/120/838 849/121/839
f 847/161/837 849/121/839 850/122/840
f 851/162/841 852/163/842 848/120/838
f 851/162/841 848/120/838 847/161/837
f 853/125/843 854/164/844 855/165/845
f 853/125/843 855/165/845 856/128/846
f 854/164/844 857/166/847 858/167/848
f 854/164/844 858/167/848 855/165/845
f 856/128/846 855/165/845 847/161/837
f 856/128/846 847/161/837 850/122/840
f 855/165/845 858/167/848 851/162/841
f 855/165/845 851/162/841 847/161/837
f 859/131/849 860/168/850 861/169/851
f 859/131/849 861/169/851 862/134/852
f 863/135/853 859/131/849 862/134/852
f 863/135/853 862/134/852 864/136/854
f 865/137/855 866/170/856 859/131/849
f 865/137/855 859/131/849 863/135/853
f 866/170/856 867/171/857 860/168/850
f 866/170/856 860/168/850 859/131/849
f 853/125/843 864/136/854 862/134/852
f 853/125/843 862/134/852 854/164/844
f 854/164/844 862/134/852 861/169/851
f 854/164/844 861/169/851 857/166/847
f 868/161/858 869/120/859 870/121/860
f 868/161/858 870/121/860 871/122/861
f 872/162/862 873/163/863 869/120/859
f 872/162/862 869/120/859 868/161/858
f 874/125/864 875/164/865 876/165/866
f 874/125/864 876/165/866 877/128/867
f 875/164/865 878/166/868 879/167/869
f 875/164/865 879/167/869 876/165/866
f 877/128/867 876/165/866 868/161/858
f 877/128/867 868/161/858 871/122/861
f 876/165/866 879/167/869 872/162/862
f 876/165/866 872/162/862 868/161/858
f 880/131/870 881/168/871 882/169/872
f 880/131/870 882/169/872 883/134/873
f 884/135/874 880/131/870 883/134/873
f 884/135/874 883/134/873 885/136/875
f 886/137/876 887/170/877 880/131/870
f 886/137/876 880/131/870 884/135/874
f 887/170/877 888/171/878 881/168/871
f 887/170/877 881/168/871 880/131/870
f 874/125/864 885/136/875 883/134/873
f 874/125/864 883/134/873 875/164/865
f 875/164/865 883/134/873 882/169/872
f 875/164/865 882/169/872 878/166/868
f 889/161/879 890/120/880 891/121/881
f 889/161/879 891/121/881 892/122/882
f 893/162/883 894/163/884 890/120/880
f 893/162/883 890/120/880 889/161/879
f 895/125/885 896/164/886 897/165/887
f 895/125/885 897/165/887 898/128/888
f 896/164/886 899/166/889 900/167/890
f 896/164/886 900/167/890 897/165/887
f 898/128/888 897/165/887 889/161/879
f 898/128/888 889/161/879 892/122/882
f 897/165/887 900/167/890 893/162/883
f 897/165/887 893/162/883 889/161/879
f 901/131/891 902/168/892 903/169/893
f 901/131/891 903/169/893 904/134/894
f 905/135/895 901/131/891 904/134/894
f 905/135/895 904/134/894 906/136/896
f 907/137/897 908/170/898 901/131/891
f 907/137/897 901/131/891 905/135/895
f 908/170/898 909/171/899 902/168/892
f 908/170/898 902/168/892 901/131/891
f 895/125/885 906/136/896 904/134/894
f 895/125/885 904/134/894 896/164/886
f 896/164/886 904/134/894 903/169/893
f 896/164/886 903/169/893 899/166/889
f 910/198/900 911/199/901 912/200/902
f 910/198/900 912/200/902 913/201/903
f 914/202/904 915/203/905 911/199/901
f 914/202/904 911/199/901 910/198/900
f 916/204/906 917/205/907 918/206/908
f 916/204/906 918/206/908 919/207/909
f 917/205/907 920/208/910 921/209/911
f 917/205/907 921/209/911 918/206/908
f 919/207/909 918/206/908 910/198/900
f 919/207/909 910/198/900 913/201/903
f 918/206/908 921/209/911 914/202/904
f 918/206/908 914/202/904 910/198/900
f 922/210/912 923/211/913 924/212/914
f 922/210/912 924/212/914 925/213/915
f 926/214/916 922/210/912 925/213/915
f 926/214/916 925/213/915 927/215/917
f 928/216/918 929/217/919 922/210/912
f 928/216/918 922/210/912 926/214/916
f 929/217/919 930/218/920 923/211/913
f 929/217/919 923/211/913 922/210/912
f 916/204/906 927/215/917 925/213/915
f 916/204/906 925/213/915 917/205/907
f 917/205/907 925/213/915 924/212/914
f 917/205/907 924/212/914 920/208/910
f 931/198/921 932/199/922 933/200/923
f 931/198/921 933/200/923 934/201/924
f 935/202/925 936/203/926 932/199/922
f 935/202/925 932/199/922 931/198/921
f 937/204/927 938/205/928 939/206/929
f 937/204/927 939/206/929 940/207/930
f 938/205/928 941/208/931 942/209/932
f 938/205/928 942/209/932 939/206/929
f 940/207/930 939/206/929 931/198/921
f 940/207/930 931/198/921 934/201/924
f 939/206/929 942/209/932 935/202/925
f 939/206/929 935/202/925 931/198/921
f 943/210/933 944/211/934 945/212/935
f 943/210/933 945/212/935 946/213/936
f 947/214/937 943/210/933 946/213/936
f 947/214/937 946/213/936 948/215/938
f 949/216/939 950/217/940 943/210/933
f 949/216/939 943/210/933 947/214/937
f 950/217/940 951/218/941 944/211/934
f 950/217/940 944/211/934 943/210/933
f 937/204/927 948/215/938 946/213/936
f 937/204/927 946/213/936 938/205/928
f 938/205/928 946/213/936 945/212/935
f 938/205/928 945/212/935 941/208/931
f 952/219/942 953/220/943 954/221/944
f 952/219/942 954/221/944 955/222/945
f 956/223/946 957/224/947 953/220/943
f 956/223/946 953/220/943 952/219/942
f 958/225/948 959/226/949 960/227/950
f 958/225/948 960/227/950 961/228/951
f 959/226/949 962/229/952 963/230/953
f 959/226/949 963/230/953 960/227/950
f 961/228/951 960/227/950 952/219/942
f 961/228/951 952/219/942 955/222/945
f 960/227/950 963/230/953 956/223/946
f 960/227/950 956/223/946 952/219/942
f 964/231/954 965/232/955 966/233/956
f 964/231/954 966/233/956 967/234/957
f 968/235/958 964/231/954 967/234/957
f 968/235/958 967/234/957 969/236/959
f 970/237/960 971/238/961 964/231/954
f 970/237/960 964/231/954 968/235/958
f 971/238/961 972/239/962 965/232/955
f 971/238/961 965/232/955 964/231/954
f 958/225/948 969/236/959 967/234/957
f 958/225/948 967/234/957 959/226/949
f 959/226/949 967/234/957 966/233/956
f 959/226/949 966/233/956 962/229/952
f 973/198/963 974/199/964 975/200/965
f 973/198/963 975/200/965 976/201/966
f 977/202/967 978/203/968 974/199/964
f 977/202/967 974/199/964 973/198/963
f 979/204/969 980/205/970 981/206/971
f 979/204/969 981/206/971 982/207/972
f 980/205/970 983/208/973 984/209/974
f 980/205/970 984/209/974 981/206/971
f 982/207/972 981/206/971 973/198/963
f 982/207/972 973/198/963 976/201/966
f 981/206/971 984/209/974 977/202/967
f 981/206/971 977/202/967 973/198/963
f 985/210/975 986/211/976 987/212/977
f 985/210/975 987/212/977 988/213/978
f 989/214/979 985/210/975 988/213/978
f 989/214/979 988/213/978 990/215/980
f 991/216/981 992/217/982 985/210/975
f 991/216/981 985/210/975 989/214/979
f 992/217/982 993/218/983 986/211/976
f 992/217/982 986/211/976 985/210/975
f 979/204/969 990/215/980 988/213/978
f 979/204/969 988/213/978 980/205/970
f 980/205/970 988/213/978 987/212/977
f 980/205/970 987/212/977 983/208/973
f 994/219/984 995/220/985 996/221/986
f 994/219/984 996/221/986 997/222/987
f 998/223/988 999/224/989 995/220/985
f 998/223/988 995/220/985 994/219/984
f 1000/225/990 1001/226/991 1002/227/992
f 1000/225/990 1002/227/992 1003/228/993
f 1001/226/991 1004/229/994 1005/230/995
f 1001/226/991 1005/230/995 1002/227/992
f 1003/228/993 1002/227/992 994/219/984
f 1003/228/993 994/219/984 997/222/987
f 1002/227/992 1005/230/995 998/223/988
f 1002/227/992 998/223/988 994/219/984
f 1006/231/996 1007/232/997 1008/233/998
f 1006/231/996 1008/233/998 1009/234/999
f 1010/235/1000 1006/231/996 1009/234/999
f 1010/235/1000 1009/234/999 1011/236/1001
f 1012/237/1002 1013/238/1003 1006/231/996
f 1012/237/1002 1006/231/996 1010/235/1000
f 1013/238/1003 1014/239/1004 1007/232/997
f 1013/238/1003 1007/232/997 1006/231/996
f 1000/225/990 1011/236/1001 1009/234/999
f 1000/225/990 1009/234/999 1001/226/991
f 1001/226/991 1009/234/999 1008/233/998
f 1001/226/991 1008/233/998 1004/229/994
f 1015/198/1005 1016/199/1006 1017/200/1007
f 1015/198/1005 1017/200/1007 1018/201/1008
f 1019/202/1009 1020/203/1010 1016/199/1006
f 1019/202/1009 1016/199/1006 1015/198/1005
f 1021/204/1011 1022/205/1012 1023/206/1013
f 1021/204/1011 1023/206/1013 1024/207/1014
f 1022/205/1012 1025/208/1015 1026/209/1016
f 1022/205/1012 1026/209/1016 1023/206/1013
f 1024/207/1014 1023/206/1013 1015/198/1005
f 1024/207/1014 1015/198/1005 1018/201/1008
f 1023/206/1013 1026/209/1016 1019/202/1009
f 1023/206/1013 1019/202/1009 1015/198/1005
f 1027/210/1017 1028/211/1018 1029/212/1019
f 1027/210/1017 1029/212/1019 1030/213/1020
f 1031/214/1021 1027/210/1017 1030/213/1020
f 1031/214/1021 1030/213/1020 1032/215/1022
f 1033/216/1023 1034/217/1024 1027/210/1017
f 1033/216/1023 1027/210/1017 1031/214/1021
f 1034/217/1024 1035/218/1025 1028/211/1018
f 1034/217/1024 1028/211/1018 1027/210/1017
f 1021/204/1011 1032/215/1022 1030/213/1020
f 1021/204/1011 1030/213/1020 1022/205/1012
f 1022/205/1012 1030/213/1020 1029/212/1019
f 1022/205/1012 1029/212/1019 1025/208/1015
f 1036/219/1026 1037/220/1027 1038/221/1028
f 1036/219/1026 1038/221/1028 1039/222/1029
f 1040/223/1030 1041/224/1031 1037/220/1027
f 1040/223/1030 1037/220/1027 1036/219/1026
f 1042/225/1032 1043/226/1033 1044/227/1034
f 1042/225/1032 1044/227/1034 1045/228/1035
f 1043/226/1033 1046/229/1036 1047/230/1037
f 1043/226/1033 1047/230/1037 1044/227/1034
f 1045/228/1035 1044/227/1034 1036/219/1026
f 1045/228/1035 1036/219/1026 1039/222/1029
f 1044/227/1034 1047/230/1037 1040/223/1030
f 1044/227/1034 1040/223/1030 1036/219/1026
f 1048/231/1038 1049/232/1039 1050/233/1040
f 1048/231/1038 1050/233/1040 1051/234/1041
f 1052/235/1042 1048/231/1038 1051/234/1041
f 1052/235/1042 1051/234/1041 1053/236/1043
f 1054/237/1044 1055/238/1045 1048/231/1038
f 1054/237/1044 1048/231/1038 1052/235/1042
f 1055/238/1045 1056/239/1046 1049/232/1039
f 1055/238/1045 1049/232/1039 1048/231/1038
f 1042/225/1032 1053/236/1043 1051/234/1041
f 1042/225/1032 1051/234/1041 1043/226/1033
f 1043/226/1033 1051/234/1041 1050/233/1040
f 1043/226/1033 1050/233/1040 1046/229/1036
f 1057/219/1047 1058/220/1048 1059/221/1049
f 1057/219/1047 1059/221/1049 1060/222/1050
f 1061/223/1051 1062/224/1052 1058/220/1048
f 1061/223/1051 1058/220/1048 1057/219/1047
f 1063/225/1053 1064/226/1054 1065/227/1055
f 1063/225/1053 1065/227/1055 1066/228/1056
f 1064/226/1054 1067/229/1057 1068/230/1058
f 1064/226/1054 1068/230/1058 1065/227/1055
f 1066/228/1056 1065/227/1055 1057/219/1047
f 1066/228/1056 1057/219/1047 1060/222/1050
f 1065/227/1055 1068/230/1058 1061/223/1051
f 1065/227/1055 1061/223/1051 1057/219/1047
f 1069/231/1059 1070/232/1060 1071/233/1061
f 1069/231/1059 1071/233/1061 1072/234/1062
f 1073/235/1063 1069/231/1059 1072/234/1062
f 1073/235/1063 1072/234/1062 1074/236/1064
f 1075/237/1065 1076/238/1066 1069/231/1059
f 1075/237/1065 1069/231/1059 1073/235/1063
f 1076/238/1066 1077/239/1067 1070/232/1060
f 1076/238/1066 1070/232/1060 1069/231/1059
f 1063/225/1053 1074/236/1064 1072/234/1062
f 1063/225/1053 1072/234/1062 1064/226/1054
f 1064/226/1054 1072/234/1062 1071/233/1061
f 1064/226/1054 1071/233/1061 1067/229/1057
f 1078/198/1068 1079/199/1069 1080/200/1070
f 1078/198/1068 1080/200/1070 1081/201/1071
f 1082/202/1072 1083/203/1073 1079/199/1069
f 1082/202/1072 1079/199/1069 1078/198/1068
f 1084/204/1074 1085/205/1075 1086/206/1076
f 1084/204/1074 1086/206/1076 1087/207/1077
f 1085/205/1075 1088/208/1078 1089/209/1079
f 1085/205/1075 1089/209/1079 1086/206/1076
f 1087/207/1077 1086/206/1076 1078/198/1068
f 1087/207/1077 1078/198/1068 1081/201/1071
f 1086/206/1076 1089/209/1079 1082/202/1072
f 1086/206/1076 1082/202/1072 1078/198/1068
f 1090/210/1080 1091/211/1081 1092/212/1082
f 1090/210/1080 1092/212/1082 1093/213/1083
f 1094/214/1084 1090/210/1080 1093/213/1083
f 1094/214/1084 1093/213/1083 1095/215/1085
f 1096/216/1086 1097/217/1087 1090/210/1080
f 1096/216/1086 1090/210/1080 1094/214/1084
f 1097/217/1087 1098/218/1088 1091/211/1081
f 1097/217/1087 1091/211/1081 1090/210/1080
f 1084/204/1074 1095/215/1085 1093/213/1083
f 1084/204/1074 1093/213/1083 1085/205/1075
f 1085/205/1075 1093/213/1083 1092/212/1082
f 1085/205/1075 1092/212/1082 1088/208/1078
f 1099/198/1089 1100/199/1090 1101/200/1091
f 1099/198/1089 1101/200/1091 1102/201/1092
f 1103/202/1093 1104/203/1094 1100/199/1090
f 1103/202/1093 1100/199/1090 1099/198/1089
f 1105/204/1095 1106/205/1096 1107/206/1097
f 1105/204/1095 1107/206/1097 1108/207/1098
f 1106/205/1096 1109/208/1099 1110/209/1100
f 1106/205/1096 1110/209/1100 1107/206/1097
f 1108/207/1098 1107/206/1097 1099/198/1089
f 1108/207/1098 1099/198/1089 1102/201/1092
f 1107/206/1097 1110/209/1100 1103/202/1093
f 1107/206/1097 1103/202/1093 1099/198/1089
f 1111/210/1101 1112/211/1102 1113/212/1103
f 1111/210/1101 1113/212/1103 1114/213/1104
f 1115/214/1105 1111/210/1101 1114/213/1104
f 1115/214/1105 1114/213/1104 1116/215/1106
f 1117/216/1107 1118/217/1108 1111/210/1101
f 1117/216/1107 1111/210/1101 1115/214/1105
f 1118/217/1108 1119/218/1109 1112/211/1102
f 1118/217/1108 1112/211/1102 1111/210/1101
f 1105/204/1095 1116/215/1106 1114/213/1104
f 1105/204/1095 1114/213/1104 1106/205/1096
f 1106/205/1096 1114/213/1104 1113/212/1103
f 1106/205/1096 1113/212/1103 1109/208/1099
f 1120/240/1110 1121/241/1111 1122/200/1112
f 1120/240/1110 1122/200/1112 1123/201/1113
f 1124/242/1114 1125/203/1115 1121/241/1111
f 1124/242/1114 1121/241/1111 1120/240/1110
f 1126/204/1116 1127/205/1117 1128/243/1118
f 1126/204/1116 1128/243/1118 1129/207/1119
f 1127/205/1117 1130/244/1120 1131/245/1121
f 1127/205/1117 1131/245/1121 1128/243/1118
f 1129/207/1119 1128/243/1118 1120/240/1110
f 1129/207/1119 1120/240/1110 1123/201/1113
f 1128/243/1118 1131/245/1121 1124/242/1114
f 1128/243/1118 1124/242/1114 1120/240/1110
f 1132/210/1122 1133/246/1123 1134/247/1124
f 1132/210/1122 1134/247/1124 1135/248/1125
f 1136/214/1126 1132/210/1122 1135/248/1125
f 1136/214/1126 1135/248/1125 1137/215/1127
f 1138/216/1128 1139/217/1129 1132/210/1122
f 1138/216/1128 1132/210/1122 1136/214/1126
f 1139/217/1129 1140/249/1130 1133/246/1123
f 1139/217/1129 1133/246/1123 1132/210/1122
f 1126/204/1116 1137/215/1127 1135/248/1125
f 1126/204/1116 1135/248/1125 1127/205/1117
f 1127/205/1117 1135/248/1125 1134/247/1124
f 1127/205/1117 1134/247/1124 1130/244/1120
f 1141/240/1131 1142/241/1132 1143/200/1133
f 1141/240/1131 1143/200/1133 1144/201/1134
f 1145/242/1135 1146/203/1136 1142/241/1132
f 1145/242/1135 1142/241/1132 1141/240/1131
f 1147/204/1137 1148/205/1138 1149/243/1139
f 1147/204/1137 1149/243/1139 1150/207/1140
f 1148/205/1138 1151/244/1141 1152/245/1142
f 1148/205/1138 1152/245/1142 1149/243/1139
f 1150/207/1140 1149/243/1139 1141/240/1131
f 1150/207/1140 1141/240/1131 1144/201/1134
f 1149/243/1139 1152/245/1142 1145/242/1135
f 1149/243/1139 1145/242/1135 1141/240/1131
f 1153/210/1143 1154/246/1144 1155/247/1145
f 1153/210/1143 1155/247/1145 1156/248/1146
f 1157/214/1147 1153/210/1143 1156/248/1146
f 1157/214/1147 1156/248/1146 1158/215/1148
f 1159/216/1149 1160/217/1150 1153/210/1143
f 1159/216/1149 1153/210/1143 1157/214/1147
f 1160/217/1150 1161/249/1151 1154/246/1144
f 1160/217/1150 1154/246/1144 1153/210/1143
f 1147/204/1137 1158/215/1148 1156/248/1146
f 1147/204/1137 1156/248/1146 1148/205/1138
f 1148/205/1138 1156/248/1146 1155/247/1145
f 1148/205/1138 1155/247/1145 1151/244/1141
f 1162/219/1152 1163/220/1153 1164/250/1154
f 1162/219/1152 1164/250/1154 1165/251/1155
f 1166/223/1156 1167/224/1157 1163/220/1153
f 1166/223/1156 1163/220/1153 1162/219/1152
f 1168/252/1158 1169/253/1159 1170/227/1160
f 1168/252/1158 1170/227/1160 1171/254/1161
f 1169/253/1159 1172/229/1162 1173/230/1163
f 1169/253/1159 1173/230/1163 1170/227/1160
f 1171/254/1161 1170/227/1160 1162/219/1152
f 1171/254/1161 1162/219/1152 1165/251/1155
f 1170/227/1160 1173/230/1163 1166/223/1156
f 1170/227/1160 1166/223/1156 1162/219/1152
f 1174/255/1164 1175/232/1165 1176/233/1166
f 1174/255/1164 1176/233/1166 1177/234/1167
f 1178/256/1168 1174/255/1164 1177/234/1167
f 1178/256/1168 1177/234/1167 1179/257/1169
f 1180/258/1170 1181/238/1171 1174/255/1164
f 1180/258/1170 1174/255/1164 1178/256/1168
f 1181/238/1171 1182/239/1172 1175/232/1165
f 1181/238/1171 1175/232/1165 1174/255/1164
f 1168/252/1158 1179/257/1169 1177/234/1167
f 1168/252/1158 1177/234/1167 1169/253/1159
f 1169/253/1159 1177/234/1167 1176/233/1166
f 1169/253/1159 1176/233/1166 1172/229/1162
f 1183/240/1173 1184/241/1174 1185/200/1175
f 1183/240/1173 1185/200/1175 1186/201/1176
f 1187/242/1177 1188/203/1178 1184/241/1174
f 1187/242/1177 1184/241/1174 1183/240/1173
f 1189/204/1179 1190/205/1180 1191/243/1181
f 1189/204/1179 1191/243/1181 1192/207/1182
f 1190/205/1180 1193/244/1183 1194/245/1184
f 1190/205/1180 1194/245/1184 1191/243/1181
f 1192/207/1182 1191/243/1181 1183/240/1173
f 1192/207/1182 1183/240/1173 1186/201/1176
f 1191/243/1181 1194/245/1184 1187/242/1177
f 1191/243/1181 1187/242/1177 1183/240/1173
f 1195/210/1185 1196/246/1186 1197/247/1187
f 1195/210/1185 1197/247/1187 1198/248/1188
f 1199/214/1189 1195/210/1185 1198/248/1188
f 1199/214/1189 1198/248/1188 1200/215/1190
f 1201/216/1191 1202/217/1192 1195/210/1185
f 1201/216/1191 1195/210/1185 1199/214/1189
f 1202/217/1192 1203/249/1193 1196/246/1186
f 1202/217/1192 1196/246/1186 1195/210/1185
f 1189/204/1179 1200/215/1190 1198/248/1188
f 1189/204/1179 1198/248/1188 1190/205/1180
f 1190/205/1180 1198/248/1188 1197/247/1187
f 1190/205/1180 1197/247/1187 1193/244/1183
f 1204/219/1194 1205/220/1195 1206/250/1196
f 1204/219/1194 1206/250/1196 1207/251/1197
f 1208/223/1198 1209/224/1199 1205/220/1195
f 1208/223/1198 1205/220/1195 1204/219/1194
f 1210/252/1200 1211/253/1201 1212/227/1202
f 1210/252/1200 1212/227/1202 1213/254/1203
f 1211/253/1201 1214/229/1204 1215/230/1205
f 1211/253/1201 1215/230/1205 1212/227/1202
f 1213/254/1203 1212/227/1202 1204/219/1194
f 1213/254/1203 1204/219/1194 1207/251/1197
f 1212/227/1202 1215/230/1205 1208/223/1198
f 1212/227/1202 1208/223/1198 1204/219/1194
f 1216/255/1206 1217/232/1207 1218/233/1208
f 1216/255/1206 1218/233/1208 1219/234/1209
f 1220/256/1210 1216/255/1206 1219/234/1209
f 1220/256/1210 1219/234/1209 1221/257/1211
f 1222/258/1212 1223/238/1213 1216/255/1206
f 1222/258/1212 1216/255/1206 1220/256/1210
f 1223/238/1213 1224/239/1214 1217/232/1207
f 1223/238/1213 1217/232/1207 1216/255/1206
f 1210/252/1200 1221/257/1211 1219/234/1209
f 1210/252/1200 1219/234/1209 1211/253/1201
f 1211/253/1201 1219/234/1209 1218/233/1208
f 1211/253/1201 1218/233/1208 1214/229/1204
f 1225/240/1215 1226/241/1216 1227/200/1217
f 1225/240/1215 1227/200/1217 1228/201/1218
f 1229/242/1219 1230/203/1220 1226/241/1216
f 1229/242/1219 1226/241/1216 1225/240/1215
f 1231/204/1221 1232/205/1222 1233/243/1223
f 1231/204/1221 1233/243/1223 1234/207/1224
f 1232/205/1222 1235/244/1225 1236/245/1226
f 1232/205/1222 1236/245/1226 1233/243/1223
f 1234/207/1224 1233/243/1223 1225/240/1215
f 1234/207/1224 1225/240/1215 1228/201/1218
f 1233/243/1223 1236/245/1226 1229/242/1219
f 1233/243/1223 1229/242/1219 1225/240/1215
f 1237/210/1227 1238/246/1228 1239/247/1229
f 1237/210/1227 1239/247/1229 1240/248/1230
f 1241/214/1231 1237/210/1227 1240/248/1230
f 1241/214/1231 1240/248/1230 1242/215/1232
f 1243/216/1233 1244/217/1234 1237/210/1227
f 1243/216/1233 1237/210/1227 1241/214/1231
f 1244/217/1234 1245/249/1235 1238/246/1228
f 1244/217/1234 1238/246/1228 1237/210/1227
f 1231/204/1221 1242/215/1232 1240/248/1230
f 1231/204/1221 1240/248/1230 1232/205/1222
f 1232/205/1222 1240/248/1230 1239/247/1229
f 1232/205/1222 1239/247/1229 1235/244/1225
f 1246/219/1236 1247/220/1237 1248/250/1238
f 1246/219/1236 1248/250/1238 1249/251/1239
f 1250/223/1240 1251/224/1241 1247/220/1237
f 1250/223/1240 1247/220/1237 1246/219/1236
f 1252/252/1242 1253/253/1243 1254/227/1244
f 1252/252/1242 1254/227/1244 1255/254/1245
f 1253/253/1243 1256/229/1246 1257/230/1247
f 1253/253/1243 1257/230/1247 1254/227/1244
f 1255/254/1245 1254/227/1244 1246/219/1236
f 1255/254/1245 1246/219/1236 1249/251/1239
f 1254/227/1244 1257/230/1247 1250/223/1240
f 1254/227/1244 1250/223/1240 1246/219/1236
f 1258/255/1248 1259/232/1249 1260/233/1250
f 1258/255/1248 1260/233/1250 1261/234/1251
f 1262/256/1252 1258/255/1248 1261/234/1251
f 1262/256/1252 1261/234/1251 1263/257/1253
f 1264/258/1254 1265/238/1255 1258/255/1248
f 1264/258/1254 1258/255/1248 1262/256/1252
f 1265/238/1255 1266/239/1256 1259/232/1249
f 1265/238/1255 1259/232/1249 1258/255/1248
f 1252/252/1242 1263/257/1253 1261/234/1251
f 1252/252/1242 1261/234/1251 1253/253/1243
f 1253/253/1243 1261/234/1251 1260/233/1250
f 1253/253/1243 1260/233/1250 1256/229/1246
f 1267/219/1257 1268/220/1258 1269/250/1259
f 1267/219/1257 1269/250/1259 1270/251/1260
f 1271/223/1261 1272/224/1262 1268/220/1258
f 1271/223/1261 1268/220/1258 1267/219/1257
f 1273/252/1263 1274/253/1264 1275/227/1265
f 1273/252/1263 1275/227/1265 1276/254/1266
f 1274/253/1264 1277/229/1267 1278/230/1268
f 1274/253/1264 1278/230/1268 1275/227/1265
f 1276/254/1266 1275/227/1265 1267/219/1257
f 1276/254/1266 1267/219/1257 1270/251/1260
f 1275/227/1265 1278/230/1268 1271/223/1261
f 1275/227/1265 1271/223/1261 1267/219/1257
f 1279/255/1269 1280/232/1270 1281/233/1271
f 1279/255/1269 1281/233/1271 1282/234/1272
f 1283/256/1273 1279/255/1269 1282/234/1272
f 1283/256/1273 1282/234/1272 1284/257/1274
f 1285/258/1275 1286/238/1276 1279/255/1269
f 1285/258/1275 1279/255/1269 1283/256/1273
f 1286/238/1276 1287/239/1277 1280/232/1270
f 1286/238/1276 1280/232/1270 1279/255/1269
f 1273/252/1263 1284/257/1274 1282/234/1272
f 1273/252/1263 1282/234/1272 1274/253/1264
f 1274/253/1264 1282/234/1272 1281/233/1271
f 1274/253/1264 1281/233/1271 1277/229/1267
f 1288/240/1278 1289/241/1279 1290/200/1280
f 1288/240/1278 1290/200/1280 1291/201/1281
f 1292/242/1282 1293/203/1283 1289/241/1279
f 1292/242/1282 1289/241/1279 1288/240/1278
f 1294/204/1284 1295/205/1285 1296/243/1286
f 1294/204/1284 1296/243/1286 1297/207/1287
f 1295/205/1285 1298/244/1288 1299/245/1289
f 1295/205/1285 1299/245/1289 1296/243/1286
f 1297/207/1287 1296/243/1286 1288/240/1278
f 1297/207/1287 1288/240/1278 1291/201/1281
f 1296/243/1286 1299/245/1289 1292/242/1282
f 1296/243/1286 1292/242/1282 1288/240/1278
f 1300/210/1290 1301/246/1291 1302/247/1292
f 1300/210/1290 1302/247/1292 1303/248/1293
f 1304/214/1294 1300/210/1290 1303/248/1293
f 1304/214/1294 1303/248/1293 1305/215/1295
f 1306/216/1296 1307/217/1297 1300/210/1290
f 1306/216/1296 1300/210/1290 1304/214/1294
f 1307/217/1297 1308/249/1298 1301/246/1291
f 1307/217/1297 1301/246/1291 1300/210/1290
f 1294/204/1284 1305/215/1295 1303/248/1293
f 1294/204/1284 1303/248/1293 1295/205/1285
f 1295/205/1285 1303/248/1293 1302/247/1292
f 1295/205/1285 1302/247/1292 1298/244/1288
f 1309/240/1299 1310/241/1300 1311/200/1301
f 1309/240/1299 1311/200/1301 1312/201/1302
f 1313/242/1303 1314/203/1304 1310/241/1300
f 1313/242/1303 1310/241/1300 1309/240/1299
f 1315/204/1305 1316/205/1306 1317/243/1307
f 1315/204/1305 1317/243/1307 1318/207/1308
f 1316/205/1306 1319/244/1309 1320/245/1310
f 1316/205/1306 1320/245/1310 1317/243/1307
f 1318/207/1308 1317/243/1307 1309/240/1299
f 1318/207/1308 1309/240/1299 1312/201/1302
f 1317/243/1307 1320/245/1310 1313/242/1303
f 1317/243/1307 1313/242/1303 1309/240/1299
f 1321/210/1311 1322/246/1312 1323/247/1313
f 1321/210/1311 1323/247/1313 1324/248/1314
f 1325/214/1315 1321/210/1311 1324/248/1314
f 1325/214/1315 1324/248/1314 1326/215/1316
f 1327/216/1317 1328/217/1318 1321/210/1311
f 1327/216/1317 1321/210/1311 1325/214/1315
f 1328/217/1318 1329/249/1319 1322/246/1312
f 1328/217/1318 1322/246/1312 1321/210/1311
f 1315/204/1305 1326/215/1316 1324/248/1314
f 1315/204/1305 1324/248/1314 1316/205/1306
f 1316/205/1306 1324/248/1314 1323/247/1313
f 1316/205/1306 1323/247/1313 1319/244/1309
f 1330/198/1320 1331/199/1321 1332/200/1322
f 1330/198/1320 1332/200/1322 1333/201/1323
f 1334/202/1324 1335/203/1325 1331/199/1321
f 1334/202/1324 1331/199/1321 1330/198/1320
f 1336/204/1326 1337/205/1327 1338/206/1328
f 1336/204/1326 1338/206/1328 1339/207/1329
f 1337/205/1327 1340/208/1330 1341/209/1331
f 1337/205/1327 1341/209/1331 1338/206/1328
f 1339/207/1329 1338/206/1328 1330/198/1320
f 1339/207/1329 1330/198/1320 1333/201/1323
f 1338/206/1328 1341/209/1331 1334/202/1324
f 1338/206/1328 1334/202/1324 1330/198/1320
f 1342/210/1332 1343/211/1333 1344/212/1334
f 1342/210/1332 1344/212/1334 1345/213/1335
f 1346/214/1336 1342/210/1332 1345/213/1335
f 1346/214/1336 1345/213/1335 1347/215/1337
f 1348/216/1338 1349/217/1339 1342/210/1332
f 1348/216/1338 1342/210/1332 1346/214/1336
f 1349/217/1339 1350/218/1340 1343/211/1333
f 1349/217/1339 1343/211/1333 1342/210/1332
f 1336/204/1326 1347/215/1337 1345/213/1335
f 1336/204/1326 1345/213/1335 1337/205/1327
f 1337/205/1327 1345/213/1335 1344/212/1334
f 1337/205/1327 1344/212/1334 1340/208/1330
f 1351/198/1341 1352/199/1342 1353/200/1343
f 1351/198/1341 1353/200/1343 1354/201/1344
f 1355/202/1345 1356/203/1346 1352/199/1342
f 1355/202/1345 1352/199/1342 1351/198/1341
f 1357/204/1347 1358/205/1348 1359/206/1349
f 1357/204/1347 1359/206/1349 1360/207/1350
f 1358/205/1348 1361/208/1351 1362/209/1352
f 1358/205/1348 1362/209/1352 1359/206/1349
f 1360/207/1350 1359/206/1349 1351/198/1341
f 1360/207/1350 1351/198/1341 1354/201/1344
f 1359/206/1349 1362/209/1352 1355/202/1345
f 1359/206/1349 1355/202/1345 1351/198/1341
f 1363/210/1353 1364/211/1354 1365/212/1355
f 1363/210/1353 1365/212/1355 1366/213/1356
f 1367/214/1357 1363/210/1353 1366/213/1356
f 1367/214/1357 1366/213/1356 1368/215/1358
f 1369/216/1359 1370/217/1360 1363/210/1353
f 1369/216/1359 1363/210/1353 1367/214/1357
f 1370/217/1360 1371/218/1361 1364/211/1354
f 1370/217/1360 1364/211/1354 1363/210/1353
f 1357/204/1347 1368/215/1358 1366/213/1356
f 1357/204/1347 1366/213/1356 1358/205/1348
f 1358/205/1348 1366/213/1356 1365/212/1355
f 1358/205/1348 1365/212/1355 1361/208/1351
f 1372/198/1362 1373/199/1363 1374/200/1364
f 1372/198/1362 1374/200/1364 1375/201/1365
f 1376/202/1366 1377/203/1367 1373/199/1363
f 1376/202/1366 1373/199/1363 1372/198/1362
f 1378/204/1368 1379/205/1369 1380/206/1370
f 1378/204/1368 1380/206/1370 1381/207/1371
f 1379/205/1369 1382/208/1372 1383/209/1373
f 1379/205/1369 1383/209/1373 1380/206/1370
f 1381/207/1371 1380/206/1370 1372/198/1362
f 1381/207/1371 1372/198/1362 1375/201/1365
f 1380/206/1370 1383/209/1373 1376/202/1366
f 1380/206/1370 1376/202/1366 1372/198/1362
f 1384/210/1374 1385/211/1375 1386/212/1376
f 1384/210/1374 1386/212/1376 1387/213/1377
f 1388/214/1378 1384/210/1374 1387/213/1377
f 1388/214/1378 1387/213/1377 1389/215/1379
f 1390/216/1380 1391/217/1381 1384/210/1374
f 1390/216/1380 1384/210/1374 1388/214/1378
f 1391/217/1381 1392/218/1382 1385/211/1375
f 1391/217/1381 1385/211/1375 1384/210/1374
f 1378/204/1368 1389/215/1379 1387/213/1377
f 1378/204/1368 1387/213/1377 1379/205/1369
f 1379/205/1369 1387/213/1377 1386/212/1376
f 1379/205/1369 1386/212/1376 1382/208/1372
f 1393/259/1383 1394/260/1384 1395/261/1385
f 1393/259/1383 1395/261/1385 1396/262/1386
f 1396/262/1386 1397/263/1387 1398/264/1388
f 1396/262/1386 1398/264/1388 1393/259/1383
f 1397/263/1387 1399/265/1389 1400/266/1390
f 1397/263/1387 1400/266/1390 1398/264/1388
f 1401/267/1391 1402/268/1392 1403/269/1393
f 1401/267/1391 1403/269/1393 1404/270/1394
f 1405/271/1395 1401/267/1391 1404/270/1394
f 1405/271/1395 1404/270/1394 1406/272/1396
f 1402/268/1392 1395/261/1385 1394/260/1384
f 1402/268/1392 1394/260/1384 1403/269/1393
f 1405/271/1395 1407/200/1397 1408/201/1398
f 1405/271/1395 1408/201/1398 1401/267/1391
f 1409/203/1399 1406/272/1396 1404/270/1394
f 1409/203/1399 1404/270/1394 1410/202/1400
f 1395/261/1385 1402/268/1392 1411/207/1401
f 1395/261/1385 1411/207/1401 1412/204/1402
f 1413/208/1403 1414/209/1404 1403/269/1393
f 1413/208/1403 1403/269/1393 1394/260/1384
f 1402/268/1392 1401/267/1391 1408/201/1398
f 1402/268/1392 1408/201/1398 1411/207/1401
f 1414/209/1404 1410/202/1400 1404/270/1394
f 1414/209/1404 1404/270/1394 1403/269/1393
f 1415/211/1405 1416/212/1406 1393/259/1383
f 1415/211/1405 1393/259/1383 1398/264/1388
f 1397/263/1387 1396/262/1386 1417/215/1407
f 1397/263/1387 1417/215/1407 1418/214/1408
f 1399/265/1389 1397/263/1387 1418/214/1408
f 1399/265/1389 1418/214/1408 1419/216/1409
f 1420/218/1410 1415/211/1405 1398/264/1388
f 1420/218/1410 1398/264/1388 1400/266/1390
f 1417/215/1407 1396/262/1386 1395/261/1385
f 1417/215/1407 1395/261/1385 1412/204/1402
f 1393/259/1383 1416/212/1406 1413/208/1403
f 1393/259/1383 1413/208/1403 1394/260/1384
f 1421/198/1411 1422/199/1412 1423/200/1413
f 1421/198/1411 1423/200/1413 1424/201/1414
f 1425/202/1415 1426/203/1416 1422/199/1412
f 1425/202/1415 1422/199/1412 1421/198/1411
f 1427/204/1417 1428/205/1418 1429/206/1419
f 1427/204/1417 1429/206/1419 1430/207/1420
f 1428/205/1418 1431/208/1421 1432/209/1422
f 1428/205/1418 1432/209/1422 1429/206/1419
f 1430/207/1420 1429/206/1419 1421/198/1411
f 1430/207/1420 1421/198/1411 1424/201/1414
f 1429/206/1419 1432/209/1422 1425/202/1415
f 1429/206/1419 1425/202/1415 1421/198/1411
f 1433/210/1423 1434/211/1424 1435/212/1425
f 1433/210/1423 1435/212/1425 1436/213/1426
f 1437/214/1427 1433/210/1423 1436/213/1426
f 1437/214/1427 1436/213/1426 1438/215/1428
f 1439/216/1429 1440/217/1430 1433/210/1423
f 1439/216/1429 1433/210/1423 1437/214/1427
f 1440/217/1430 1441/218/1431 1434/211/1424
f 1440/217/1430 1434/211/1424 1433/210/1423
f 1427/204/1417 1438/215/1428 1436/213/1426
f 1427/204/1417 1436/213/1426 1428/205/1418
f 1428/205/1418 1436/213/1426 1435/212/1425
f 1428/205/1418 1435/212/1425 1431/208/1421
f 1442/198/1432 1443/199/1433 1444/200/1434
f 1442/198/1432 1444/200/1434 1445/201/1435
f 1446/202/1436 1447/203/1437 1443/199/1433
f 1446/202/1436 1443/199/1433 1442/198/1432
f 1448/204/1438 1449/205/1439 1450/206/1440
f 1448/204/1438 1450/206/1440 1451/207/1441
f 1449/205/1439 1452/208/1442 1453/209/1443
f 1449/205/1439 1453/209/1443 1450/206/1440
f 1451/207/1441 1450/206/1440 1442/198/1432
f 1451/207/1441 1442/198/1432 1445/201/1435
f 1450/206/1440 1453/209/1443 1446/202/1436
f 1450/206/1440 1446/202/1436 1442/198/1432
f 1454/210/1444 1455/211/1445 1456/212/1446
f 1454/210/1444 1456/212/1446 1457/213/1447
f 1458/214/1448 1454/210/1444 1457/213/1447
f 1458/214/1448 1457/213/1447 1459/215/1449
f 1460/216/1450 1461/217/1451 1454/210/1444
f 1460/216/1450 1454/210/1444 1458/214/1448
f 1461/217/1451 1462/218/1452 1455/211/1445
f 1461/217/1451 1455/211/1445 1454/210/1444
f 1448/204/1438 1459/215/1449 1457/213/1447
f 1448/204/1438 1457/213/1447 1449/205/1439
f 1449/205/1439 1457/213/1447 1456/212/1446
f 1449/205/1439 1456/212/1446 1452/208/1442
f 1463/198/1453 1464/199/1454 1465/200/1455
f 1463/198/1453 1465/200/1455 1466/201/1456
f 1467/202/1457 1468/203/1458 1464/199/1454
f 1467/202/1457 1464/199/1454 1463/198/1453
f 1469/204/1459 1470/205/1460 1471/206/1461
f 1469/204/1459 1471/206/1461 1472/207/1462
f 1470/205/1460 1473/208/1463 1474/209/1464
f 1470/205/1460 1474/209/1464 1471/206/1461
f 1472/207/1462 1471/206/1461 1463/198/1453
f 1472/207/1462 1463/198/1453 1466/201/1456
f 1471/206/1461 1474/209/1464 1467/202/1457
f 1471/206/1461 1467/202/1457 1463/198/1453
f 1475/210/1465 1476/211/1466 1477/212/1467
f 1475/210/1465 1477/212/1467 1478/213/1468
f 1479/214/1469 1475/210/1465 1478/213/1468
f 1479/214/1469 1478/213/1468 1480/215/1470
f 1481/216/1471 1482/217/1472 1475/210/1465
f 1481/216/1471 1475/210/1465 1479/214/1469
f 1482/217/1472 1483/218/1473 1476/211/1466
f 1482/217/1472 1476/211/1466 1475/210/1465
f 1469/204/1459 1480/215/1470 1478/213/1468
f 1469/204/1459 1478/213/1468 1470/205/1460
f 1470/205/1460 1478/213/1468 1477/212/1467
f 1470/205/1460 1477/212/1467 1473/208/1463
f 1484/198/1474 1485/199/1475 1486/200/1476
f 1484/198/1474 1486/200/1476 1487/201/1477
f 1488/202/1478 1489/203/1479 1485/199/1475
f 1488/202/1478 1485/199/1475 1484/198/1474
f 1490/204/1480 1491/205/1481 1492/206/1482
f 1490/204/1480 1492/206/1482 1493/207/1483
f 1491/205/1481 1494/208/1484 1495/209/1485
f 1491/205/1481 1495/209/1485 1492/206/1482
f 1493/207/1483 1492/206/1482 1484/198/1474
f 1493/207/1483 1484/198/1474 1487/201/1477
f 1492/206/1482 1495/209/1485 1488/202/1478
f 1492/206/1482 1488/202/1478 1484/198/1474
f 1496/210/1486 1497/211/1487 1498/212/1488
f 1496/210/1486 1498/212/1488 1499/213/1489
f 1500/214/1490 1496/210/1486 1499/213/1489
f 1500/214/1490 1499/213/1489 1501/215/1491
f 1502/216/1492 1503/217/1493 1496/210/1486
f 1502/216/1492 1496/210/1486 1500/214/1490
f 1503/217/1493 1504/218/1494 1497/211/1487
f 1503/217/1493 1497/211/1487 1496/210/1486
f 1490/204/1480 1501/215/1491 1499/213/1489
f 1490/204/1480 1499/213/1489 1491/205/1481
f 1491/205/1481 1499/213/1489 1498/212/1488
f 1491/205/1481 1498/212/1488 1494/208/1484
f 1505/198/1495 1506/199/1496 1507/200/1497
f 1505/198/1495 1507/200/1497 1508/201/1498
f 1509/202/1499 1510/203/1500 1506/199/1496
f 1509/202/1499 1506/199/1496 1505/198/1495
f 1511/204/1501 1512/205/1502 1513/206/1503
f 1511/204/1501 1513/206/1503 1514/207/1504
f 1512/205/1502 1515/208/1505 1516/209/1506
f 1512/205/1502 1516/209/1506 1513/206/1503
f 1514/207/1504 1513/206/1503 1505/198/1495
f 1514/207/1504 1505/198/1495 1508/201/1498
f 1513/206/1503 1516/209/1506 1509/202/1499
f 1513/206/1503 1509/202/1499 1505/198/1495
f 1517/210/1507 1518/211/1508 1519/212/1509
f 1517/210/1507 1519/212/1509 1520/213/1510
f 1521/214/1511 1517/210/1507 1520/213/1510
f 1521/214/1511 1520/213/1510 1522/215/1512
f 1523/216/1513 1524/217/1514 1517/210/1507
f 1523/216/1513 1517/210/1507 1521/214/1511
f 1524/217/1514 1525/218/1515 1518/211/1508
f 1524/217/1514 1518/211/1508 1517/210/1507
f 1511/204/1501 1522/215/1512 1520/213/1510
f 1511/204/1501 1520/213/1510 1512/205/1502
f 1512/205/1502 1520/213/1510 1519/212/1509
f 1512/205/1502 1519/212/1509 1515/208/1505
# Vertices: 1525, normals: 1515, texture coordinates: 272, faces: 1812

