# File generated by ImageToStl.com - Free Image and 3D model conversion tools

mtllib indian_house_-_gameasset.mtl

o obj1
v -2.73754495 3.75808019 -2.75365169
v -0.50311898 4.71206419 -2.75246405
v -0.50735914 3.7595312 -2.75244482
v 0.81698458 3.75919384 -2.75188883
v 0.82301734 4.75113623 -2.751796
v 3.42263643 3.75952954 -2.7505594
v -2.73754495 3.75808101 2.30399089
v -0.50735914 3.75953203 2.30278402
v -0.50311898 4.71206501 2.30280294
v 0.81698458 3.75919467 2.30222803
v 3.42263643 3.75953036 2.3008986
v 0.82301734 4.75113705 2.30213488
v 4.05114928 0.18612357 -4.6721081
v 4.04651633 0.29218388 -4.67562002
v 4.04689875 0.28372481 -4.90711969
v 4.05153218 0.17766451 -4.90360776
v 4.05153218 0.17766451 -4.90360776
v 4.04689875 0.28372481 -4.90711969
v 4.29895868 0.29590151 -4.90714782
v 4.30359163 0.1898412 -4.9036359
v 4.30359163 0.1898412 -4.9036359
v 4.29895868 0.29590151 -4.90714782
v 4.29857578 0.30436057 -4.67564863
v 4.30320921 0.19830027 -4.67213671
v 4.30320921 0.19830027 -4.67213671
v 4.29857578 0.30436057 -4.67564863
v 4.04651633 0.29218388 -4.67562002
v 4.05114928 0.18612357 -4.6721081
v 4.07138863 0.33348835 -4.7017426
v 4.07168999 0.32682863 -4.88399929
v 4.07138863 0.33348835 -4.7017426
v 4.26983204 0.34307492 -4.70176453
v 4.26653805 0.41125673 -4.70426174
v 4.06809416 0.40167016 -4.70423933
v 4.07168999 0.32682863 -4.88399929
v 4.2701334 0.3364152 -4.8840217
v 4.2701334 0.3364152 -4.8840217
v 4.26983204 0.34307492 -4.70176453
v 4.26653805 0.41125673 -4.70426174
v 4.26683941 0.40459701 -4.88651844
v 4.28717794 0.40489652 -4.90517278
v 4.28681507 0.41291934 -4.68561216
v 4.06839552 0.39501044 -4.88649602
v 4.26683941 0.40459701 -4.88651844
v 4.26683941 0.40459701 -4.88651844
v 4.26653805 0.41125673 -4.70426174
v 4.06809416 0.40167016 -4.70423933
v 4.06839552 0.39501044 -4.88649602
v 4.0477561 0.40137071 -4.68558498
v 4.28681507 0.41291934 -4.68561216
v 4.2821435 0.50961351 -4.6891527
v 4.04308405 0.49806488 -4.68912599
v 4.06839552 0.39501044 -4.88649602
v 4.06809416 0.40167016 -4.70423933
v 4.0477561 0.40137071 -4.68558498
v 4.04811898 0.39334783 -4.9051456
v 4.28250637 0.50159069 -4.90871379
v 4.0434474 0.49004199 -4.90868661
v 4.05504981 0.49099341 -4.89801499
v 4.27086821 0.50141933 -4.89803931
v 4.28717794 0.40489652 -4.90517278
v 4.04811898 0.39334783 -4.9051456
v 4.0434474 0.49004199 -4.90868661
v 4.28250637 0.50159069 -4.90871379
v 4.28681507 0.41291934 -4.68561216
v 4.28717794 0.40489652 -4.90517278
v 4.28250637 0.50159069 -4.90871379
v 4.2821435 0.50961351 -4.6891527
v 4.04811898 0.39334783 -4.9051456
v 4.0477561 0.40137071 -4.68558498
v 4.04308405 0.49806488 -4.68912599
v 4.0434474 0.49004199 -4.90868661
v 4.27054062 0.50866216 -4.69982479
v 4.27086821 0.50141933 -4.89803931
v 4.26883211 0.54356816 -4.89958284
v 4.26850452 0.55081099 -4.70136832
v 4.2821435 0.50961351 -4.6891527
v 4.27054062 0.50866216 -4.69982479
v 4.04308405 0.49806488 -4.68912599
v 4.05472222 0.49823624 -4.69980047
v 4.05268612 0.54038506 -4.701344
v 4.26850452 0.55081099 -4.70136832
v 4.26256552 0.55032402 -4.70683049
v 4.05864277 0.54047274 -4.7068076
v 4.05504981 0.49099341 -4.89801499
v 4.05472222 0.49823624 -4.69980047
v 4.05268612 0.54038506 -4.701344
v 4.05301371 0.53314223 -4.89955852
v 4.05472222 0.49823624 -4.69980047
v 4.27054062 0.50866216 -4.69982479
v 4.26850452 0.55081099 -4.70136832
v 4.05268612 0.54038506 -4.701344
v 4.27086821 0.50141933 -4.89803931
v 4.05504981 0.49099341 -4.89801499
v 4.05301371 0.53314223 -4.89955852
v 4.26883211 0.54356816 -4.89958284
v 4.26883211 0.54356816 -4.89958284
v 4.05301371 0.53314223 -4.89955852
v 4.05895224 0.53362914 -4.89409635
v 4.26287546 0.54348042 -4.89411924
v 4.05895224 0.53362914 -4.89409635
v 4.05864277 0.54047274 -4.7068076
v 4.01756087 2.20349944 -4.80367161
v 4.01775113 2.19928537 -4.91899944
v 4.26256552 0.55032402 -4.70683049
v 4.26287546 0.54348042 -4.89411924
v 4.1433219 2.20535146 -4.91901375
v 4.14313116 2.20956576 -4.80368592
v 4.26287546 0.54348042 -4.89411924
v 4.05895224 0.53362914 -4.89409635
v 4.01775113 2.19928537 -4.91899944
v 4.1433219 2.20535146 -4.91901375
v 4.05864277 0.54047274 -4.7068076
v 4.26256552 0.55032402 -4.70683049
v 4.14313116 2.20956576 -4.80368592
v 4.01756087 2.20349944 -4.80367161
v 4.15904465 2.26586256 -4.9383085
v 4.15879765 2.27132523 -4.7888067
v 4.15402928 2.36967001 -4.94211034
v 4.15378227 2.37513292 -4.79260806
v 3.99601761 2.26346171 -4.78878858
v 3.99626485 2.25799857 -4.93829038
v 4.15879765 2.27132523 -4.7888067
v 3.99601761 2.26346171 -4.78878858
v 3.99626485 2.25799857 -4.93829038
v 4.15904465 2.26586256 -4.9383085
v 3.99124947 2.36180649 -4.94209174
v 3.98950329 2.39829981 -4.79372625
v 3.95551959 2.39779962 -4.76255779
v 3.95736876 2.35902843 -4.97325257
v 3.98950329 2.39829981 -4.79372625
v 3.99124947 2.36180649 -4.94209174
v 4.15378227 2.37513292 -4.79260806
v 3.98950329 2.39829981 -4.79372625
v 3.99124947 2.36180649 -4.94209174
v 4.15402928 2.36967001 -4.94211034
v 3.95551959 2.39779962 -4.76255779
v 4.18766298 2.37791098 -4.76144723
v 4.18314591 2.47140682 -4.76487094
v 3.95250169 2.46026481 -4.76484519
v 4.15378227 2.37513292 -4.79260806
v 4.18766298 2.37791098 -4.76144723
v 4.15402928 2.36967001 -4.94211034
v 4.18801298 2.37017068 -4.97327832
v 4.18801298 2.37017068 -4.97327832
v 3.95736876 2.35902843 -4.97325257
v 3.95483008 2.41157874 -4.97517662
v 4.1854743 2.422721 -4.97520284
v 4.18766298 2.37791098 -4.76144723
v 4.18801298 2.37017068 -4.97327832
v 4.1854743 2.422721 -4.97520284
v 4.18314591 2.47140682 -4.76487094
v 3.95736876 2.35902843 -4.97325257
v 3.95551959 2.39779962 -4.76255779
v 3.95250169 2.46026481 -4.76484519
v 3.95483008 2.41157874 -4.97517662
v 3.99349561 2.60878987 2.96628307
v 3.99349561 2.73103257 3.02622601
v 3.99349561 2.52092531 3.45158433
v 3.99349561 2.39868262 3.39164115
v 3.99349561 2.52092531 3.45158433
v 3.88602773 2.52092531 3.45158433
v 3.88602773 2.49730328 3.4997568
v 3.99349561 2.49730328 3.49975657
v 3.88602773 2.39868262 3.39164139
v 3.88602773 2.52092531 3.45158433
v 3.88602773 2.73103257 3.02622601
v 3.88602773 2.60878987 2.96628307
v 3.99349561 2.39868262 3.39164115
v 3.88602773 2.39868262 3.39164139
v 3.88602773 2.60878987 2.96628307
v 3.99349561 2.60878987 2.96628307
v 3.99349561 2.73103257 3.02622601
v 3.88602773 2.73103257 3.02622601
v 3.88602773 2.47696237 3.5412383
v 3.99349561 2.47696237 3.54123806
v 3.99349561 2.49730328 3.49975657
v 3.99349561 2.42590908 3.46474767
v 3.88602773 2.42590908 3.46474767
v 3.88602773 2.49730328 3.4997568
v 3.99349561 2.42590908 3.46474767
v 3.88602773 2.42590908 3.46474767
v 3.88602773 2.47696237 3.5412383
v 3.88602773 2.40556816 3.50622917
v 3.88602773 2.33387761 3.54410936
v 3.88602773 2.44942957 3.60077166
v 3.99349561 2.47696237 3.54123806
v 3.99349561 2.40556816 3.50622917
v 3.99349561 2.40556816 3.50622917
v 3.88602773 2.40556816 3.50622917
v 3.88602773 2.31550508 3.58157661
v 3.99349561 2.31550508 3.58157661
v 3.99349561 2.30619199 3.65134313
v 3.88602773 2.30619199 3.65134313
v 3.88602773 2.40556816 3.50622917
v 3.99349561 2.40556816 3.50622917
v 3.99349561 2.33387761 3.54410936
v 3.88602773 2.33387761 3.54410936
v 3.88602773 2.44942957 3.60077166
v 3.99349561 2.44942957 3.60077142
v 3.99349561 2.44942957 3.60077142
v 3.99349561 2.33387761 3.54410936
v 3.99349561 2.30619199 3.65134313
v 3.99349561 2.40167244 3.69816304
v 3.88602773 2.40167244 3.69816304
v 3.88602773 2.30619199 3.65134313
v 3.99349561 2.43105704 3.63823891
v 3.88602773 2.43105704 3.63823891
v 3.88602773 2.40167244 3.69816304
v 3.99349561 2.40167244 3.69816304
v 3.99349561 2.31550508 3.58157661
v 3.99349561 2.43105704 3.63823891
v 3.99349561 2.40167244 3.69816304
v 3.99349561 2.30619199 3.65134313
v 3.88602773 2.43105704 3.63823891
v 3.88602773 2.31550508 3.58157661
v 3.88602773 2.30619199 3.65134313
v 3.88602773 2.40167244 3.69816304
v 3.88602773 2.33387761 3.54410936
v 3.99349561 2.33387761 3.54410936
v 3.19952576 2.59936916 -3.33018195
v 3.19952576 2.73276578 -3.35741843
v 3.19952624 2.45008076 -4.741957
v 3.19952624 2.31668414 -4.714721
v 3.19952624 2.45008076 -4.741957
v 3.30699389 2.45008076 -4.741957
v 3.30699389 2.43934786 -4.79452448
v 3.19952624 2.43934786 -4.79452448
v 3.30699389 2.31668414 -4.714721
v 3.30699389 2.45008076 -4.741957
v 3.30699341 2.73276578 -3.35741843
v 3.30699341 2.59936916 -3.33018195
v 3.19952624 2.31668414 -4.714721
v 3.30699389 2.31668414 -4.714721
v 3.30699341 2.59936916 -3.33018195
v 3.19952576 2.59936916 -3.33018195
v 3.19952576 2.73276578 -3.35741843
v 3.30699341 2.73276578 -3.35741843
v 3.30699389 2.4301058 -4.83979159
v 3.19952624 2.4301058 -4.83979159
v 3.19952624 2.43934786 -4.79452448
v 3.19952624 2.36143911 -4.77861814
v 3.30699389 2.36143911 -4.77861814
v 3.30699389 2.43934786 -4.79452448
v 3.19952624 2.36143911 -4.77861814
v 3.30699389 2.36143911 -4.77861814
v 3.30699389 2.4301058 -4.83979159
v 3.30699389 2.35219729 -4.82388429
v 3.30699389 2.29235255 -4.87859371
v 3.30699389 2.41844807 -4.90433912
v 3.19952624 2.4301058 -4.83979159
v 3.19952624 2.35219729 -4.82388429
v 3.19952624 2.35219729 -4.82388429
v 3.30699389 2.35219729 -4.82388429
v 3.30699389 2.28400479 -4.91947963
v 3.19952624 2.28400479 -4.91947963
v 3.19952576 2.29255614 -4.98934391
v 3.30699341 2.29255614 -4.98934391
v 3.30699389 2.35219729 -4.82388429
v 3.19952624 2.35219729 -4.82388429
v 3.19952624 2.29235255 -4.87859371
v 3.30699389 2.29235255 -4.87859371
v 3.30699389 2.41844807 -4.90433912
v 3.19952624 2.41844807 -4.90433912
v 3.19952624 2.41844807 -4.90433912
v 3.19952624 2.29235255 -4.87859371
v 3.19952576 2.29255614 -4.98934391
v 3.19952576 2.39674886 -5.01061658
v 3.30699341 2.39674886 -5.01061658
v 3.30699341 2.29255614 -4.98934391
v 3.19952576 2.41010008 -4.94522409
v 3.30699341 2.41010008 -4.94522409
v 3.30699341 2.39674886 -5.01061658
v 3.19952576 2.39674886 -5.01061658
v 3.19952624 2.28400479 -4.91947963
v 3.19952576 2.41010008 -4.94522409
v 3.19952576 2.39674886 -5.01061658
v 3.19952576 2.29255614 -4.98934391
v 3.30699341 2.41010008 -4.94522409
v 3.30699389 2.28400479 -4.91947963
v 3.30699341 2.29255614 -4.98934391
v 3.30699341 2.39674886 -5.01061658
v 3.30699389 2.29235255 -4.87859371
v 3.19952624 2.29235255 -4.87859371
v 2.04865403 2.61073935 -3.33018243
v 2.04865403 2.74413596 -3.35741843
v 2.04865451 2.46145094 -4.74195701
v 2.04865451 2.32805408 -4.714721
v 2.04865451 2.46145094 -4.74195701
v 2.15612216 2.46145094 -4.74195701
v 2.15612216 2.45071828 -4.79452448
v 2.04865451 2.45071828 -4.79452448
v 2.15612216 2.32805432 -4.714721
v 2.15612216 2.46145094 -4.74195701
v 2.15612216 2.74413596 -3.35741843
v 2.15612216 2.61073935 -3.33018243
v 2.04865451 2.32805408 -4.714721
v 2.15612216 2.32805432 -4.714721
v 2.15612216 2.61073935 -3.33018243
v 2.04865403 2.61073935 -3.33018243
v 2.04865403 2.74413596 -3.35741843
v 2.15612216 2.74413596 -3.35741843
v 2.15612264 2.44147598 -4.83979063
v 2.04865499 2.44147598 -4.83979063
v 2.04865451 2.45071828 -4.79452448
v 2.04865451 2.37280953 -4.77861814
v 2.15612216 2.37280953 -4.77861814
v 2.15612216 2.45071828 -4.79452448
v 2.04865451 2.37280953 -4.77861814
v 2.15612216 2.37280953 -4.77861814
v 2.15612264 2.44147598 -4.83979063
v 2.15612264 2.36356747 -4.82388429
v 2.15612264 2.30372273 -4.87859371
v 2.15612264 2.42981825 -4.90433912
v 2.04865499 2.44147598 -4.83979063
v 2.04865499 2.36356747 -4.82388429
v 2.04865499 2.36356747 -4.82388429
v 2.15612264 2.36356747 -4.82388429
v 2.15612264 2.29537521 -4.91947963
v 2.04865499 2.29537521 -4.91947963
v 2.04865451 2.30392656 -4.98934391
v 2.15612216 2.30392656 -4.98934391
v 2.15612264 2.36356747 -4.82388429
v 2.04865499 2.36356747 -4.82388429
v 2.04865499 2.30372273 -4.87859371
v 2.15612264 2.30372273 -4.87859371
v 2.15612264 2.42981825 -4.90433912
v 2.04865499 2.42981825 -4.90433912
v 2.04865499 2.42981825 -4.90433912
v 2.04865499 2.30372273 -4.87859371
v 2.04865451 2.30392656 -4.98934391
v 2.04865451 2.40811905 -5.01061658
v 2.15612216 2.40811905 -5.01061658
v 2.15612216 2.30392656 -4.98934391
v 2.04865451 2.42147026 -4.94522505
v 2.15612216 2.42147026 -4.94522505
v 2.15612216 2.40811905 -5.01061658
v 2.04865451 2.40811905 -5.01061658
v 2.04865499 2.29537521 -4.91947963
v 2.04865451 2.42147026 -4.94522505
v 2.04865451 2.40811905 -5.01061658
v 2.04865451 2.30392656 -4.98934391
v 2.15612216 2.42147026 -4.94522505
v 2.15612264 2.29537521 -4.91947963
v 2.15612216 2.30392656 -4.98934391
v 2.15612216 2.40811905 -5.01061658
v 2.15612264 2.30372273 -4.87859371
v 2.04865499 2.30372273 -4.87859371
v -1.43568703 2.58784115 -3.33633171
v -1.44447133 2.72003089 -3.36771859
v -1.43233678 2.39435924 -4.74272756
v -1.42355248 2.26216926 -4.71134021
v -1.43233678 2.39435924 -4.74272756
v -1.3250961 2.40131844 -4.74342947
v -1.32463548 2.38895333 -4.79563551
v -1.4318752 2.38199389 -4.7949336
v -1.31631276 2.26912846 -4.71204212
v -1.3250961 2.40131844 -4.74342947
v -1.33723065 2.72698985 -3.36842049
v -1.32844731 2.59480035 -3.33703362
v -1.42355248 2.26216926 -4.71134021
v -1.31631276 2.26912846 -4.71204212
v -1.32844731 2.59480035 -3.33703362
v -1.43568703 2.58784115 -3.33633171
v -1.44447133 2.72003089 -3.36771859
v -1.33723065 2.72698985 -3.36842049
v -1.32423875 2.37830555 -4.8405898
v -1.43147847 2.37134659 -4.83988885
v -1.4318752 2.38199389 -4.7949336
v -1.42674538 2.30479014 -4.77660301
v -1.31950566 2.31174958 -4.77730397
v -1.32463548 2.38895333 -4.79563551
v -1.42674538 2.30479014 -4.77660301
v -1.31950566 2.31174958 -4.77730397
v -1.32423875 2.37830555 -4.8405898
v -1.31910893 2.30110228 -4.82226017
v -1.31546876 2.23968541 -4.87507274
v -1.3237724 2.36464034 -4.90474156
v -1.43147847 2.37134659 -4.83988885
v -1.42634865 2.29414284 -4.82155731
v -1.42634865 2.29414284 -4.82155731
v -1.31910893 2.30110228 -4.82226017
v -1.31511113 2.23006807 -4.91567637
v -1.42235085 2.22310911 -4.91497446
v -1.42321965 2.2294322 -4.98506953
v -1.31597993 2.2363914 -4.98577143
v -1.31910893 2.30110228 -4.82226017
v -1.42634865 2.29414284 -4.82155731
v -1.42270943 2.23272645 -4.87437083
v -1.31546876 2.23968541 -4.87507274
v -1.3237724 2.36464034 -4.90474156
v -1.43101212 2.3576809 -4.90403966
v -1.43101212 2.3576809 -4.90403966
v -1.42270943 2.23272645 -4.87437083
v -1.42321965 2.2294322 -4.98506953
v -1.43008038 2.33268222 -5.00958565
v -1.32284066 2.33964166 -5.01028755
v -1.31597993 2.2363914 -4.98577143
v -1.43065354 2.34806356 -4.94464329
v -1.32341382 2.35502276 -4.9453452
v -1.32284066 2.33964166 -5.01028755
v -1.43008038 2.33268222 -5.00958565
v -1.42235085 2.22310911 -4.91497446
v -1.43065354 2.34806356 -4.94464329
v -1.43008038 2.33268222 -5.00958565
v -1.42321965 2.2294322 -4.98506953
v -1.32341382 2.35502276 -4.9453452
v -1.31511113 2.23006807 -4.91567637
v -1.31597993 2.2363914 -4.98577143
v -1.32284066 2.33964166 -5.01028755
v -1.31546876 2.23968541 -4.87507274
v -1.42270943 2.23272645 -4.87437083
v -2.58045095 2.57631266 -3.33018242
v -2.58045095 2.70970951 -3.3574189
v -2.58045095 2.42702425 -4.741957
v -2.58045095 2.2936274 -4.71472099
v -2.58045095 2.42702425 -4.741957
v -2.47298331 2.42702425 -4.741957
v -2.47298331 2.41629136 -4.79452543
v -2.58045095 2.41629136 -4.79452543
v -2.47298331 2.29362763 -4.71472099
v -2.47298331 2.42702425 -4.741957
v -2.47298331 2.70970951 -3.3574189
v -2.47298331 2.57631266 -3.33018242
v -2.58045095 2.2936274 -4.71472099
v -2.47298331 2.29362763 -4.71472099
v -2.47298331 2.57631266 -3.33018242
v -2.58045095 2.57631266 -3.33018242
v -2.58045095 2.70970951 -3.3574189
v -2.47298331 2.70970951 -3.3574189
v -2.47298331 2.40704905 -4.83979158
v -2.58045095 2.40704905 -4.83979158
v -2.58045095 2.41629136 -4.79452543
v -2.58045095 2.33838284 -4.77861909
v -2.47298331 2.33838284 -4.77861909
v -2.47298331 2.41629136 -4.79452543
v -2.58045095 2.33838284 -4.77861909
v -2.47298331 2.33838284 -4.77861909
v -2.47298331 2.40704905 -4.83979158
v -2.47298331 2.32914054 -4.82388428
v -2.47298331 2.26929604 -4.87859371
v -2.47298331 2.39539133 -4.90433912
v -2.58045095 2.40704905 -4.83979158
v -2.58045095 2.32914054 -4.82388428
v -2.58045095 2.32914054 -4.82388428
v -2.47298331 2.32914054 -4.82388428
v -2.47298331 2.26094828 -4.91947963
v -2.58045095 2.26094828 -4.91947963
v -2.58045095 2.26949987 -4.9893439
v -2.47298331 2.26949987 -4.9893439
v -2.47298331 2.32914054 -4.82388428
v -2.58045095 2.32914054 -4.82388428
v -2.58045095 2.26929604 -4.87859371
v -2.47298331 2.26929604 -4.87859371
v -2.47298331 2.39539133 -4.90433912
v -2.58045095 2.39539133 -4.90433912
v -2.58045095 2.39539133 -4.90433912
v -2.58045095 2.26929604 -4.87859371
v -2.58045095 2.26949987 -4.9893439
v -2.58045095 2.37369236 -5.01061658
v -2.47298331 2.37369236 -5.01061658
v -2.47298331 2.26949987 -4.9893439
v -2.58045095 2.38704357 -4.94522504
v -2.47298331 2.38704357 -4.94522504
v -2.47298331 2.37369236 -5.01061658
v -2.58045095 2.37369236 -5.01061658
v -2.58045095 2.26094828 -4.91947963
v -2.58045095 2.38704357 -4.94522504
v -2.58045095 2.37369236 -5.01061658
v -2.58045095 2.26949987 -4.9893439
v -2.47298331 2.38704357 -4.94522504
v -2.47298331 2.26094828 -4.91947963
v -2.47298331 2.26949987 -4.9893439
v -2.47298331 2.37369236 -5.01061658
v -2.47298331 2.26929604 -4.87859371
v -2.58045095 2.26929604 -4.87859371
v 0.28411722 2.59936893 -3.33018242
v 0.28411722 2.73276554 -3.35741843
v 0.28411722 2.45008052 -4.741957
v 0.28411722 2.31668366 -4.714721
v 0.28411722 2.45008052 -4.741957
v 0.39158486 2.45008052 -4.741957
v 0.39158486 2.43934762 -4.79452544
v 0.28411722 2.43934762 -4.79452544
v 0.39158486 2.3166839 -4.714721
v 0.39158486 2.45008052 -4.741957
v 0.39158486 2.73276554 -3.35741843
v 0.39158486 2.59936893 -3.33018242
v 0.28411722 2.31668366 -4.714721
v 0.39158486 2.3166839 -4.714721
v 0.39158486 2.59936893 -3.33018242
v 0.28411722 2.59936893 -3.33018242
v 0.28411722 2.73276554 -3.35741843
v 0.39158486 2.73276554 -3.35741843
v 0.39158486 2.43010532 -4.83979159
v 0.28411722 2.43010532 -4.83979159
v 0.28411722 2.43934762 -4.79452544
v 0.28411722 2.36143887 -4.77861814
v 0.39158486 2.36143887 -4.77861814
v 0.39158486 2.43934762 -4.79452544
v 0.28411722 2.36143887 -4.77861814
v 0.39158486 2.36143887 -4.77861814
v 0.39158486 2.43010532 -4.83979159
v 0.39158486 2.35219681 -4.82388429
v 0.39158486 2.29235207 -4.87859371
v 0.39158486 2.4184476 -4.90433912
v 0.28411722 2.43010532 -4.83979159
v 0.28411722 2.35219681 -4.82388429
v 0.28411722 2.35219681 -4.82388429
v 0.39158486 2.35219681 -4.82388429
v 0.39158486 2.28400455 -4.91947963
v 0.28411722 2.28400455 -4.91947963
v 0.28411674 2.29255614 -4.98934391
v 0.39158439 2.29255614 -4.98934391
v 0.39158486 2.35219681 -4.82388429
v 0.28411722 2.35219681 -4.82388429
v 0.28411722 2.29235207 -4.87859371
v 0.39158486 2.29235207 -4.87859371
v 0.39158486 2.4184476 -4.90433912
v 0.28411722 2.4184476 -4.90433912
v 0.28411722 2.4184476 -4.90433912
v 0.28411722 2.29235207 -4.87859371
v 0.28411674 2.29255614 -4.98934391
v 0.28411674 2.39674863 -5.01061658
v 0.39158439 2.39674863 -5.01061658
v 0.39158439 2.29255614 -4.98934391
v 0.28411674 2.41009984 -4.94522504
v 0.39158439 2.41009984 -4.94522504
v 0.39158439 2.39674863 -5.01061658
v 0.28411674 2.39674863 -5.01061658
v 0.28411722 2.28400455 -4.91947963
v 0.28411674 2.41009984 -4.94522504
v 0.28411674 2.39674863 -5.01061658
v 0.28411674 2.29255614 -4.98934391
v 0.39158439 2.41009984 -4.94522504
v 0.39158486 2.28400455 -4.91947963
v 0.39158439 2.29255614 -4.98934391
v 0.39158439 2.39674863 -5.01061658
v 0.39158486 2.29235207 -4.87859371
v 0.28411722 2.29235207 -4.87859371
v 4.09062472 2.60543568 -2.10795917
v 4.15056792 2.72767789 -2.10795919
v 4.5759262 2.51757081 -2.10795916
v 4.51598253 2.39532812 -2.10795914
v 4.5759262 2.51757081 -2.10795916
v 4.5759262 2.51757083 -2.00049151
v 4.62409867 2.49394879 -2.00049103
v 4.62409867 2.49394878 -2.10795915
v 4.51598253 2.3953279 -2.00049101
v 4.5759262 2.51757083 -2.00049151
v 4.15056792 2.72767815 -2.00049202
v 4.09062472 2.60543546 -2.00049152
v 4.51598253 2.39532812 -2.10795914
v 4.51598253 2.3953279 -2.00049101
v 4.09062472 2.60543546 -2.00049152
v 4.09062472 2.60543568 -2.10795917
v 4.15056792 2.72767789 -2.10795919
v 4.15056792 2.72767815 -2.00049202
v 4.66557969 2.47360787 -2.0004915
v 4.66557969 2.47360786 -2.10795867
v 4.62409867 2.49394878 -2.10795915
v 4.58908929 2.42255457 -2.10795914
v 4.58908929 2.42255459 -2.00049149
v 4.62409867 2.49394879 -2.00049103
v 4.58908929 2.42255457 -2.10795914
v 4.58908929 2.42255459 -2.00049149
v 4.66557969 2.47360787 -2.0004915
v 4.63057079 2.40221343 -2.00049149
v 4.66845073 2.33052335 -2.00049148
v 4.72511329 2.44607482 -2.0004915
v 4.66557969 2.47360786 -2.10795867
v 4.63057079 2.40221365 -2.10795866
v 4.63057079 2.40221365 -2.10795866
v 4.63057079 2.40221343 -2.00049149
v 4.70591821 2.31215058 -2.00049147
v 4.70591821 2.31215056 -2.10795912
v 4.77568473 2.30283745 -2.10795912
v 4.77568425 2.30283747 -2.00049147
v 4.63057079 2.40221343 -2.00049149
v 4.63057079 2.40221365 -2.10795866
v 4.66845073 2.33052286 -2.10795913
v 4.66845073 2.33052335 -2.00049148
v 4.72511329 2.44607482 -2.0004915
v 4.72511281 2.44607504 -2.10795867
v 4.72511281 2.44607504 -2.10795867
v 4.66845073 2.33052286 -2.10795913
v 4.77568473 2.30283745 -2.10795912
v 4.82250489 2.39831766 -2.10795866
v 4.82250489 2.39831815 -2.00049149
v 4.77568425 2.30283747 -2.00049147
v 4.76258077 2.42770227 -2.10795914
v 4.76258029 2.42770252 -2.00049149
v 4.82250489 2.39831815 -2.00049149
v 4.82250489 2.39831766 -2.10795866
v 4.70591821 2.31215056 -2.10795912
v 4.76258077 2.42770227 -2.10795914
v 4.82250489 2.39831766 -2.10795866
v 4.77568473 2.30283745 -2.10795912
v 4.76258029 2.42770252 -2.00049149
v 4.70591821 2.31215058 -2.00049147
v 4.77568425 2.30283747 -2.00049147
v 4.82250489 2.39831815 -2.00049149
v 4.66845073 2.33052335 -2.00049148
v 4.66845073 2.33052286 -2.10795913
v 4.09062472 2.60543526 -3.25883138
v 4.15056792 2.72767795 -3.2588314
v 4.5759262 2.51757039 -3.25883088
v 4.515983 2.3953277 -3.25883086
v 4.5759262 2.51757039 -3.25883088
v 4.5759262 2.51757064 -3.15136276
v 4.62409867 2.49394861 -3.15136276
v 4.62409867 2.49394859 -3.25883088
v 4.515983 2.39532772 -3.15136274
v 4.5759262 2.51757064 -3.15136276
v 4.15056792 2.72767796 -3.15136327
v 4.09062472 2.60543504 -3.15136325
v 4.515983 2.3953277 -3.25883086
v 4.515983 2.39532772 -3.15136274
v 4.09062472 2.60543504 -3.15136325
v 4.09062472 2.60543526 -3.25883138
v 4.15056792 2.72767795 -3.2588314
v 4.15056792 2.72767796 -3.15136327
v 4.66557969 2.47360769 -3.15136275
v 4.66557969 2.47360767 -3.25883088
v 4.62409867 2.49394859 -3.25883088
v 4.58908929 2.42255438 -3.25883087
v 4.58908929 2.4225544 -3.15136274
v 4.62409867 2.49394861 -3.15136276
v 4.58908929 2.42255438 -3.25883087
v 4.58908929 2.4225544 -3.15136274
v 4.66557969 2.47360769 -3.15136275
v 4.63057126 2.40221348 -3.15136274
v 4.6684512 2.33052293 -3.15136321
v 4.72511329 2.44607463 -3.15136322
v 4.66557969 2.47360767 -3.25883088
v 4.63057126 2.40221347 -3.25883039
v 4.63057126 2.40221347 -3.25883039
v 4.63057126 2.40221348 -3.15136274
v 4.70591821 2.31215015 -3.15136273
v 4.70591821 2.31215037 -3.25883085
v 4.77568473 2.30283727 -3.25883037
v 4.77568473 2.30283728 -3.15136272
v 4.63057126 2.40221348 -3.15136274
v 4.63057126 2.40221347 -3.25883039
v 4.6684512 2.33052267 -3.25883133
v 4.6684512 2.33052293 -3.15136321
v 4.72511329 2.44607463 -3.15136322
v 4.72511329 2.44607462 -3.2588304
v 4.72511329 2.44607462 -3.2588304
v 4.6684512 2.33052267 -3.25883133
v 4.77568473 2.30283727 -3.25883037
v 4.82250489 2.39831794 -3.25883087
v 4.82250489 2.39831749 -3.15136274
v 4.77568473 2.30283728 -3.15136272
v 4.76258077 2.42770256 -3.25883087
v 4.76258077 2.4277021 -3.15136322
v 4.82250489 2.39831749 -3.15136274
v 4.82250489 2.39831794 -3.25883087
v 4.70591821 2.31215037 -3.25883085
v 4.76258077 2.42770256 -3.25883087
v 4.82250489 2.39831794 -3.25883087
v 4.77568473 2.30283727 -3.25883037
v 4.76258077 2.4277021 -3.15136322
v 4.70591821 2.31215015 -3.15136273
v 4.77568473 2.30283728 -3.15136272
v 4.82250489 2.39831749 -3.15136274
v 4.6684512 2.33052293 -3.15136321
v 4.6684512 2.33052267 -3.25883133
v 4.09062472 2.60543584 0.28288631
v 4.15056792 2.72767852 0.28288629
v 4.57592572 2.51757096 0.28288609
v 4.515983 2.39532851 0.28288635
v 4.57592572 2.51757096 0.28288609
v 4.57592572 2.51757098 0.39035398
v 4.6240982 2.49394918 0.39035422
v 4.6240982 2.49394917 0.28288609
v 4.515983 2.39532805 0.390354
v 4.57592572 2.51757098 0.39035398
v 4.15056792 2.7276783 0.39035418
v 4.09062472 2.60543585 0.39035396
v 4.515983 2.39532851 0.28288635
v 4.515983 2.39532805 0.390354
v 4.09062472 2.60543585 0.39035396
v 4.09062472 2.60543584 0.28288631
v 4.15056792 2.72767852 0.28288629
v 4.15056792 2.7276783 0.39035418
v 4.66557969 2.4736085 0.39035374
v 4.66557969 2.47360801 0.28288633
v 4.6240982 2.49394917 0.28288609
v 4.58908929 2.42255496 0.2828861
v 4.58908929 2.42255498 0.39035423
v 4.6240982 2.49394918 0.39035422
v 4.58908929 2.42255496 0.2828861
v 4.58908929 2.42255498 0.39035423
v 4.66557969 2.4736085 0.39035374
v 4.63057079 2.40221406 0.39035399
v 4.6684512 2.33052326 0.39035424
v 4.72511329 2.44607521 0.39035423
v 4.66557969 2.47360801 0.28288633
v 4.63057126 2.40221404 0.28288611
v 4.63057126 2.40221404 0.28288611
v 4.63057079 2.40221406 0.39035399
v 4.70591821 2.31215097 0.39035401
v 4.70591821 2.31215071 0.28288636
v 4.77568473 2.30283784 0.2828866
v 4.77568473 2.30283786 0.39035401
v 4.63057079 2.40221406 0.39035399
v 4.63057126 2.40221404 0.28288611
v 4.6684512 2.33052325 0.28288636
v 4.6684512 2.33052326 0.39035424
v 4.72511329 2.44607521 0.39035423
v 4.72511329 2.44607519 0.28288634
v 4.72511329 2.44607519 0.28288634
v 4.6684512 2.33052325 0.28288636
v 4.77568473 2.30283784 0.2828866
v 4.82250489 2.39831828 0.28288611
v 4.82250489 2.3983183 0.39035423
v 4.77568473 2.30283786 0.39035401
v 4.76258077 2.42770266 0.28288634
v 4.76258077 2.42770291 0.39035423
v 4.82250489 2.3983183 0.39035423
v 4.82250489 2.39831828 0.28288611
v 4.70591821 2.31215071 0.28288636
v 4.76258077 2.42770266 0.28288634
v 4.82250489 2.39831828 0.28288611
v 4.77568473 2.30283784 0.2828866
v 4.76258077 2.42770291 0.39035423
v 4.70591821 2.31215097 0.39035401
v 4.77568473 2.30283786 0.39035401
v 4.82250489 2.3983183 0.39035423
v 4.6684512 2.33052326 0.39035424
v 4.6684512 2.33052325 0.28288636
v 4.09062472 2.60543565 -0.86798518
v 4.15056792 2.7276781 -0.86798567
v 4.57592572 2.51757077 -0.86798564
v 4.515983 2.39532809 -0.86798514
v 4.57592572 2.51757077 -0.86798564
v 4.57592572 2.51757079 -0.76051751
v 4.6240982 2.493949 -0.76051751
v 4.6240982 2.49394874 -0.86798564
v 4.51598348 2.39532834 -0.76051797
v 4.57592572 2.51757079 -0.76051751
v 4.15056744 2.72767811 -0.76051802
v 4.09062472 2.60543543 -0.76051753
v 4.515983 2.39532809 -0.86798514
v 4.51598348 2.39532834 -0.76051797
v 4.09062472 2.60543543 -0.76051753
v 4.09062472 2.60543565 -0.86798518
v 4.15056792 2.7276781 -0.86798567
v 4.15056744 2.72767811 -0.76051802
v 4.66557969 2.47360831 -0.76051751
v 4.66557969 2.47360806 -0.86798563
v 4.6240982 2.49394874 -0.86798564
v 4.58908929 2.42255477 -0.86798562
v 4.58908929 2.42255479 -0.7605175
v 4.6240982 2.493949 -0.76051751
v 4.58908929 2.42255477 -0.86798562
v 4.58908929 2.42255479 -0.7605175
v 4.66557969 2.47360831 -0.76051751
v 4.63057079 2.40221387 -0.76051797
v 4.6684512 2.33052308 -0.76051748
v 4.72511329 2.44607502 -0.7605175
v 4.66557969 2.47360806 -0.86798563
v 4.63057079 2.40221386 -0.86798562
v 4.63057079 2.40221386 -0.86798562
v 4.63057079 2.40221387 -0.76051797
v 4.70591821 2.31215054 -0.76051748
v 4.70591821 2.31215052 -0.86798561
v 4.77568473 2.30283766 -0.86798513
v 4.7756852 2.30283767 -0.76051796
v 4.63057079 2.40221387 -0.76051797
v 4.63057079 2.40221386 -0.86798562
v 4.6684512 2.3305233 -0.86798561
v 4.6684512 2.33052308 -0.76051748
v 4.72511329 2.44607502 -0.7605175
v 4.72511281 2.44607524 -0.86798515
v 4.72511281 2.44607524 -0.86798515
v 4.6684512 2.3305233 -0.86798561
v 4.77568473 2.30283766 -0.86798513
v 4.82250489 2.3983181 -0.86798514
v 4.82250489 2.39831811 -0.76051749
v 4.7756852 2.30283767 -0.76051796
v 4.76258029 2.42770247 -0.86798515
v 4.76258077 2.42770273 -0.7605175
v 4.82250489 2.39831811 -0.76051749
v 4.82250489 2.3983181 -0.86798514
v 4.70591821 2.31215052 -0.86798561
v 4.76258029 2.42770247 -0.86798515
v 4.82250489 2.3983181 -0.86798514
v 4.77568473 2.30283766 -0.86798513
v 4.76258077 2.42770273 -0.7605175
v 4.70591821 2.31215054 -0.76051748
v 4.7756852 2.30283767 -0.76051796
v 4.82250489 2.39831811 -0.76051749
v 4.6684512 2.33052308 -0.76051748
v 4.6684512 2.3305233 -0.86798561
v 4.09062472 2.60543623 2.67373132
v 4.15056744 2.72767891 2.6737313
v 4.57592572 2.51757135 2.67373133
v 4.51598253 2.39532867 2.67373135
v 4.57592572 2.51757135 2.67373133
v 4.57592572 2.51757137 2.78119922
v 4.6240982 2.49394957 2.78119923
v 4.6240982 2.49394955 2.67373134
v 4.51598253 2.39532868 2.78119948
v 4.57592572 2.51757137 2.78119922
v 4.15056744 2.72767869 2.78119895
v 4.09062472 2.605436 2.78119897
v 4.51598253 2.39532867 2.67373135
v 4.51598253 2.39532868 2.78119948
v 4.09062472 2.605436 2.78119897
v 4.09062472 2.60543623 2.67373132
v 4.15056744 2.72767891 2.6737313
v 4.15056744 2.72767869 2.78119895
v 4.66557969 2.47360865 2.78119899
v 4.66557969 2.47360864 2.6737311
v 4.6240982 2.49394955 2.67373134
v 4.58908929 2.42255511 2.67373135
v 4.58908929 2.42255513 2.78119948
v 4.6240982 2.49394957 2.78119923
v 4.58908929 2.42255511 2.67373135
v 4.58908929 2.42255513 2.78119948
v 4.66557969 2.47360865 2.78119899
v 4.63057031 2.40221445 2.78119948
v 4.6684512 2.33052365 2.78119949
v 4.72511281 2.4460756 2.78119947
v 4.66557969 2.47360864 2.6737311
v 4.63057031 2.40221443 2.67373111
v 4.63057031 2.40221443 2.67373111
v 4.63057031 2.40221445 2.78119948
v 4.70591821 2.31215112 2.78119973
v 4.70591821 2.31215134 2.67373137
v 4.77568425 2.30283823 2.67373137
v 4.77568425 2.30283801 2.78119973
v 4.63057031 2.40221445 2.78119948
v 4.63057031 2.40221443 2.67373111
v 4.6684512 2.33052364 2.67373136
v 4.6684512 2.33052365 2.78119949
v 4.72511281 2.4460756 2.78119947
v 4.72511281 2.44607558 2.67373135
v 4.72511281 2.44607558 2.67373135
v 4.6684512 2.33052364 2.67373136
v 4.77568425 2.30283823 2.67373137
v 4.82250489 2.39831843 2.67373135
v 4.82250489 2.39831845 2.78119948
v 4.77568425 2.30283801 2.78119973
v 4.76258029 2.42770305 2.67373135
v 4.76258029 2.42770306 2.78119947
v 4.82250489 2.39831845 2.78119948
v 4.82250489 2.39831843 2.67373135
v 4.70591821 2.31215134 2.67373137
v 4.76258029 2.42770305 2.67373135
v 4.82250489 2.39831843 2.67373135
v 4.77568425 2.30283823 2.67373137
v 4.76258029 2.42770306 2.78119947
v 4.70591821 2.31215112 2.78119973
v 4.77568425 2.30283801 2.78119973
v 4.82250489 2.39831845 2.78119948
v 4.6684512 2.33052365 2.78119949
v 4.6684512 2.33052364 2.67373136
v 4.09062472 2.6054358 1.52285983
v 4.15056792 2.72767849 1.52285981
v 4.57592572 2.51757116 1.52285984
v 4.51598253 2.39532824 1.52285986
v 4.57592572 2.51757116 1.52285984
v 4.57592572 2.51757118 1.63032773
v 4.62409867 2.49394915 1.63032785
v 4.6240982 2.49394913 1.52285997
v 4.51598253 2.3953285 1.63032763
v 4.57592572 2.51757118 1.63032773
v 4.15056792 2.7276785 1.63032734
v 4.09062472 2.60543606 1.63032736
v 4.51598253 2.39532824 1.52285986
v 4.51598253 2.3953285 1.63032763
v 4.09062472 2.60543606 1.63032736
v 4.09062472 2.6054358 1.52285983
v 4.15056792 2.72767849 1.52285981
v 4.15056792 2.7276785 1.63032734
v 4.66557969 2.47360847 1.63032762
v 4.66557969 2.47360845 1.52285985
v 4.6240982 2.49394913 1.52285997
v 4.58908929 2.42255493 1.52285986
v 4.58908929 2.42255518 1.63032763
v 4.62409867 2.49394915 1.63032785
v 4.58908929 2.42255493 1.52285986
v 4.58908929 2.42255518 1.63032763
v 4.66557969 2.47360847 1.63032762
v 4.63057031 2.40221426 1.63032751
v 4.66845073 2.33052347 1.63032764
v 4.72511281 2.44607541 1.63032762
v 4.66557969 2.47360845 1.52285985
v 4.63057031 2.40221424 1.52285974
v 4.63057031 2.40221424 1.52285974
v 4.63057031 2.40221426 1.63032751
v 4.70591821 2.31215117 1.63032753
v 4.70591821 2.31215091 1.52285964
v 4.77568425 2.30283781 1.52285976
v 4.77568425 2.30283806 1.63032741
v 4.63057031 2.40221426 1.63032751
v 4.63057031 2.40221424 1.52285974
v 4.66845073 2.33052345 1.52285999
v 4.66845073 2.33052347 1.63032764
v 4.72511281 2.44607541 1.63032762
v 4.72511281 2.44607516 1.52285986
v 4.72511281 2.44607516 1.52285986
v 4.66845073 2.33052345 1.52285999
v 4.77568425 2.30283781 1.52285976
v 4.82250441 2.39831825 1.52285974
v 4.82250441 2.3983185 1.63032751
v 4.77568425 2.30283806 1.63032741
v 4.76258029 2.42770286 1.52285974
v 4.76258029 2.42770312 1.63032751
v 4.82250441 2.3983185 1.63032751
v 4.82250441 2.39831825 1.52285974
v 4.70591821 2.31215091 1.52285964
v 4.76258029 2.42770286 1.52285974
v 4.82250441 2.39831825 1.52285974
v 4.77568425 2.30283781 1.52285976
v 4.76258029 2.42770312 1.63032751
v 4.70591821 2.31215117 1.63032753
v 4.77568425 2.30283806 1.63032741
v 4.82250441 2.3983185 1.63032751
v 4.66845073 2.33052347 1.63032764
v 4.66845073 2.33052345 1.52285999
v -3.40843861 2.60543605 1.62601496
v -3.46838276 2.7276785 1.62601482
v -3.89373961 2.51757118 1.62601486
v -3.83379737 2.39532849 1.62601488
v -3.89373961 2.51757118 1.62601486
v -3.89374057 2.51757116 1.51854709
v -3.94191256 2.49394913 1.51854709
v -3.94191161 2.49394915 1.62601486
v -3.83379737 2.39532848 1.51854711
v -3.89374057 2.51757116 1.51854709
v -3.46838276 2.72767849 1.51854706
v -3.40843956 2.6054358 1.5185472
v -3.83379737 2.39532849 1.62601488
v -3.83379737 2.39532848 1.51854711
v -3.40843956 2.6054358 1.5185472
v -3.40843861 2.60543605 1.62601496
v -3.46838276 2.7276785 1.62601482
v -3.46838276 2.72767849 1.51854706
v -3.98339453 2.47360845 1.51854686
v -3.98339358 2.47360847 1.62601487
v -3.94191161 2.49394915 1.62601486
v -3.90690318 2.42255518 1.62601487
v -3.90690318 2.42255492 1.51854699
v -3.94191256 2.49394913 1.51854709
v -3.90690318 2.42255518 1.62601487
v -3.90690318 2.42255492 1.51854699
v -3.98339453 2.47360845 1.51854686
v -3.9483842 2.40221424 1.51854699
v -3.98626509 2.33052345 1.51854712
v -4.0429267 2.44607539 1.51854698
v -3.98339358 2.47360847 1.62601487
v -3.9483842 2.40221402 1.62601476
v -3.9483842 2.40221402 1.62601476
v -3.9483842 2.40221424 1.51854699
v -4.0237321 2.31215091 1.51854701
v -4.0237321 2.31215093 1.62601489
v -4.09349814 2.30283782 1.62601501
v -4.09349814 2.30283781 1.51854713
v -3.9483842 2.40221424 1.51854699
v -3.9483842 2.40221402 1.62601476
v -3.98626509 2.33052323 1.62601489
v -3.98626509 2.33052345 1.51854712
v -4.0429267 2.44607539 1.51854698
v -4.0429267 2.44607541 1.62601487
v -4.0429267 2.44607541 1.62601487
v -3.98626509 2.33052323 1.62601489
v -4.09349814 2.30283782 1.62601501
v -4.14031878 2.3983185 1.626015
v -4.14031878 2.39831825 1.51854711
v -4.09349814 2.30283781 1.51854713
v -4.08039465 2.42770288 1.62601487
v -4.08039465 2.42770286 1.51854711
v -4.14031878 2.39831825 1.51854711
v -4.14031878 2.3983185 1.626015
v -4.0237321 2.31215093 1.62601489
v -4.08039465 2.42770288 1.62601487
v -4.14031878 2.3983185 1.626015
v -4.09349814 2.30283782 1.62601501
v -4.08039465 2.42770286 1.51854711
v -4.0237321 2.31215091 1.51854701
v -4.09349814 2.30283781 1.51854713
v -4.14031878 2.39831825 1.51854711
v -3.98626509 2.33052345 1.51854712
v -3.98626509 2.33052323 1.62601489
v -3.40843861 2.605436 2.77688645
v -3.4683818 2.72767869 2.77688667
v -3.89374057 2.51757137 2.77688647
v -3.83379737 2.39532868 2.77688649
v -3.89374057 2.51757137 2.77688647
v -3.89374057 2.51757111 2.66941882
v -3.94191256 2.49394932 2.66941858
v -3.94191256 2.49394933 2.77688647
v -3.83379737 2.39532843 2.66941884
v -3.89374057 2.51757111 2.66941882
v -3.4683818 2.72767867 2.66941878
v -3.40843861 2.60543599 2.6694188
v -3.83379737 2.39532868 2.77688649
v -3.83379737 2.39532843 2.66941884
v -3.40843861 2.60543599 2.6694188
v -3.40843861 2.605436 2.77688645
v -3.4683818 2.72767869 2.77688667
v -3.4683818 2.72767867 2.66941878
v -3.98339358 2.4736084 2.66941883
v -3.98339358 2.47360841 2.77688647
v -3.94191256 2.49394933 2.77688647
v -3.90690318 2.42255513 2.77688648
v -3.90690318 2.42255511 2.6694186
v -3.94191256 2.49394932 2.66941858
v -3.90690318 2.42255513 2.77688648
v -3.90690318 2.42255511 2.6694186
v -3.98339358 2.4736084 2.66941883
v -3.94838515 2.40221419 2.6694186
v -3.98626509 2.33052364 2.66941861
v -4.0429267 2.44607534 2.66941859
v -3.98339358 2.47360841 2.77688647
v -3.94838515 2.40221421 2.77688649
v -3.94838515 2.40221421 2.77688649
v -3.94838515 2.40221419 2.6694186
v -4.0237321 2.3121511 2.66941861
v -4.0237321 2.31215112 2.7768865
v -4.09349814 2.30283801 2.7768865
v -4.09349814 2.30283799 2.66941885
v -3.94838515 2.40221419 2.6694186
v -3.94838515 2.40221421 2.77688649
v -3.98626509 2.33052341 2.7768865
v -3.98626509 2.33052364 2.66941861
v -4.0429267 2.44607534 2.66941859
v -4.0429267 2.44607536 2.77688648
v -4.0429267 2.44607536 2.77688648
v -3.98626509 2.33052341 2.7768865
v -4.09349814 2.30283801 2.7768865
v -4.14031878 2.39831845 2.77688649
v -4.14031878 2.39831843 2.66941884
v -4.09349814 2.30283799 2.66941885
v -4.08039465 2.42770306 2.77688648
v -4.08039465 2.42770305 2.66941883
v -4.14031878 2.39831843 2.66941884
v -4.14031878 2.39831845 2.77688649
v -4.0237321 2.31215112 2.7768865
v -4.08039465 2.42770306 2.77688648
v -4.14031878 2.39831845 2.77688649
v -4.09349814 2.30283801 2.7768865
v -4.08039465 2.42770305 2.66941883
v -4.0237321 2.3121511 2.66941861
v -4.09349814 2.30283799 2.66941885
v -4.14031878 2.39831843 2.66941884
v -3.98626509 2.33052364 2.66941861
v -3.98626509 2.33052341 2.7768865
v -3.40843861 2.60543567 -0.76483052
v -3.4683818 2.72767811 -0.76483054
v -3.89374057 2.51757079 -0.76483051
v -3.83379737 2.39532811 -0.76483096
v -3.89374057 2.51757079 -0.76483051
v -3.89374057 2.51757077 -0.87229815
v -3.94191256 2.49394898 -0.87229815
v -3.94191256 2.49394899 -0.7648305
v -3.83379737 2.39532809 -0.87229861
v -3.89374057 2.51757077 -0.87229815
v -3.4683818 2.72767833 -0.87229867
v -3.40843861 2.60543565 -0.87229817
v -3.83379737 2.39532811 -0.76483096
v -3.83379737 2.39532809 -0.87229861
v -3.40843861 2.60543565 -0.87229817
v -3.40843861 2.60543567 -0.76483052
v -3.4683818 2.72767811 -0.76483054
v -3.4683818 2.72767833 -0.87229867
v -3.98339358 2.4736083 -0.87229862
v -3.98339358 2.47360831 -0.7648305
v -3.94191256 2.49394899 -0.7648305
v -3.90690318 2.42255479 -0.76483049
v -3.90690318 2.42255477 -0.87229814
v -3.94191256 2.49394898 -0.87229815
v -3.90690318 2.42255479 -0.76483049
v -3.90690318 2.42255477 -0.87229814
v -3.98339358 2.4736083 -0.87229862
v -3.94838515 2.40221385 -0.87229814
v -3.98626509 2.3305233 -0.87229812
v -4.04292765 2.44607524 -0.87229814
v -3.98339358 2.47360831 -0.7648305
v -3.94838515 2.40221387 -0.76483049
v -3.94838515 2.40221387 -0.76483049
v -3.94838515 2.40221385 -0.87229814
v -4.0237321 2.31215076 -0.87229812
v -4.0237321 2.31215078 -0.76483047
v -4.09349909 2.30283767 -0.76483047
v -4.09349909 2.30283766 -0.87229812
v -3.94838515 2.40221385 -0.87229814
v -3.94838515 2.40221387 -0.76483049
v -3.98626509 2.33052331 -0.76483048
v -3.98626509 2.3305233 -0.87229812
v -4.04292765 2.44607524 -0.87229814
v -4.04292765 2.44607478 -0.76483049
v -4.04292765 2.44607478 -0.76483049
v -3.98626509 2.33052331 -0.76483048
v -4.09349909 2.30283767 -0.76483047
v -4.14031878 2.39831811 -0.76483049
v -4.14031878 2.39831809 -0.87229814
v -4.09349909 2.30283766 -0.87229812
v -4.08039465 2.42770272 -0.76483049
v -4.08039465 2.42770271 -0.87229814
v -4.14031878 2.39831809 -0.87229814
v -4.14031878 2.39831811 -0.76483049
v -4.0237321 2.31215078 -0.76483047
v -4.08039465 2.42770272 -0.76483049
v -4.14031878 2.39831811 -0.76483049
v -4.09349909 2.30283767 -0.76483047
v -4.08039465 2.42770271 -0.87229814
v -4.0237321 2.31215076 -0.87229812
v -4.09349909 2.30283766 -0.87229812
v -4.14031878 2.39831809 -0.87229814
v -3.98626509 2.3305233 -0.87229812
v -3.98626509 2.33052331 -0.76483048
v -3.40843861 2.60543585 0.38604121
v -3.4683818 2.72767854 0.38604143
v -3.89374057 2.51757098 0.38604146
v -3.83379737 2.39532829 0.386041
v -3.89374057 2.51757098 0.38604146
v -3.89374057 2.51757096 0.27857357
v -3.94191256 2.49394893 0.27857358
v -3.94191256 2.49394894 0.38604146
v -3.83379737 2.39532804 0.27857359
v -3.89374057 2.51757096 0.27857357
v -3.4683818 2.72767828 0.2785733
v -3.40843861 2.6054356 0.2785738
v -3.83379737 2.39532829 0.386041
v -3.83379737 2.39532804 0.27857359
v -3.40843861 2.6054356 0.2785738
v -3.40843861 2.60543585 0.38604121
v -3.4683818 2.72767854 0.38604143
v -3.4683818 2.72767828 0.2785733
v -3.98339358 2.47360825 0.27857334
v -3.98339358 2.47360802 0.38604123
v -3.94191256 2.49394894 0.38604146
v -3.90690413 2.42255498 0.38604148
v -3.90690413 2.42255448 0.27857359
v -3.94191256 2.49394893 0.27857358
v -3.90690413 2.42255498 0.38604148
v -3.90690413 2.42255448 0.27857359
v -3.98339358 2.47360825 0.27857334
v -3.94838515 2.4022138 0.27857359
v -3.98626509 2.33052325 0.2785736
v -4.04292765 2.44607519 0.27857382
v -3.98339358 2.47360802 0.38604123
v -3.94838515 2.40221406 0.38604124
v -3.94838515 2.40221406 0.38604124
v -3.94838515 2.4022138 0.27857359
v -4.02373305 2.31215071 0.27857361
v -4.02373305 2.31215097 0.38604126
v -4.09349909 2.30283786 0.38604126
v -4.09349909 2.30283784 0.27857361
v -3.94838515 2.4022138 0.27857359
v -3.94838515 2.40221406 0.38604124
v -3.98626509 2.33052302 0.38604149
v -3.98626509 2.33052325 0.2785736
v -4.04292765 2.44607519 0.27857382
v -4.04292765 2.44607521 0.38604123
v -4.04292765 2.44607521 0.38604123
v -3.98626509 2.33052302 0.38604149
v -4.09349909 2.30283786 0.38604126
v -4.14031878 2.39831806 0.38604124
v -4.14031878 2.39831804 0.27857359
v -4.09349909 2.30283784 0.27857361
v -4.08039465 2.42770244 0.38604124
v -4.08039465 2.42770242 0.27857383
v -4.14031878 2.39831804 0.27857359
v -4.14031878 2.39831806 0.38604124
v -4.02373305 2.31215097 0.38604126
v -4.08039465 2.42770244 0.38604124
v -4.14031878 2.39831806 0.38604124
v -4.09349909 2.30283786 0.38604126
v -4.08039465 2.42770242 0.27857383
v -4.02373305 2.31215071 0.27857361
v -4.09349909 2.30283784 0.27857361
v -4.14031878 2.39831804 0.27857359
v -3.98626509 2.33052325 0.2785736
v -3.98626509 2.33052302 0.38604149
v -3.40843861 2.60543504 -3.15567577
v -3.4683818 2.72767772 -3.15567579
v -3.89374057 2.5175704 -3.15567527
v -3.83379737 2.39532772 -3.15567478
v -3.89374057 2.5175704 -3.15567527
v -3.89374057 2.51757062 -3.26314388
v -3.94191352 2.49394859 -3.26314387
v -3.94191352 2.49394861 -3.15567575
v -3.83379737 2.3953277 -3.26314338
v -3.89374057 2.51757062 -3.26314388
v -3.4683818 2.72767794 -3.26314391
v -3.40843861 2.6054355 -3.26314389
v -3.83379737 2.39532772 -3.15567478
v -3.83379737 2.3953277 -3.26314338
v -3.40843861 2.6054355 -3.26314389
v -3.40843861 2.60543504 -3.15567577
v -3.4683818 2.72767772 -3.15567579
v -3.4683818 2.72767794 -3.26314391
v -3.98339453 2.47360791 -3.26314339
v -3.98339453 2.47360769 -3.15567574
v -3.94191352 2.49394861 -3.15567575
v -3.90690318 2.4225544 -3.15567574
v -3.90690318 2.42255438 -3.26314338
v -3.94191352 2.49394859 -3.26314387
v -3.90690318 2.4225544 -3.15567574
v -3.90690318 2.42255438 -3.26314338
v -3.98339453 2.47360791 -3.26314339
v -3.94838515 2.40221346 -3.26314338
v -3.98626509 2.33052315 -3.26314385
v -4.04292765 2.44607461 -3.26314339
v -3.98339453 2.47360769 -3.15567574
v -3.94838515 2.40221348 -3.15567573
v -3.94838515 2.40221348 -3.15567573
v -3.94838515 2.40221346 -3.26314338
v -4.02373305 2.31215013 -3.26314337
v -4.02373305 2.31215063 -3.15567572
v -4.09349909 2.30283728 -3.15567572
v -4.09349909 2.30283727 -3.26314384
v -3.94838515 2.40221346 -3.26314338
v -3.94838515 2.40221348 -3.15567573
v -3.98626509 2.33052245 -3.15567524
v -3.98626509 2.33052315 -3.26314385
v -4.04292765 2.44607461 -3.26314339
v -4.04292765 2.44607463 -3.15567526
v -4.04292765 2.44607463 -3.15567526
v -3.98626509 2.33052245 -3.15567524
v -4.09349909 2.30283728 -3.15567572
v -4.14031878 2.39831772 -3.15567573
v -4.14031878 2.39831771 -3.2631429
v -4.09349909 2.30283727 -3.26314384
v -4.08039465 2.4277021 -3.15567526
v -4.08039465 2.42770208 -3.26314339
v -4.14031878 2.39831771 -3.2631429
v -4.14031878 2.39831772 -3.15567573
v -4.02373305 2.31215063 -3.15567572
v -4.08039465 2.4277021 -3.15567526
v -4.14031878 2.39831772 -3.15567573
v -4.09349909 2.30283728 -3.15567572
v -4.08039465 2.42770208 -3.26314339
v -4.02373305 2.31215013 -3.26314337
v -4.09349909 2.30283727 -3.26314384
v -4.14031878 2.39831771 -3.2631429
v -3.98626509 2.33052315 -3.26314385
v -3.98626509 2.33052245 -3.15567524
v -3.40843861 2.60543522 -2.00480451
v -3.4683818 2.72767791 -2.00480406
v -3.89373961 2.51757059 -2.00480402
v -3.83379642 2.39532766 -2.00480353
v -3.89373961 2.51757059 -2.00480402
v -3.89373961 2.51757057 -2.11227167
v -3.94191256 2.49394854 -2.11227167
v -3.94191256 2.49394903 -2.00480402
v -3.83379642 2.39532789 -2.11227165
v -3.89373961 2.51757057 -2.11227167
v -3.4683818 2.72767789 -2.11227218
v -3.40843861 2.60543545 -2.11227264
v -3.83379642 2.39532766 -2.00480353
v -3.83379642 2.39532789 -2.11227165
v -3.40843861 2.60543545 -2.11227264
v -3.40843861 2.60543522 -2.00480451
v -3.4683818 2.72767791 -2.00480406
v -3.4683818 2.72767789 -2.11227218
v -3.98339358 2.47360786 -2.11227166
v -3.98339358 2.47360764 -2.00480402
v -3.94191256 2.49394903 -2.00480402
v -3.90690318 2.42255483 -2.00480448
v -3.90690318 2.42255433 -2.11227213
v -3.94191256 2.49394854 -2.11227167
v -3.90690318 2.42255483 -2.00480448
v -3.90690318 2.42255433 -2.11227213
v -3.98339358 2.47360786 -2.11227166
v -3.9483842 2.40221341 -2.11227165
v -3.98626414 2.33052286 -2.11227212
v -4.04292765 2.44607433 -2.11227166
v -3.98339358 2.47360764 -2.00480402
v -3.9483842 2.40221343 -2.004804
v -3.9483842 2.40221343 -2.004804
v -3.9483842 2.40221341 -2.11227165
v -4.0237321 2.31215008 -2.11227164
v -4.0237321 2.31215058 -2.00480399
v -4.09349909 2.30283747 -2.00480399
v -4.09349909 2.30283745 -2.11227211
v -3.9483842 2.40221341 -2.11227165
v -3.9483842 2.40221343 -2.004804
v -3.98626414 2.33052287 -2.00480399
v -3.98626414 2.33052286 -2.11227212
v -4.04292765 2.44607433 -2.11227166
v -4.04292765 2.44607482 -2.00480401
v -4.04292765 2.44607482 -2.00480401
v -3.98626414 2.33052287 -2.00480399
v -4.09349909 2.30283747 -2.00480399
v -4.14031782 2.39831767 -2.00480448
v -4.14031782 2.39831789 -2.11227165
v -4.09349909 2.30283745 -2.11227211
v -4.0803937 2.42770205 -2.00480353
v -4.0803937 2.42770227 -2.11227166
v -4.14031782 2.39831789 -2.11227165
v -4.14031782 2.39831767 -2.00480448
v -4.0237321 2.31215058 -2.00480399
v -4.0803937 2.42770205 -2.00480353
v -4.14031782 2.39831767 -2.00480448
v -4.09349909 2.30283747 -2.00480399
v -4.0803937 2.42770227 -2.11227166
v -4.0237321 2.31215008 -2.11227164
v -4.09349909 2.30283745 -2.11227211
v -4.14031782 2.39831789 -2.11227165
v -3.98626414 2.33052286 -2.11227212
v -3.98626414 2.33052287 -2.00480399
v 1.70244499 2.60878963 2.9662814
v 1.70244499 2.73103233 3.02622458
v 1.70244499 2.52092507 3.4515829
v 1.70244499 2.39868238 3.39163996
v 1.70244499 2.52092507 3.4515829
v 1.59497734 2.52092507 3.4515829
v 1.59497734 2.49730328 3.49975537
v 1.70244499 2.49730328 3.49975537
v 1.59497734 2.39868238 3.39163996
v 1.59497734 2.52092507 3.4515829
v 1.59497734 2.73103233 3.02622458
v 1.59497734 2.60878963 2.9662814
v 1.70244499 2.39868238 3.39163996
v 1.59497734 2.39868238 3.39163996
v 1.59497734 2.60878963 2.9662814
v 1.70244499 2.60878963 2.9662814
v 1.70244499 2.73103233 3.02622458
v 1.59497734 2.73103233 3.02622458
v 1.59497734 2.47696237 3.54123687
v 1.70244499 2.47696237 3.54123687
v 1.70244499 2.49730328 3.49975537
v 1.70244499 2.42590884 3.46474624
v 1.59497734 2.42590884 3.46474648
v 1.59497734 2.49730328 3.49975537
v 1.70244499 2.42590884 3.46474624
v 1.59497734 2.42590884 3.46474648
v 1.59497734 2.47696237 3.54123687
v 1.59497734 2.40556793 3.50622774
v 1.59497734 2.33387737 3.54410793
v 1.59497734 2.44942933 3.60077023
v 1.70244499 2.47696237 3.54123687
v 1.70244499 2.40556793 3.50622774
v 1.70244499 2.40556793 3.50622774
v 1.59497734 2.40556793 3.50622774
v 1.59497734 2.31550484 3.58157541
v 1.70244499 2.31550484 3.58157517
v 1.70244499 2.30619175 3.6513417
v 1.59497734 2.30619175 3.6513417
v 1.59497734 2.40556793 3.50622774
v 1.70244499 2.40556793 3.50622774
v 1.70244499 2.33387737 3.54410793
v 1.59497734 2.33387737 3.54410793
v 1.59497734 2.44942933 3.60077023
v 1.70244499 2.44942933 3.60077023
v 1.70244499 2.44942933 3.60077023
v 1.70244499 2.33387737 3.54410793
v 1.70244499 2.30619175 3.6513417
v 1.70244499 2.4016722 3.6981616
v 1.59497734 2.4016722 3.6981616
v 1.59497734 2.30619175 3.6513417
v 1.70244499 2.4310568 3.63823748
v 1.59497734 2.4310568 3.63823748
v 1.59497734 2.4016722 3.6981616
v 1.70244499 2.4016722 3.6981616
v 1.70244499 2.31550484 3.58157517
v 1.70244499 2.4310568 3.63823748
v 1.70244499 2.4016722 3.6981616
v 1.70244499 2.30619175 3.6513417
v 1.59497734 2.4310568 3.63823748
v 1.59497734 2.31550484 3.58157541
v 1.59497734 2.30619175 3.6513417
v 1.59497734 2.4016722 3.6981616
v 1.59497734 2.33387737 3.54410793
v 1.70244499 2.33387737 3.54410793
v 2.85331672 2.60878963 2.96628116
v 2.85331672 2.73103233 3.02622434
v 2.85331672 2.52092507 3.45158266
v 2.85331672 2.39868238 3.39163948
v 2.85331672 2.52092507 3.45158266
v 2.74584907 2.52092507 3.45158266
v 2.74584907 2.49730305 3.4997549
v 2.85331672 2.49730305 3.4997549
v 2.74584907 2.39868238 3.39163948
v 2.74584907 2.52092507 3.45158266
v 2.74584907 2.73103233 3.02622434
v 2.74584907 2.60878963 2.96628116
v 2.85331672 2.39868238 3.39163948
v 2.74584907 2.39868238 3.39163948
v 2.74584907 2.60878963 2.96628116
v 2.85331672 2.60878963 2.96628116
v 2.85331672 2.73103233 3.02622434
v 2.74584907 2.73103233 3.02622434
v 2.74584907 2.47696213 3.54123639
v 2.85331672 2.47696213 3.54123639
v 2.85331672 2.49730305 3.4997549
v 2.85331672 2.42590884 3.464746
v 2.74584907 2.42590884 3.464746
v 2.74584907 2.49730305 3.4997549
v 2.85331672 2.42590884 3.464746
v 2.74584907 2.42590884 3.464746
v 2.74584907 2.47696213 3.54123639
v 2.74584907 2.40556793 3.5062275
v 2.74584907 2.33387737 3.54410769
v 2.74584907 2.44942933 3.60076976
v 2.85331672 2.47696213 3.54123639
v 2.85331672 2.40556793 3.5062275
v 2.85331672 2.40556793 3.5062275
v 2.74584907 2.40556793 3.5062275
v 2.74584907 2.31550484 3.58157494
v 2.85331672 2.31550484 3.58157494
v 2.85331672 2.30619175 3.65134122
v 2.74584907 2.30619175 3.65134146
v 2.74584907 2.40556793 3.5062275
v 2.85331672 2.40556793 3.5062275
v 2.85331672 2.33387737 3.54410745
v 2.74584907 2.33387737 3.54410769
v 2.74584907 2.44942933 3.60076976
v 2.85331672 2.44942933 3.60076976
v 2.85331672 2.44942933 3.60076976
v 2.85331672 2.33387737 3.54410745
v 2.85331672 2.30619175 3.65134122
v 2.85331672 2.4016722 3.69816113
v 2.74584907 2.4016722 3.69816113
v 2.74584907 2.30619175 3.65134146
v 2.85331672 2.4310568 3.638237
v 2.74584907 2.4310568 3.638237
v 2.74584907 2.4016722 3.69816113
v 2.85331672 2.4016722 3.69816113
v 2.85331672 2.31550484 3.58157494
v 2.85331672 2.4310568 3.638237
v 2.85331672 2.4016722 3.69816113
v 2.85331672 2.30619175 3.65134122
v 2.74584907 2.4310568 3.638237
v 2.74584907 2.31550484 3.58157494
v 2.74584907 2.30619175 3.65134146
v 2.74584907 2.4016722 3.69816113
v 2.74584907 2.33387737 3.54410769
v 2.85331672 2.33387737 3.54410745
v -0.68840025 2.60878963 2.96628235
v -0.68840025 2.73103233 3.02622529
v -0.68840025 2.52092507 3.45158385
v -0.68840025 2.39868238 3.39164067
v -0.68840025 2.52092507 3.45158385
v -0.7958679 2.52092507 3.45158385
v -0.7958679 2.49730328 3.49975609
v -0.68840025 2.49730328 3.49975609
v -0.7958679 2.39868238 3.39164067
v -0.7958679 2.52092507 3.45158385
v -0.7958679 2.73103233 3.02622529
v -0.7958679 2.60878963 2.96628235
v -0.68840025 2.39868238 3.39164067
v -0.7958679 2.39868238 3.39164067
v -0.7958679 2.60878963 2.96628235
v -0.68840025 2.60878963 2.96628235
v -0.68840025 2.73103233 3.02622529
v -0.7958679 2.73103233 3.02622529
v -0.7958679 2.47696237 3.54123759
v -0.68840025 2.47696237 3.54123759
v -0.68840025 2.49730328 3.49975609
v -0.68840025 2.42590884 3.46474719
v -0.7958679 2.42590884 3.46474719
v -0.7958679 2.49730328 3.49975609
v -0.68840025 2.42590884 3.46474719
v -0.7958679 2.42590884 3.46474719
v -0.7958679 2.47696237 3.54123759
v -0.7958679 2.40556793 3.50622869
v -0.7958679 2.33387737 3.54410889
v -0.7958679 2.44942933 3.60077095
v -0.68840025 2.47696237 3.54123759
v -0.68840025 2.40556793 3.50622845
v -0.68840025 2.40556793 3.50622845
v -0.7958679 2.40556793 3.50622869
v -0.7958679 2.31550484 3.58157613
v -0.68840025 2.31550484 3.58157613
v -0.68840025 2.30619175 3.65134241
v -0.7958679 2.30619175 3.65134265
v -0.7958679 2.40556793 3.50622869
v -0.68840025 2.40556793 3.50622845
v -0.68840025 2.33387737 3.54410889
v -0.7958679 2.33387737 3.54410889
v -0.7958679 2.44942933 3.60077095
v -0.68840025 2.44942933 3.60077095
v -0.68840025 2.44942933 3.60077095
v -0.68840025 2.33387737 3.54410889
v -0.68840025 2.30619175 3.65134241
v -0.68840025 2.4016722 3.69816256
v -0.7958679 2.4016722 3.69816256
v -0.7958679 2.30619175 3.65134265
v -0.68840025 2.4310568 3.63823819
v -0.7958679 2.4310568 3.63823819
v -0.7958679 2.4016722 3.69816256
v -0.68840025 2.4016722 3.69816256
v -0.68840025 2.31550484 3.58157613
v -0.68840025 2.4310568 3.63823819
v -0.68840025 2.4016722 3.69816256
v -0.68840025 2.30619175 3.65134241
v -0.7958679 2.4310568 3.63823819
v -0.7958679 2.31550484 3.58157613
v -0.7958679 2.30619175 3.65134265
v -0.7958679 2.4016722 3.69816256
v -0.7958679 2.33387737 3.54410889
v -0.68840025 2.33387737 3.54410889
v 0.46247147 2.60878963 2.96628188
v 0.46247147 2.73103233 3.02622505
v 0.46247147 2.52092507 3.45158337
v 0.46247147 2.39868238 3.3916402
v 0.46247147 2.52092507 3.45158337
v 0.35500383 2.52092507 3.45158337
v 0.35500383 2.49730305 3.49975561
v 0.46247147 2.49730305 3.49975561
v 0.35500383 2.39868238 3.3916402
v 0.35500383 2.52092507 3.45158337
v 0.35500383 2.73103233 3.02622505
v 0.35500383 2.60878963 2.96628211
v 0.46247147 2.39868238 3.3916402
v 0.35500383 2.39868238 3.3916402
v 0.35500383 2.60878963 2.96628211
v 0.46247147 2.60878963 2.96628188
v 0.46247147 2.73103233 3.02622505
v 0.35500383 2.73103233 3.02622505
v 0.35500383 2.47696213 3.54123711
v 0.46247147 2.47696213 3.54123711
v 0.46247147 2.49730305 3.49975561
v 0.46247147 2.42590884 3.46474672
v 0.35500383 2.42590884 3.46474672
v 0.35500383 2.49730305 3.49975561
v 0.46247147 2.42590884 3.46474672
v 0.35500383 2.42590884 3.46474672
v 0.35500383 2.47696213 3.54123711
v 0.35500383 2.40556793 3.50622822
v 0.35500383 2.33387737 3.54410841
v 0.35500383 2.44942933 3.60077047
v 0.46247147 2.47696213 3.54123711
v 0.46247147 2.40556793 3.50622822
v 0.46247147 2.40556793 3.50622822
v 0.35500383 2.40556793 3.50622822
v 0.35500383 2.31550484 3.58157565
v 0.46247147 2.31550484 3.58157565
v 0.46247147 2.30619175 3.65134217
v 0.35500383 2.30619175 3.65134217
v 0.35500383 2.40556793 3.50622822
v 0.46247147 2.40556793 3.50622822
v 0.46247147 2.33387737 3.54410841
v 0.35500383 2.33387737 3.54410841
v 0.35500383 2.44942933 3.60077047
v 0.46247147 2.44942933 3.60077047
v 0.46247147 2.44942933 3.60077047
v 0.46247147 2.33387737 3.54410841
v 0.46247147 2.30619175 3.65134217
v 0.46247147 2.4016722 3.69816208
v 0.35500383 2.4016722 3.69816208
v 0.35500383 2.30619175 3.65134217
v 0.46247147 2.4310568 3.63823771
v 0.35500383 2.4310568 3.63823795
v 0.35500383 2.4016722 3.69816208
v 0.46247147 2.4016722 3.69816208
v 0.46247147 2.31550484 3.58157565
v 0.46247147 2.4310568 3.63823771
v 0.46247147 2.4016722 3.69816208
v 0.46247147 2.30619175 3.65134217
v 0.35500383 2.4310568 3.63823795
v 0.35500383 2.31550484 3.58157565
v 0.35500383 2.30619175 3.65134217
v 0.35500383 2.4016722 3.69816208
v 0.35500383 2.33387737 3.54410841
v 0.46247147 2.33387737 3.54410841
v -3.0792455 2.60878987 2.96628307
v -3.0792455 2.73103233 3.02622601
v -3.0792455 2.52092507 3.45158457
v -3.0792455 2.39868238 3.39164139
v -3.0792455 2.52092507 3.45158457
v -3.18671315 2.52092507 3.45158457
v -3.18671315 2.49730328 3.4997568
v -3.0792455 2.49730328 3.4997568
v -3.18671315 2.39868238 3.39164139
v -3.18671315 2.52092507 3.45158457
v -3.18671315 2.73103233 3.02622625
v -3.18671315 2.60878987 2.96628307
v -3.0792455 2.39868238 3.39164139
v -3.18671315 2.39868238 3.39164139
v -3.18671315 2.60878987 2.96628307
v -3.0792455 2.60878987 2.96628307
v -3.0792455 2.73103233 3.02622601
v -3.18671315 2.73103233 3.02622625
v -3.18671315 2.47696237 3.5412383
v -3.0792455 2.47696237 3.5412383
v -3.0792455 2.49730328 3.4997568
v -3.0792455 2.42590884 3.46474791
v -3.18671315 2.42590884 3.46474791
v -3.18671315 2.49730328 3.4997568
v -3.0792455 2.42590884 3.46474791
v -3.18671315 2.42590884 3.46474791
v -3.18671315 2.47696237 3.5412383
v -3.18671315 2.40556793 3.50622941
v -3.18671315 2.33387737 3.5441096
v -3.18671315 2.44942933 3.6007719
v -3.0792455 2.47696237 3.5412383
v -3.0792455 2.40556793 3.50622941
v -3.0792455 2.40556793 3.50622941
v -3.18671315 2.40556793 3.50622941
v -3.18671315 2.31550484 3.58157684
v -3.0792455 2.31550484 3.58157684
v -3.0792455 2.30619175 3.65134337
v -3.18671315 2.30619175 3.65134337
v -3.18671315 2.40556793 3.50622941
v -3.0792455 2.40556793 3.50622941
v -3.0792455 2.33387737 3.5441096
v -3.18671315 2.33387737 3.5441096
v -3.18671315 2.44942933 3.6007719
v -3.0792455 2.44942933 3.60077166
v -3.0792455 2.44942933 3.60077166
v -3.0792455 2.33387737 3.5441096
v -3.0792455 2.30619175 3.65134337
v -3.0792455 2.4016722 3.69816327
v -3.18671315 2.4016722 3.69816327
v -3.18671315 2.30619175 3.65134337
v -3.0792455 2.4310568 3.63823891
v -3.18671315 2.4310568 3.63823914
v -3.18671315 2.4016722 3.69816327
v -3.0792455 2.4016722 3.69816327
v -3.0792455 2.31550484 3.58157684
v -3.0792455 2.4310568 3.63823891
v -3.0792455 2.4016722 3.69816327
v -3.0792455 2.30619175 3.65134337
v -3.18671315 2.4310568 3.63823914
v -3.18671315 2.31550484 3.58157684
v -3.18671315 2.30619175 3.65134337
v -3.18671315 2.4016722 3.69816327
v -3.18671315 2.33387737 3.5441096
v -3.0792455 2.33387737 3.5441096
v -1.92837329 2.60878963 2.96628283
v -1.92837329 2.73103233 3.02622577
v -1.92837329 2.52092507 3.45158409
v -1.92837329 2.39868238 3.39164115
v -1.92837329 2.52092507 3.45158409
v -2.03584094 2.52092507 3.45158409
v -2.03584094 2.49730305 3.49975657
v -1.92837329 2.49730305 3.49975633
v -2.03584094 2.39868238 3.39164115
v -2.03584094 2.52092507 3.45158409
v -2.03584094 2.73103233 3.02622601
v -2.03584094 2.60878963 2.96628283
v -1.92837329 2.39868238 3.39164115
v -2.03584094 2.39868238 3.39164115
v -2.03584094 2.60878963 2.96628283
v -1.92837329 2.60878963 2.96628283
v -1.92837329 2.73103233 3.02622577
v -2.03584094 2.73103233 3.02622601
v -2.03584094 2.47696213 3.54123783
v -1.92837329 2.47696213 3.54123783
v -1.92837329 2.49730305 3.49975633
v -1.92837329 2.42590884 3.46474743
v -2.03584094 2.42590884 3.46474743
v -2.03584094 2.49730305 3.49975657
v -1.92837329 2.42590884 3.46474743
v -2.03584094 2.42590884 3.46474743
v -2.03584094 2.47696213 3.54123783
v -2.03584094 2.40556793 3.50622893
v -2.03584094 2.33387737 3.54410912
v -2.03584094 2.44942933 3.60077142
v -1.92837329 2.47696213 3.54123783
v -1.92837329 2.40556793 3.50622893
v -1.92837329 2.40556793 3.50622893
v -2.03584094 2.40556793 3.50622893
v -2.03584094 2.31550484 3.58157637
v -1.92837329 2.31550484 3.58157637
v -1.92837329 2.30619175 3.65134289
v -2.03584094 2.30619175 3.65134289
v -2.03584094 2.40556793 3.50622893
v -1.92837329 2.40556793 3.50622893
v -1.92837329 2.33387737 3.54410912
v -2.03584094 2.33387737 3.54410912
v -2.03584094 2.44942933 3.60077142
v -1.92837329 2.44942933 3.60077142
v -1.92837329 2.44942933 3.60077142
v -1.92837329 2.33387737 3.54410912
v -1.92837329 2.30619175 3.65134289
v -1.92837329 2.4016722 3.6981628
v -2.03584094 2.4016722 3.6981628
v -2.03584094 2.30619175 3.65134289
v -1.92837329 2.4310568 3.63823867
v -2.03584094 2.4310568 3.63823867
v -2.03584094 2.4016722 3.6981628
v -1.92837329 2.4016722 3.6981628
v -1.92837329 2.31550484 3.58157637
v -1.92837329 2.4310568 3.63823867
v -1.92837329 2.4016722 3.6981628
v -1.92837329 2.30619175 3.65134289
v -2.03584094 2.4310568 3.63823867
v -2.03584094 2.31550484 3.58157637
v -2.03584094 2.30619175 3.65134289
v -2.03584094 2.4016722 3.6981628
v -2.03584094 2.33387737 3.54410912
v -1.92837329 2.33387737 3.54410912
v -3.65747467 0.1999994 -3.67358107
v 4.34565821 0.1999994 -3.67358107
v 4.33858671 0.19999918 -5.00057689
v -3.65070096 0.19999918 -4.99938575
v 4.34565821 0 0
v 4.34565821 -6E-07 -3.67358104
v 4.34565821 0.1999994 -3.67358107
v 4.33744421 0.2 -3E-08
v 4.33744421 0.2 -3E-08
v 4.2456583 0.19999942 -3.57358117
v 4.2456583 0.2 -3E-08
v 4.81565846 2.40714497 -3.9E-07
v 4.81565846 2.36616787 -4.99253491
v 4.81565846 2.42616781 -4.99253492
v 4.81565846 2.46714491 -4E-07
v -1.14643023 2.34623036 -4.99253491
v -4.12747469 2.40498218 -4.99253492
v -4.12747469 2.46498212 -4.99253493
v -1.14643023 2.4062303 -4.99253492
v -4.12747469 2.40714497 -3.9E-07
v -4.12747469 2.40498218 -4.99253492
v -3.55747477 2.6902693 -3.57358158
v -3.55747477 2.69026989 -4.4E-07
v -1.14643023 2.4062303 -4.99253492
v -4.12747469 2.46498212 -4.99253493
v -2.73754495 3.22356911 -2.75365161
v -0.68415116 3.2238688 -2.75262092
v -4.12747469 2.46714491 -4E-07
v -2.73754495 3.22356956 -5.3E-07
v 3.42263643 3.2244684 -5.3E-07
v 3.42263643 3.22446795 -2.75055932
v 3.42263643 3.75952954 -2.7505594
v 3.42263643 3.76008002 -6.1E-07
v -3.30754487 3.52696959 -5.7E-07
v -3.30754487 3.4648231 -3.32397367
v -2.73754495 3.75808019 -2.75365169
v -2.73754495 3.75808064 -6.1E-07
v 0.17151923 4.99963028 -3.32210567
v -3.30754487 3.4648231 -3.32397367
v -3.30754487 3.52482305 -3.32397368
v 0.17151923 5.05963022 -3.32210568
v 3.99263611 3.67776785 -3.32023768
v 3.99263611 3.73776779 -3.32023769
v 3.99263611 3.63051907 -5.9E-07
v 3.99263611 3.67776785 -3.32023768
v 3.99263611 3.73776779 -3.32023769
v 3.99263611 3.69051901 -6E-07
v -0.27989843 3.93434399 -2.75236092
v -0.27682235 4.49831479 -2.75237532
v -0.27696666 4.49830099 -2.52340671
v -0.28004273 3.93432996 -2.52339231
v -0.27989843 3.93434399 -2.75236092
v 0.68087874 3.93409914 -2.751958
v -0.27682235 4.49831479 -2.75237532
v 0.68525539 4.52666085 -2.75189038
v 0.17119711 4.99963037 -2.75210599
v 0.15969258 4.52022879 -2.7521431
v 0.15969258 4.52022879 -2.7521431
v 0.68525539 4.52666085 -2.75189038
v 0.68511109 4.52664706 -2.52292177
v 0.15954826 4.520215 -2.52317449
v 0.68525539 4.52666085 -2.75189038
v 0.68087874 3.93409914 -2.751958
v 0.68073444 3.93408511 -2.52298938
v 0.68511109 4.52664706 -2.52292177
v 0.68087874 3.93409914 -2.751958
v -0.27989843 3.93434399 -2.75236092
v -0.28004273 3.93432996 -2.52339231
v 0.68073444 3.93408511 -2.52298938
v -0.27682235 4.49831479 -2.75237532
v -0.27696666 4.49830099 -2.52340671
v -3.30754487 3.4648231 -3.32397367
v -3.30754487 3.52696959 -5.7E-07
v -3.30754511 3.58696953 -5.8E-07
v -3.30754487 3.52482305 -3.32397368
v -2.73754495 3.22356911 -2.75365161
v -2.73754495 3.22356956 -5.3E-07
v -2.73754495 3.75808064 -6.1E-07
v -2.73754495 3.75808019 -2.75365169
v 3.99263611 3.67776785 -3.32023768
v 3.99263611 3.63051907 -5.9E-07
v 3.42263643 3.76008002 -6.1E-07
v 3.42263643 3.75952954 -2.7505594
v 3.42263643 3.22446795 -2.75055932
v 3.42263643 3.2244684 -5.3E-07
v 4.81565846 2.46714491 -4E-07
v 4.81565846 2.42616781 -4.99253492
v 4.81565846 2.36616787 -4.99253491
v 4.81565846 2.40714497 -3.9E-07
v 4.2456583 2.69026989 -4.4E-07
v 4.2456583 2.6902693 -3.57358158
v -4.12747469 2.40498218 -4.99253492
v -4.12747469 2.40714497 -3.9E-07
v -4.12747469 2.46714491 -4E-07
v -4.12747469 2.46498212 -4.99253493
v -3.64985863 0.2 -3E-08
v -3.55747477 0.2 -3E-08
v -3.55747477 0.19999942 -3.57358117
v 4.2456583 1.03008995 -1.7E-07
v 4.23397007 1.03008938 -3.53495869
v 4.2456583 2.6902693 -3.57358158
v 4.2456583 2.69026989 -4.4E-07
v -3.65747467 -6E-07 -3.67358104
v -3.65747467 0 0
v -3.64985863 0.2 -3E-08
v -3.65747467 0.1999994 -3.67358107
v 4.34565821 5.2E-07 3.22019618
v 4.33567037 0.20000052 3.22392143
v -3.65747467 0.20000052 3.20929994
v -3.65442673 5.3E-07 3.22392147
v 4.33567037 0.20000052 3.22392143
v 4.34565821 5.2E-07 3.22019618
v -3.5294377 1.03008937 -3.57358131
v -3.55747477 1.03008995 -1.7E-07
v -3.55747477 2.69026989 -4.4E-07
v -3.55747477 2.6902693 -3.57358158
v 4.20132771 1.03009046 3.09973002
v 4.2456583 2.6902704 3.12392112
v -3.55747477 2.6902704 3.12392112
v -3.52893154 1.03009046 3.125628
v 4.2456583 0.20000051 3.12392153
v 4.33567037 0.20000052 3.22392143
v -3.55747477 0.20000051 3.12392153
v -3.65747467 0.20000052 3.20929994
v 4.81565846 2.46714551 3.69392084
v 4.81565846 2.40714557 3.69392085
v 4.81565846 2.40714557 3.69392085
v 4.81565846 2.46714551 3.69392084
v -4.12747469 2.46714551 3.69392084
v -4.12747469 2.40714557 3.69392085
v -4.12747469 2.40714557 3.69392085
v -3.55747477 2.6902704 3.12392112
v 4.2456583 2.6902704 3.12392112
v 4.81565846 2.40714557 3.69392085
v 4.81565846 2.46714551 3.69392084
v 3.42263643 3.22446877 2.30089869
v -2.73754495 3.22356993 2.30399098
v -4.12747469 2.46714551 3.69392084
v 3.42263643 3.75953036 2.3008986
v 3.42263643 3.22446877 2.30089869
v -2.73754495 3.75808101 2.30399089
v -3.30754487 3.48158971 2.87431296
v 0.17151923 4.99963128 2.87244447
v 0.17151923 5.05963123 2.87244446
v -3.30754487 3.54158965 2.87431295
v -3.30754487 3.48158971 2.87431296
v 3.99263611 3.64250365 2.87057692
v 3.99263611 3.70250359 2.87057691
v 3.99263611 3.70250359 2.87057691
v 3.99263611 3.64250365 2.87057692
v -0.27989843 3.93434482 2.30270007
v -0.28004273 3.93433071 2.07373145
v -0.27696666 4.49830174 2.07374566
v -0.27682235 4.49831561 2.30271428
v 0.68087874 3.93409996 2.30229714
v -0.27989843 3.93434482 2.30270007
v -0.27682235 4.49831561 2.30271428
v 0.68525539 4.52666167 2.30222933
v 0.17119711 4.99963119 2.30244478
v 0.15969258 4.52022961 2.30248206
v 0.15969258 4.52022961 2.30248206
v 0.15954826 4.52021575 2.07351344
v 0.68511109 4.5266478 2.07326072
v 0.68525539 4.52666167 2.30222933
v 0.68525539 4.52666167 2.30222933
v 0.68511109 4.5266478 2.07326072
v 0.68073444 3.93408586 2.07332852
v 0.68087874 3.93409996 2.30229714
v 0.68087874 3.93409996 2.30229714
v 0.68073444 3.93408586 2.07332852
v -0.28004273 3.93433071 2.07373145
v -0.27989843 3.93434482 2.30270007
v -0.27682235 4.49831561 2.30271428
v -0.27696666 4.49830174 2.07374566
v -3.30754487 3.48158971 2.87431296
v -3.30754487 3.54158965 2.87431295
v -2.73754495 3.22356993 2.30399098
v -2.73754495 3.75808101 2.30399089
v 3.99263611 3.64250365 2.87057692
v 3.42263643 3.75953036 2.3008986
v -4.12747469 2.40714557 3.69392085
v -4.12747469 2.46714551 3.69392084
v 4.2456583 2.6902704 3.12392112
v 4.20132771 1.03009046 3.09973002
v -3.65442673 5.3E-07 3.22392147
v -3.65747467 0.20000052 3.20929994
v 4.2456583 0.19999942 -3.57358117
v 3.38909356 0.19999942 -3.57358117
v 3.38909356 1.03754293 -3.57358131
v 4.23397007 1.03008938 -3.53495869
v 3.38909356 1.89999184 -3.57358145
v 2.01908989 1.89999184 -3.57358145
v 2.00089593 2.6902693 -3.57358158
v 3.41337292 2.6902693 -3.57358158
v 2.01908989 0.19999942 -3.57358117
v 2.01908989 1.89999184 -3.57358145
v 2.01908989 1.89999186 -3.44326662
v 2.01908989 0.19999944 -3.44326635
v 3.38909356 0.19999942 -3.57358117
v 2.01908989 0.19999942 -3.57358117
v 2.01908989 0.19999944 -3.44326635
v 3.38909356 0.19999944 -3.44326635
v 2.01908989 1.89999184 -3.57358145
v 3.38909356 1.89999184 -3.57358145
v 3.38909356 1.89999186 -3.44326662
v 2.01908989 1.89999186 -3.44326662
v 1.27580354 2.01013264 -3.57358147
v 0.2858079 2.01013264 -3.57358147
v 0.27581226 2.6902693 -3.57358158
v 1.28579912 2.6902693 -3.57358158
v 1.28579912 0.19999942 -3.57358117
v 0.27581226 0.19999942 -3.57358117
v 0.2858079 0.88013601 -3.57358128
v 1.27580354 0.88013601 -3.57358128
v 1.27580354 2.01013264 -3.57358147
v 1.27580354 0.88013601 -3.57358128
v 1.27580354 0.88013603 -3.40358121
v 1.27580354 2.01013267 -3.40358139
v 1.27580354 0.88013601 -3.57358128
v 0.2858079 0.88013601 -3.57358128
v 0.2858079 0.88013603 -3.40358121
v 1.27580354 0.88013603 -3.40358121
v 0.2858079 2.01013264 -3.57358147
v 1.27580354 2.01013264 -3.57358147
v 1.27580354 2.01013267 -3.40358139
v 0.2858079 2.01013267 -3.40358139
v 0.2858079 0.88013601 -3.57358128
v 0.2858079 2.01013264 -3.57358147
v 0.2858079 2.01013267 -3.40358139
v 0.2858079 0.88013603 -3.40358121
v -0.50234138 2.6902693 -3.57358158
v -0.50273817 2.02741822 -3.57358147
v -1.88633974 2.02737984 -3.57358147
v -1.88639839 2.6902693 -3.57358158
v -0.50273817 2.02741822 -3.57358147
v -0.50383197 0.19999942 -3.57358117
v -0.50383197 0.19999944 -3.43051358
v -0.50273817 2.02741825 -3.43051387
v -1.88617809 0.19999942 -3.57358117
v -1.88633974 2.02737984 -3.57358147
v -1.88633974 2.02737986 -3.43051387
v -1.88617809 0.19999944 -3.43051358
v -1.88633974 2.02737984 -3.57358147
v -0.50273817 2.02741822 -3.57358147
v -0.50273817 2.02741825 -3.43051387
v -1.88633974 2.02737986 -3.43051387
v -0.50383197 0.19999942 -3.57358117
v -1.88617809 0.19999942 -3.57358117
v -1.88617809 0.19999944 -3.43051358
v -0.50383197 0.19999944 -3.43051358
v -2.32187552 1.04513608 -3.57358131
v -2.33020801 0.19999942 -3.57358117
v -3.11228602 0.19999943 -3.57358117
v -3.12187545 1.04513608 -3.57358131
v -2.3063385 2.6902693 -3.57358158
v -2.32188911 1.84513268 -3.57358144
v -3.12188642 1.84513268 -3.57358144
v -3.15861552 2.69026907 -3.57358158
v -2.32187552 1.04513608 -3.57358131
v -3.12187545 1.04513608 -3.57358131
v -3.12187545 1.04513611 -3.43866191
v -2.32187552 1.04513611 -3.43866191
v -3.12187545 1.04513608 -3.57358131
v -3.12188642 1.84513268 -3.57358144
v -3.12188642 1.8451327 -3.43866204
v -3.12187545 1.04513611 -3.43866191
v -2.32188911 1.84513268 -3.57358144
v -2.32187552 1.04513608 -3.57358131
v -2.32187552 1.04513611 -3.43866191
v -2.32188911 1.8451327 -3.43866204
v -3.12188642 1.84513268 -3.57358144
v -2.32188911 1.84513268 -3.57358144
v -2.32188911 1.8451327 -3.43866204
v -3.12188642 1.8451327 -3.43866204
v 4.34565821 -8.2E-07 -5.01155079
v -3.65747467 -8.2E-07 -5.01155079
v -3.65070096 0.19999918 -4.99938575
v 4.33858671 0.19999918 -5.00057689
v 4.34565821 -8.2E-07 -5.01155079
v 4.33858671 0.19999918 -5.00057689
v -3.65070096 0.19999918 -4.99938575
v -3.65747467 -8.2E-07 -5.01155079
v -0.25561004 0.19954919 -5.22414819
v 0.95392446 0.19954919 -5.21883622
v 0.94909177 0.10361237 -5.21155061
v -0.26090824 0.10361237 -5.21155061
v 0.94909177 0.19954923 -5.01155082
v 0.95392446 0.19954919 -5.21883622
v -0.25561004 0.19954919 -5.22414819
v -0.26090824 0.19954923 -5.01155082
v 0.94909177 0.1036124 -5.01155081
v 0.94909177 0.10361237 -5.21155061
v 0.95392446 0.19954919 -5.21883622
v 0.94909177 0.19954923 -5.01155082
v 0.94615034 0.10361234 -5.40606822
v 0.94909177 -0.00094911 -5.4115504
v -0.26090824 -0.00094911 -5.4115504
v -0.25605025 0.10361234 -5.41155042
v -0.26090824 0.19954923 -5.01155082
v -0.25561004 0.19954919 -5.22414819
v -0.26090824 0.10361237 -5.21155061
v -0.26090824 0.1036124 -5.01155081
v -0.26090824 -0.00094904 -5.01155079
v -0.26090824 -0.00094911 -5.4115504
v 0.94909177 -0.00094911 -5.4115504
v 0.94909177 -0.00094904 -5.01155079
v -0.26090824 0.1036124 -5.01155081
v -0.26090824 -0.00094904 -5.01155079
v 0.94909177 -0.00094904 -5.01155079
v 0.94909177 0.1036124 -5.01155081
v 0.94909177 0.10361237 -5.21155061
v 0.94615034 0.10361234 -5.40606822
v -0.25605025 0.10361234 -5.41155042
v -0.26090824 0.10361237 -5.21155061
v -3.55747477 0.20000051 3.12392153
v -3.52893154 1.03009046 3.125628
v -3.55747477 0.2 -3E-08
v 4.2456583 0.2 -3E-08
v 4.2456583 0.20000051 3.12392153
v 4.2456583 0.20000051 3.12392153
v -3.55747477 0.20000051 3.12392153
v -3.55747477 0.19999942 -3.57358117
v 4.2456583 0.19999942 -3.57358117
v -3.55747477 2.6902704 3.12392112
v -3.5294377 1.03008937 -3.57358131
v -3.55747477 0.19999942 -3.57358117
v 1.834614 2.484099 -4.99253493
v 1.36924264 3.22416826 -2.75159024
v 4.81565846 2.36616787 -4.99253491
v 1.834614 2.42409905 -4.99253492
v 1.834614 2.484099 -4.99253493
v 4.81565846 2.42616781 -4.99253492
v 1.14171133 0.19188875 -4.70732825
v 1.13788924 0.28788746 -4.70707888
v 1.13780377 0.28848615 -4.93873256
v 1.14162574 0.19248738 -4.93898193
v 1.14162574 0.19248738 -4.93898193
v 1.13780377 0.28848615 -4.93873256
v 1.38995728 0.29852524 -4.93879932
v 1.39377925 0.20252654 -4.93904869
v 1.39377925 0.20252654 -4.93904869
v 1.38995728 0.29852524 -4.93879932
v 1.39004275 0.29792667 -4.70714611
v 1.39386472 0.2019279 -4.70739548
v 1.39386472 0.2019279 -4.70739548
v 1.39004275 0.29792667 -4.70714611
v 1.13788924 0.28788746 -4.70707888
v 1.14171133 0.19188875 -4.70732825
v 1.16306755 0.32997054 -4.7316174
v 1.16300032 0.33044186 -4.91399569
v 1.16306755 0.32997054 -4.7316174
v 1.36158559 0.33787423 -4.73167033
v 1.35886809 0.40612691 -4.73149248
v 1.16035018 0.39822322 -4.73144003
v 1.16300032 0.33044186 -4.91399569
v 1.36151811 0.33834549 -4.91404814
v 1.36151811 0.33834549 -4.91404814
v 1.36158559 0.33787423 -4.73167033
v 1.35886809 0.40612691 -4.73149248
v 1.35880074 0.40659824 -4.91387077
v 1.37910971 0.40745529 -4.93254037
v 1.37919077 0.40688753 -4.71283384
v 1.16028294 0.39869448 -4.91381784
v 1.35880074 0.40659824 -4.91387077
v 1.35880074 0.40659824 -4.91387077
v 1.35886809 0.40612691 -4.73149248
v 1.16035018 0.39822322 -4.73144003
v 1.16028294 0.39869448 -4.91381784
v 1.14004145 0.39736616 -4.71276994
v 1.37919077 0.40688753 -4.71283384
v 1.37533709 0.50368225 -4.71258209
v 1.13618777 0.49416089 -4.71251867
v 1.16028294 0.39869448 -4.91381784
v 1.16035018 0.39822322 -4.73144003
v 1.14004145 0.39736616 -4.71276994
v 1.13996026 0.39793386 -4.93247695
v 1.37525603 0.50425001 -4.9322891
v 1.1361067 0.49472859 -4.9322252
v 1.14773557 0.49516388 -4.92154834
v 1.36363479 0.50375952 -4.92160556
v 1.37910971 0.40745529 -4.93254037
v 1.13996026 0.39793386 -4.93247695
v 1.1361067 0.49472859 -4.9322252
v 1.37525603 0.50425001 -4.9322891
v 1.37919077 0.40688753 -4.71283384
v 1.37910971 0.40745529 -4.93254037
v 1.37525603 0.50425001 -4.9322891
v 1.37533709 0.50368225 -4.71258209
v 1.13996026 0.39793386 -4.93247695
v 1.14004145 0.39736616 -4.71276994
v 1.13618777 0.49416089 -4.71251867
v 1.1361067 0.49472859 -4.9322252
v 1.36370799 0.50324702 -4.72325895
v 1.36363479 0.50375952 -4.92160556
v 1.36195502 0.54595216 -4.92149589
v 1.36202821 0.54543965 -4.72314928
v 1.37533709 0.50368225 -4.71258209
v 1.36370799 0.50324702 -4.72325895
v 1.13618777 0.49416089 -4.71251867
v 1.14780876 0.49465125 -4.72320173
v 1.14612899 0.53684389 -4.72309206
v 1.36202821 0.54543965 -4.72314928
v 1.35607609 0.54521685 -4.72861479
v 1.15207717 0.53709494 -4.72856043
v 1.14773557 0.49516388 -4.92154834
v 1.14780876 0.49465125 -4.72320173
v 1.14612899 0.53684389 -4.72309206
v 1.14605579 0.53735646 -4.92143867
v 1.14780876 0.49465125 -4.72320173
v 1.36370799 0.50324702 -4.72325895
v 1.36202821 0.54543965 -4.72314928
v 1.14612899 0.53684389 -4.72309206
v 1.36363479 0.50375952 -4.92160556
v 1.14773557 0.49516388 -4.92154834
v 1.14605579 0.53735646 -4.92143867
v 1.36195502 0.54595216 -4.92149589
v 1.36195502 0.54595216 -4.92149589
v 1.14605579 0.53735646 -4.92143867
v 1.15200791 0.5375792 -4.91597364
v 1.35600695 0.54570117 -4.91602848
v 1.15200791 0.5375792 -4.91597364
v 1.15207717 0.53709494 -4.72856043
v 1.12499878 2.20292533 -4.76025034
v 1.12495623 2.20322382 -4.87565495
v 1.35607609 0.54521685 -4.72861479
v 1.35600695 0.54570117 -4.91602848
v 1.25057361 2.20822488 -4.87568833
v 1.25061628 2.20792688 -4.76028325
v 1.35600695 0.54570117 -4.91602848
v 1.15200791 0.5375792 -4.91597364
v 1.12495623 2.20322382 -4.87565495
v 1.25057361 2.20822488 -4.87568833
v 1.15207717 0.53709494 -4.72856043
v 1.35607609 0.54521685 -4.72861479
v 1.25061628 2.20792688 -4.76028325
v 1.12499878 2.20292533 -4.76025034
v 1.26677796 2.26930915 -4.89263513
v 1.26683328 2.26892246 -4.74303367
v 1.26264092 2.3732246 -4.89236526
v 1.26269612 2.37283791 -4.74276332
v 1.10399315 2.26243914 -4.7429898
v 1.10393784 2.26282583 -4.89259174
v 1.26683328 2.26892246 -4.74303367
v 1.10399315 2.26243914 -4.7429898
v 1.10393784 2.26282583 -4.89259174
v 1.26677796 2.26930915 -4.89263513
v 1.09980056 2.36674128 -4.89232186
v 1.0986192 2.39741815 -4.74263935
v 1.06468568 2.39598574 -4.71144514
v 1.06584404 2.36547051 -4.92349795
v 1.0986192 2.39741815 -4.74263935
v 1.09980056 2.36674128 -4.89232186
v 1.26269612 2.37283791 -4.74276332
v 1.0986192 2.39741815 -4.74263935
v 1.09980056 2.36674128 -4.89232186
v 1.26264092 2.3732246 -4.89236526
v 1.06468568 2.39598574 -4.71144514
v 1.29665276 2.37410892 -4.71158723
v 1.29292664 2.4949726 -4.71134359
v 1.06219611 2.48578633 -4.71128208
v 1.26269612 2.37283791 -4.74276332
v 1.29665276 2.37410892 -4.71158723
v 1.26264092 2.3732246 -4.89236526
v 1.29657456 2.37465678 -4.92355947
v 1.29657456 2.37465678 -4.92355947
v 1.06584404 2.36547051 -4.92349795
v 1.06374977 2.41807566 -4.92336159
v 1.29448018 2.42726169 -4.9234231
v 1.29665276 2.37410892 -4.71158723
v 1.29657456 2.37465678 -4.92355947
v 1.29448018 2.42726169 -4.9234231
v 1.29292664 2.4949726 -4.71134359
v 1.06584404 2.36547051 -4.92349795
v 1.06468568 2.39598574 -4.71144514
v 1.06219611 2.48578633 -4.71128208
v 1.06374977 2.41807566 -4.92336159
v -0.6259778 0.20024395 -4.70424073
v -0.62339614 0.29628438 -4.70427984
v -0.6241536 0.29621037 -4.93593305
v -0.62673526 0.20016995 -4.93589393
v -0.62673526 0.20016995 -4.93589393
v -0.6241536 0.29621037 -4.93593305
v -0.37189277 0.28942909 -4.93675559
v -0.3744744 0.19338867 -4.93671648
v -0.3744744 0.19338867 -4.93671648
v -0.37189277 0.28942909 -4.93675559
v -0.37113535 0.2895031 -4.70510286
v -0.373717 0.19346267 -4.70506375
v -0.373717 0.19346267 -4.70506375
v -0.37113535 0.2895031 -4.70510286
v -0.62339614 0.29628438 -4.70427984
v -0.6259778 0.20024395 -4.70424073
v -0.59554623 0.33652472 -4.72902198
v -0.59614252 0.33646646 -4.91139979
v -0.59554623 0.33652472 -4.72902198
v -0.39694386 0.33118587 -4.72966952
v -0.39510839 0.39946824 -4.72969719
v -0.59371077 0.40480703 -4.72904964
v -0.59614252 0.33646646 -4.91139979
v -0.39754017 0.33112761 -4.91204733
v -0.39754017 0.33112761 -4.91204733
v -0.39694386 0.33118587 -4.72966952
v -0.39510839 0.39946824 -4.72969719
v -0.39570471 0.39940992 -4.912075
v -0.37544133 0.39885762 -4.93080564
v -0.37472295 0.39892781 -4.71109911
v -0.59430705 0.40474876 -4.91142745
v -0.39570471 0.39940992 -4.912075
v -0.39570471 0.39940992 -4.912075
v -0.39510839 0.39946824 -4.72969719
v -0.59371077 0.40480703 -4.72904964
v -0.59430705 0.40474876 -4.91142745
v -0.61397408 0.40535939 -4.710319
v -0.37472295 0.39892781 -4.71109911
v -0.37211993 0.49576455 -4.7111387
v -0.61137109 0.50219613 -4.7103586
v -0.59430705 0.40474876 -4.91142745
v -0.59371077 0.40480703 -4.72904964
v -0.61397408 0.40535939 -4.710319
v -0.6146925 0.40528914 -4.93002553
v -0.37283828 0.49569436 -4.93084523
v -0.61208944 0.50212588 -4.93006465
v -0.60042451 0.50181665 -4.9194226
v -0.38443344 0.49601038 -4.92012689
v -0.37544133 0.39885762 -4.93080564
v -0.6146925 0.40528914 -4.93002553
v -0.61208944 0.50212588 -4.93006465
v -0.37283828 0.49569436 -4.93084523
v -0.37472295 0.39892781 -4.71109911
v -0.37544133 0.39885762 -4.93080564
v -0.37283828 0.49569436 -4.93084523
v -0.37211993 0.49576455 -4.7111387
v -0.6146925 0.40528914 -4.93002553
v -0.61397408 0.40535939 -4.710319
v -0.61137109 0.50219613 -4.7103586
v -0.61208944 0.50212588 -4.93006465
v -0.38378488 0.49607378 -4.72178075
v -0.38443344 0.49601038 -4.92012689
v -0.38329878 0.53822132 -4.92014406
v -0.38265025 0.53828471 -4.72179793
v -0.37211993 0.49576455 -4.7111387
v -0.38378488 0.49607378 -4.72178075
v -0.61137109 0.50219613 -4.7103586
v -0.59977596 0.50188004 -4.72107646
v -0.59864132 0.54409098 -4.72109364
v -0.38265025 0.53828471 -4.72179793
v -0.3886207 0.53844296 -4.72724531
v -0.59270655 0.54392921 -4.72657965
v -0.60042451 0.50181665 -4.9194226
v -0.59977596 0.50188004 -4.72107646
v -0.59864132 0.54409098 -4.72109364
v -0.59928982 0.54402759 -4.91943977
v -0.59977596 0.50188004 -4.72107646
v -0.38378488 0.49607378 -4.72178075
v -0.38265025 0.53828471 -4.72179793
v -0.59864132 0.54409098 -4.72109364
v -0.38443344 0.49601038 -4.92012689
v -0.60042451 0.50181665 -4.9194226
v -0.59928982 0.54402759 -4.91943977
v -0.38329878 0.53822132 -4.92014406
v -0.38329878 0.53822132 -4.92014406
v -0.59928982 0.54402759 -4.91943977
v -0.59331934 0.54386934 -4.91399286
v -0.38923349 0.53838309 -4.91465852
v -0.59331934 0.54386934 -4.91399286
v -0.59270655 0.54392921 -4.72657965
v -0.5088632 2.20776332 -4.76339032
v -0.5092405 2.20772659 -4.87879492
v -0.3886207 0.53844296 -4.72724531
v -0.38923349 0.53838309 -4.91465852
v -0.38356965 2.2043482 -4.87920452
v -0.38319232 2.20438517 -4.76379992
v -0.38923349 0.53838309 -4.91465852
v -0.59331934 0.54386934 -4.91399286
v -0.5092405 2.20772659 -4.87879492
v -0.38356965 2.2043482 -4.87920452
v -0.59270655 0.54392921 -4.72657965
v -0.3886207 0.53844296 -4.72724531
v -0.38319232 2.20438517 -4.76379992
v -0.5088632 2.20776332 -4.76339032
v -0.36338466 2.26416741 -4.89638831
v -0.36289551 2.26421512 -4.74678733
v -0.36059012 2.36812793 -4.89643077
v -0.36010098 2.36817563 -4.74682931
v -0.52580504 2.26859439 -4.74625566
v -0.52629416 2.26854669 -4.89585712
v -0.36289551 2.26421512 -4.74678733
v -0.52580504 2.26859439 -4.74625566
v -0.52629416 2.26854669 -4.89585712
v -0.36338466 2.26416741 -4.89638831
v -0.52349966 2.3725072 -4.89589957
v -0.52217512 2.40363181 -4.746311
v -0.55603265 2.4045545 -4.71501474
v -0.55756115 2.37341032 -4.9269741
v -0.52217512 2.40363181 -4.746311
v -0.52349966 2.3725072 -4.89589957
v -0.36010098 2.36817563 -4.74682931
v -0.52217512 2.40363181 -4.746311
v -0.52349966 2.3725072 -4.89589957
v -0.36059012 2.36812793 -4.89643077
v -0.55603265 2.4045545 -4.71501474
v -0.32603943 2.36727299 -4.71575479
v -0.32352247 2.46090664 -4.71579295
v -0.55435108 2.46711172 -4.71504003
v -0.36010098 2.36817563 -4.74682931
v -0.32603943 2.36727299 -4.71575479
v -0.36059012 2.36812793 -4.89643077
v -0.32673251 2.36720524 -4.92772702
v -0.32673251 2.36720524 -4.92772702
v -0.55756115 2.37341032 -4.9269741
v -0.55614643 2.42603812 -4.92699556
v -0.32531782 2.41983304 -4.92774849
v -0.32603943 2.36727299 -4.71575479
v -0.32673251 2.36720524 -4.92772702
v -0.32531782 2.41983304 -4.92774849
v -0.32352247 2.46090664 -4.71579295
v -0.55756115 2.37341032 -4.9269741
v -0.55603265 2.4045545 -4.71501474
v -0.55435108 2.46711172 -4.71504003
v -0.55614643 2.42603812 -4.92699556
v -3.56517021 0.19440163 -4.70617144
v -3.56675998 0.29046357 -4.70607037
v -3.56639425 0.29071387 -4.93772405
v -3.56480447 0.19465193 -4.9378256
v -3.56480447 0.19465193 -4.9378256
v -3.56639425 0.29071387 -4.93772405
v -3.31407563 0.29488935 -4.93732112
v -3.31248562 0.19882741 -4.93742267
v -3.31248562 0.19882741 -4.93742267
v -3.31407563 0.29488935 -4.93732112
v -3.31444113 0.29463905 -4.70566744
v -3.31285135 0.19857711 -4.70576899
v -3.31285135 0.19857711 -4.70576899
v -3.31444113 0.29463905 -4.70566744
v -3.56675998 0.29046357 -4.70607037
v -3.56517021 0.19440163 -4.70617144
v -3.54056374 0.33191287 -4.73062176
v -3.54027597 0.33210995 -4.91300053
v -3.54056374 0.33191287 -4.73062176
v -3.34191601 0.33520019 -4.73030467
v -3.34304635 0.40349775 -4.73023268
v -3.54169409 0.40021044 -4.73054977
v -3.54027597 0.33210995 -4.91300053
v -3.34162824 0.33539727 -4.91268343
v -3.34162824 0.33539727 -4.91268343
v -3.34191601 0.33520019 -4.73030467
v -3.34304635 0.40349775 -4.73023268
v -3.34275858 0.40369483 -4.91261144
v -3.32240002 0.40405139 -4.9312429
v -3.32274692 0.40381402 -4.71153589
v -3.54140631 0.40040752 -4.91292854
v -3.34275858 0.40369483 -4.91261144
v -3.34275858 0.40369483 -4.91261144
v -3.34304635 0.40349775 -4.73023268
v -3.54169409 0.40021044 -4.73054977
v -3.54140631 0.40040752 -4.91292854
v -3.56205265 0.39985388 -4.71191831
v -3.32274692 0.40381402 -4.71153589
v -3.32434981 0.50067246 -4.71143386
v -3.56365554 0.49671232 -4.71181581
v -3.54140631 0.40040752 -4.91292854
v -3.54169409 0.40021044 -4.73054977
v -3.56205265 0.39985388 -4.71191831
v -3.56170575 0.40009125 -4.93162532
v -3.32400315 0.50090983 -4.93114087
v -3.56330887 0.49694969 -4.93152329
v -3.55169264 0.49713065 -4.9208245
v -3.33565228 0.5007058 -4.92047927
v -3.32240002 0.40405139 -4.9312429
v -3.56170575 0.40009125 -4.93162532
v -3.56330887 0.49694969 -4.93152329
v -3.32400315 0.50090983 -4.93114087
v -3.32274692 0.40381402 -4.71153589
v -3.32240002 0.40405139 -4.9312429
v -3.32400315 0.50090983 -4.93114087
v -3.32434981 0.50067246 -4.71143386
v -3.56170575 0.40009125 -4.93162532
v -3.56205265 0.39985388 -4.71191831
v -3.56365554 0.49671232 -4.71181581
v -3.56330887 0.49694969 -4.93152329
v -3.33596556 0.50049149 -4.72213266
v -3.33565228 0.5007058 -4.92047927
v -3.33635108 0.54292615 -4.92043493
v -3.33666413 0.54271185 -4.72208832
v -3.32434981 0.50067246 -4.71143386
v -3.33596556 0.50049149 -4.72213266
v -3.56365554 0.49671232 -4.71181581
v -3.55200569 0.49691635 -4.72247741
v -3.55270449 0.5391367 -4.72243307
v -3.33666413 0.54271185 -4.72208832
v -3.34260981 0.54261922 -4.72756432
v -3.54674236 0.53924113 -4.72789
v -3.55169264 0.49713065 -4.9208245
v -3.55200569 0.49691635 -4.72247741
v -3.55270449 0.5391367 -4.72243307
v -3.55239145 0.53935101 -4.92077968
v -3.55200569 0.49691635 -4.72247741
v -3.33596556 0.50049149 -4.72213266
v -3.33666413 0.54271185 -4.72208832
v -3.55270449 0.5391367 -4.72243307
v -3.33565228 0.5007058 -4.92047927
v -3.55169264 0.49713065 -4.9208245
v -3.55239145 0.53935101 -4.92077968
v -3.33635108 0.54292615 -4.92043493
v -3.33635108 0.54292615 -4.92043493
v -3.55239145 0.53935101 -4.92077968
v -3.54644648 0.53944363 -4.91530369
v -3.34231393 0.54282173 -4.91497801
v -3.54644648 0.53944363 -4.91530369
v -3.54674236 0.53924113 -4.72789
v -3.53502933 2.20520128 -4.76207615
v -3.53484718 2.20532619 -4.87748123
v -3.34260981 0.54261922 -4.72756432
v -3.34231393 0.54282173 -4.91497801
v -3.4091479 2.20740615 -4.87728049
v -3.40933005 2.20728148 -4.76187541
v -3.34231393 0.54282173 -4.91497801
v -3.54644648 0.53944363 -4.91530369
v -3.53484718 2.20532619 -4.87748123
v -3.4091479 2.20740615 -4.87728049
v -3.54674236 0.53924113 -4.72789
v -3.34260981 0.54261922 -4.72756432
v -3.40933005 2.20728148 -4.76187541
v -3.53502933 2.20520128 -4.76207615
v -3.39149587 2.26807128 -4.89428546
v -3.39173214 2.26790966 -4.74468353
v -3.39321677 2.37205516 -4.89417581
v -3.39345305 2.37189353 -4.74457387
v -3.5546786 2.26521314 -4.74494388
v -3.55444256 2.26537477 -4.89454534
v -3.39173214 2.26790966 -4.74468353
v -3.5546786 2.26521314 -4.74494388
v -3.55444256 2.26537477 -4.89454534
v -3.39149587 2.26807128 -4.89428546
v -3.55616347 2.36935864 -4.89443568
v -3.55691401 2.4002806 -4.74480133
v -3.59093062 2.39968504 -4.71367006
v -3.59008161 2.3688303 -4.92567567
v -3.55691401 2.4002806 -4.74480133
v -3.55616347 2.36935864 -4.89443568
v -3.39345305 2.37189353 -4.74457387
v -3.55691401 2.4002806 -4.74480133
v -3.55616347 2.36935864 -4.89443568
v -3.39321677 2.37205516 -4.89417581
v -3.59093062 2.39968504 -4.71367006
v -3.35953467 2.37242187 -4.71333436
v -3.36108462 2.4660765 -4.71323567
v -3.59196607 2.46225585 -4.71360427
v -3.39345305 2.37189353 -4.74457387
v -3.35953467 2.37242187 -4.71333436
v -3.39321677 2.37205516 -4.89417581
v -3.35919993 2.37265096 -4.92530707
v -3.35919993 2.37265096 -4.92530707
v -3.59008161 2.3688303 -4.92567567
v -3.59095279 2.42147002 -4.92562036
v -3.36007135 2.42529068 -4.92525177
v -3.35953467 2.37242187 -4.71333436
v -3.35919993 2.37265096 -4.92530707
v -3.36007135 2.42529068 -4.92525177
v -3.36108462 2.4660765 -4.71323567
v -3.59008161 2.3688303 -4.92567567
v -3.59093062 2.39968504 -4.71367006
v -3.59196607 2.46225585 -4.71360427
v -3.59095279 2.42147002 -4.92562036
v -0.50383197 0.19999942 -3.57358117
v -3.55747477 2.6902693 -3.57358158
v -3.11228602 0.19999943 -3.57358117
v -2.33020801 0.19999942 -3.57358117
v 0.27581226 0.19999942 -3.57358117
v 1.28579912 0.19999942 -3.57358117
v -1.14643023 2.34623036 -4.99253491
v -3.15861552 2.69026907 -3.57358158
v -2.3063385 2.6902693 -3.57358158
v -1.88639839 2.6902693 -3.57358158
v -0.50234138 2.6902693 -3.57358158
v 1.834614 2.42409905 -4.99253492
v 0.27581226 2.6902693 -3.57358158
v 1.28579912 2.6902693 -3.57358158
v 2.00089593 2.6902693 -3.57358158
v 3.41337292 2.6902693 -3.57358158
v -0.68415116 3.2238688 -2.75262092
v -2.73754495 3.22356911 -2.75365161
v 1.36924264 3.22416826 -2.75159024
v 3.42263643 3.22446795 -2.75055932
v 0.17151923 4.99963028 -3.32210567
v 0.82301734 4.75113623 -2.751796
v 0.17119711 4.99963037 -2.75210599
v -0.50311898 4.71206419 -2.75246405
v 0.17119713 5.05963076 -8.2E-07
v 0.17151923 5.05963022 -3.32210568
v 0.17119711 5.05963031 -2.752106
v 3.99263611 3.69051901 -6E-07
v 3.99263611 3.73776779 -3.32023769
v -3.30754487 3.52482305 -3.32397368
v -3.30754511 3.58696953 -5.8E-07
v 3.42263643 3.22446877 2.30089869
v -2.73754495 3.22356993 2.30399098
v 0.82301734 4.75113705 2.30213488
v 0.17151923 4.99963128 2.87244447
v 0.17119711 4.99963119 2.30244478
v -0.50311898 4.71206501 2.30280294
v 0.17151923 5.05963123 2.87244446
v 0.17119711 5.05963113 2.30244477
v 3.99263611 3.70250359 2.87057691
v -3.30754487 3.54158965 2.87431295
v 3.38909356 1.89999184 -3.57358145
v 3.38909356 0.19999944 -3.44326635
v 3.38909356 1.89999186 -3.44326662
v 3.38909356 0.19999942 -3.57358117
v 2.01908989 0.19999942 -3.57358117
v -1.88617809 0.19999942 -3.57358117
v 0.94909177 -0.00094911 -5.4115504
v 0.94909177 -0.00094904 -5.01155079
v 0.94615034 0.10361234 -5.40606822
v -0.26090824 -0.00094904 -5.01155079
v -0.26090824 -0.00094911 -5.4115504
v -0.25605025 0.10361234 -5.41155042
v 4.2456583 2.6902693 -3.57358158
vn 0.00054 1 -2E-05
vn 0.00051 1 9E-05
vn 0.00045 0.99113 0.13291
vn 0.00054 -1 -2E-05
vn 0.00051 -1 9E-05
vn 0.00045 -0.99117 0.13256
vn -0.99905 6E-05 -0.04364
vn 0.00148 0.99945 -0.03303
vn 0.99905 -5E-05 0.04364
vn -0.00148 -0.99945 0.03303
vn -0.86202 0.01993 0.50648
vn -0.00165 -0.99933 0.03651
vn -0.02626 -0.83765 0.54557
vn -0.02343 0.87531 0.48299
vn 0.80918 0.02012 0.58721
vn 0.04823 -0.03655 -0.99817
vn 0.00165 0.99933 -0.03652
vn 0.99884 0.00011 0.04825
vn -0.99883 -0.00011 -0.04826
vn -0.00165 -0.99933 0.03652
vn 0.04822 -0.03655 -0.99817
vn 0.04822 -0.03655 -0.99817
vn 0.04822 -0.03655 -0.99817
vn -0.04822 0.03656 0.99817
vn 0.00165 0.99933 -0.03652
vn 0.99884 0.00011 0.04825
vn -0.99884 -0.00011 -0.04825
vn 0.99884 0.00011 0.04825
vn -0.04822 0.03655 0.99817
vn -0.04823 0.03655 0.99817
vn -0.04823 0.03655 0.99817
vn -0.04822 0.03656 0.99817
vn -0.99884 -0.00011 -0.04825
vn -0.00165 -0.99933 0.03651
vn 0.00165 0.99933 -0.03652
vn -0.04823 0.03655 0.99817
vn -0.04823 0.03655 0.99817
vn -0.04822 0.03656 0.99817
vn -0.99969 0.00075 -0.02474
vn 0.99742 0.00097 0.07174
vn 0.00061 0.99989 -0.01493
vn -0.00269 -0.99831 0.05808
vn 0.96863 -0.01067 -0.24828
vn 0.99884 0.00011 0.04825
vn -0.94018 -0.01089 -0.34049
vn 0.01156 -0.97145 -0.23697
vn 0.01474 0.95152 -0.30724
vn 0.04725 -0.20538 -0.97754
vn -0.99884 -0.00011 -0.04825
vn -0.00165 -0.99933 0.03652
vn 0.00165 0.99933 -0.03651
vn -0.00165 -0.99933 0.03652
vn -0.1081 -0.03613 -0.99348
vn 0.04822 -0.03655 -0.99817
vn 0.04823 -0.03655 -0.99817
vn 0.00165 0.99933 -0.0365
vn 0.99884 0.00011 0.04825
vn -0.99884 -0.00011 -0.04825
vn 1 0 0
vn 0 -0.44028 0.89786
vn -1 0 0
vn 0 0.44287 -0.89658
vn 0 -0.44287 0.89659
vn 0 -0.44028 0.89786
vn 1 0 0
vn 0 -0.349 -0.93712
vn 0 0.44028 -0.89786
vn 0 0.13232 -0.99121
vn 0 0.88416 -0.46718
vn 0 -0.41976 0.90763
vn 0 -0.89786 -0.44028
vn 0 -0.44028 0.89786
vn 1 0 0
vn 1 -1E-05 0
vn 0 -0.44027 0.89786
vn 0 0.44028 -0.89786
vn -1 0 -0
vn 0 0.20005 0.97979
vn 1 -0 0
vn 0 -0.20005 -0.97979
vn 0 0.20005 0.97979
vn 0 0.20004 0.97979
vn 1 -1E-05 0
vn 0 0.5737 -0.81907
vn -1 0 0
vn 1 1E-05 0
vn 0 -0.20004 -0.97979
vn 0 0.12149 -0.99259
vn 0 -0.73806 -0.67473
vn 0 0.17773 0.98408
vn 0 0.97979 -0.20004
vn 0 0.20004 0.97979
vn -1 -0 -0
vn 1 0 0
vn 1 0 0
vn -1 -1E-05 -0
vn 0 0.20005 0.97978
vn 0 -0.20004 -0.97979
vn -1 0 -0
vn 0 0.20004 0.97979
vn 0 -0.20005 -0.97979
vn 0 0.20005 0.97979
vn 0 0.20005 0.97979
vn 0 0.5737 -0.81907
vn -1 1E-05 -0
vn 1 -1E-05 0
vn 0 -0.20005 -0.97979
vn 0 0.12149 -0.99259
vn 0 0.17773 0.98408
vn 0 0.97979 -0.20004
vn 0 0.20005 0.97979
vn -1 -0 -0
vn 1 1E-05 0
vn 1 0 0
vn -1 -1E-05 -0
vn 0 0.20005 0.97979
vn 0 -0.20004 -0.97979
vn -0.99788 -0.00653 -0.06476
vn -0.06452 0.23054 0.97092
vn 0.99788 0.00653 0.06475
vn 0.06452 -0.23053 -0.97092
vn -0.06452 0.23053 0.97092
vn -0.06451 0.23053 0.97092
vn -0.99788 -0.00652 -0.06476
vn 0.99788 0.00653 0.06475
vn 0.05061 0.54783 -0.83506
vn 0.99788 0.00653 0.06476
vn -0.99788 -0.00653 -0.06475
vn 0.99788 0.00653 0.06475
vn 0.06452 -0.23052 -0.97093
vn 0.0639 0.09045 -0.99385
vn 0.04713 -0.75876 -0.64967
vn -0.06469 0.20836 0.97591
vn -0.99788 -0.00654 -0.06475
vn 0.00859 0.97304 -0.23047
vn -0.06451 0.23053 0.97092
vn -0.99788 -0.00653 -0.06476
vn 0.99788 0.00653 0.06476
vn 0.99788 0.00654 0.06476
vn -0.99788 -0.00653 -0.06476
vn -0.06452 0.23054 0.97092
vn 0.06451 -0.23054 -0.97092
vn -1 0 0
vn 0 0.20004 0.97979
vn 0 -0.20005 -0.97979
vn 0 0.20005 0.97979
vn 0 0.20005 0.97979
vn -1 -0 0
vn 1 -0 0
vn 0 0.57369 -0.81907
vn 0 -0.20005 -0.97978
vn 0 0.1215 -0.99259
vn 0 -0.73806 -0.67473
vn 0 0.17773 0.98408
vn -1 -0 0
vn 0 0.97979 -0.20004
vn -1 0 0
vn 1 0 0
vn 1 1E-05 0
vn 0 0.20004 0.97979
vn -1 0 0
vn 0 0.20004 0.97979
vn 0 -0.20005 -0.97979
vn 0 0.20005 0.97979
vn -1 -0 0
vn 1 0 0
vn 0 0.5737 -0.81907
vn 1 0 0
vn 0 -0.20005 -0.97979
vn 0 0.1215 -0.99259
vn 0 -0.73806 -0.67473
vn 0 0.17773 0.98408
vn -1 -0 0
vn 0 0.97979 -0.20004
vn 0 0.20005 0.97979
vn -1 -0 -0
vn 1 0 0
vn 1 1E-05 0
vn -1 -1E-05 -0
vn 0 0.20004 0.97979
vn 0 -0.20004 -0.97979
vn 0 1 -0
vn 0.44028 0 0.89786
vn 0 -1 0
vn -0.44287 0 -0.89658
vn 0.44287 0 0.89659
vn 0.44028 0 0.89786
vn 0 1 0
vn -0 -1 0
vn 0.34901 0 -0.93712
vn 0 -1 0
vn 1E-05 1 -0
vn 0 -1 -0
vn -0.44027 0 -0.89786
vn -0.13232 0 -0.99121
vn -0.88416 0 -0.46718
vn 0.41976 0 0.90764
vn -0 1 0
vn 0.89786 -0 -0.44028
vn 0.44028 0 0.89786
vn 0 1 0
vn 0 -1 -0
vn -0 1 0
vn 0.44027 -0 0.89786
vn -0.44027 -0 -0.89786
vn 0 1 -0
vn 0.44027 0 0.89786
vn -0 -1 0
vn -0.44287 0 -0.89658
vn 0.44287 0 0.89658
vn 0.44028 0 0.89786
vn 0 1 0
vn 0 -1 -0
vn 0.34901 0 -0.93712
vn 1E-05 -1 -0
vn 0 1 -1E-05
vn -0.44027 0 -0.89786
vn -0.13232 0 -0.99121
vn -0.88416 -0 -0.46718
vn 0.41977 0 0.90763
vn -0 1 0
vn 0.89786 0 -0.44028
vn 0.44028 -0 0.89786
vn 0 1 -1E-05
vn -0 -1 0
vn -0 -1 0
vn 0 1 1E-05
vn 0.44027 -0 0.89787
vn -0.44028 -0 -0.89786
vn -0 1 -0
vn 0.44027 0 0.89786
vn -0 -1 -0
vn -0.44287 0 -0.89658
vn 0.44287 -0 0.89658
vn 0.44028 0 0.89786
vn -0 1 -0
vn -0 -1 0
vn 0.34901 0 -0.93712
vn -0 -1 0
vn 0 1 0
vn 1E-05 -1 -0
vn -0.44028 0 -0.89786
vn -0.13232 -0 -0.99121
vn -0.88416 0 -0.46718
vn 0.41976 0 0.90764
vn 0 1 0
vn 0.89786 0 -0.44028
vn 0.44028 0 0.89786
vn -0 1 -0
vn -0 -1 -0
vn 0 -1 -0
vn 0 1 -0
vn 0.44027 0 0.89786
vn -0.44027 -0 -0.89786
vn -0 1 -0
vn 0.44028 0 0.89786
vn -0.44287 -0 -0.89659
vn 0.44287 0 0.89658
vn 0.44027 0 0.89786
vn -0 1 -0
vn -0 -1 -0
vn 0.349 0 -0.93712
vn -0 -1 0
vn 0 -1 -1E-05
vn -0.44028 0 -0.89786
vn -0.13231 0 -0.99121
vn -0.88416 0 -0.46718
vn 0.41976 0 0.90763
vn 0 1 0
vn 0.89786 0 -0.44028
vn 0.44028 0 0.89786
vn 0 1 0
vn 0 -1 -0
vn 0 1 0
vn 0.44027 -0 0.89786
vn -0.44028 0 -0.89786
vn 0 1 0
vn 0.44027 0 0.89786
vn -0 -1 0
vn -0.44287 0 -0.89658
vn 0.44287 -0 0.89658
vn 0.44028 0 0.89786
vn 0 1 -0
vn -0 -1 -0
vn 0.34901 0 -0.93712
vn -0 -1 0
vn -0 1 0
vn 0 -1 0
vn -0.44028 0 -0.89786
vn -0.13232 0 -0.99121
vn -0.88416 0 -0.46718
vn 0.41977 0 0.90763
vn 0 1 0
vn 0.89786 0 -0.44028
vn 0.44027 0 0.89786
vn 0 1 0
vn 0 -1 0
vn -0 -1 -0
vn 0.44028 0 0.89786
vn -0.44027 0 -0.89786
vn 0 1 -0
vn 0.44027 0 0.89786
vn -0 -1 -0
vn -0.44287 -0 -0.89658
vn 0.44027 0 0.89786
vn 0 1 -0
vn -0 -1 -0
vn 0.34901 -0 -0.93712
vn -0 -1 0
vn -0 1 0
vn 0 -1 -1E-05
vn -0.44028 -0 -0.89786
vn -0.13232 -0 -0.99121
vn -0.88416 0 -0.46718
vn 0.41977 0 0.90763
vn 0 1 0
vn 0.89786 -0 -0.44028
vn 0.44028 0 0.89786
vn 0 1 0
vn 0 -1 -0
vn 0 -1 0
vn -1E-05 1 0
vn 0.44027 0 0.89787
vn -0.44027 -0 -0.89786
vn -0 -1 0
vn -0.44028 -0 0.89786
vn 0 1 -0
vn 0.44287 0 -0.89659
vn -0.44287 -0 0.89658
vn -0.44027 -0 0.89787
vn 0 -1 0
vn 0 1 0
vn -0.34901 -0 -0.93712
vn -0 1 -0
vn -0 -1 -0
vn 0 1 0
vn 0.44028 0 -0.89786
vn 0.13232 0 -0.99121
vn 0.88416 -0 -0.46718
vn -0.41977 -0 0.90763
vn 0 -1 -0
vn -0.89786 0 -0.44028
vn -0.44028 0 0.89786
vn 0 -1 0
vn -0 1 0
vn 0 1 0
vn -0.44027 0 0.89786
vn 0.44028 0 -0.89786
vn 0 -1 -0
vn -0.44028 0 0.89786
vn 0 1 -0
vn 0.44287 0 -0.89659
vn -0.44287 0 0.89659
vn -0.44028 0 0.89786
vn 0 -1 0
vn 0 1 0
vn -0.34901 -0 -0.93712
vn 0 1 0
vn 0 -1 -0
vn -0 1 0
vn 0.44027 0 -0.89786
vn 0.13232 0 -0.99121
vn 0.88417 0 -0.46717
vn -0.41977 0 0.90763
vn 0 -1 -0
vn -0.89786 0 -0.44028
vn -0.44028 0 0.89786
vn 0 -1 0
vn -0 1 -0
vn -0 1 -0
vn -0.44027 0 0.89787
vn 0 -1 -0
vn -0.44028 0 0.89786
vn 0 1 -0
vn 0.44287 0 -0.89659
vn -0.44287 -0 0.89659
vn -0.44028 0 0.89786
vn 0 -1 -0
vn -0 1 0
vn -0.34901 0 -0.93712
vn -0 1 -0
vn 1E-05 1 0
vn 0.44027 0 -0.89786
vn 0.13232 0 -0.99121
vn 0.88416 0 -0.46718
vn -0.41976 -0 0.90763
vn -0.89786 0 -0.44028
vn -0.44028 0 0.89786
vn 0 -1 0
vn 0 1 0
vn -0.44027 -0 0.89786
vn 0.44028 0 -0.89786
vn 0 -1 -0
vn -0.44028 0 0.89786
vn 0 1 -0
vn 0.44287 -0 -0.89658
vn -0.44287 0 0.89659
vn -0.44028 -0 0.89786
vn 0 -1 -0
vn 0 1 -0
vn -0.34901 -0 -0.93712
vn -0 1 -0
vn -0 -1 -0
vn 0 1 -0
vn 0.44028 -0 -0.89786
vn 0.13232 -0 -0.99121
vn 0.88417 0 -0.46717
vn -0.41976 -0 0.90764
vn 0 -1 0
vn -0.89786 0 -0.44028
vn -0.44027 0 0.89786
vn 0 -1 0
vn 0 1 0
vn -0 1 0
vn -0 -1 -0
vn -0.44029 0 0.89786
vn 0.44026 0 -0.89787
vn 0 -1 0
vn -0.44027 0 0.89786
vn 0 1 -0
vn 0.44287 0 -0.89659
vn -0.44287 -0 0.89659
vn -0.44028 -0 0.89786
vn -1E-05 -1 -0
vn -0 1 -1E-05
vn -0.34901 0 -0.93712
vn 0 1 0
vn -0 1 -0
vn 0.13232 -0 -0.99121
vn 0.88416 0 -0.46718
vn -0.41977 -0 0.90763
vn 1E-05 -1 0
vn -0.89786 0 -0.44027
vn -0.44027 0 0.89787
vn -0 -1 -1E-05
vn -0 1 1E-05
vn -1E-05 1 0
vn -0 -1 -1E-05
vn -0.44028 0 0.89786
vn 0.44027 0 -0.89786
vn 0 -1 0
vn -0.44027 0 0.89787
vn -0 1 0
vn 0.44287 0 -0.89658
vn -0.44287 0 0.89659
vn -0.44029 0 0.89786
vn -1E-05 -1 -0
vn 0 1 1E-05
vn -0.34901 -0 -0.93712
vn 0 1 0
vn 1E-05 -1 -0
vn -1E-05 1 -0
vn 0.44029 -0 -0.89786
vn 0.13231 -0 -0.99121
vn 0.88416 0 -0.46718
vn -0.41976 0 0.90764
vn -0.89787 0 -0.44027
vn -0.44027 -0 0.89786
vn -1E-05 -1 -0
vn 0 1 1E-05
vn -1E-05 1 0
vn 1E-05 -1 0
vn -0.44029 -0 0.89786
vn 0.44027 -0 -0.89787
vn 0 -0.44027 0.89786
vn 0 0.44287 -0.89659
vn 0 -0.44028 0.89786
vn 1 -0 0
vn 0 -0.349 -0.93712
vn 1 0 0
vn -0 0.44028 -0.89786
vn 0 0.13232 -0.99121
vn 0 0.88416 -0.46718
vn 0 -0.41976 0.90763
vn 0 -0.89786 -0.44028
vn 0 -0.44028 0.89786
vn 1 0 0
vn 0 -0.44028 0.89786
vn 0 0.44028 -0.89786
vn 1 -0 0
vn 0 -0.44028 0.89786
vn 0 0.44287 -0.89659
vn 0 -0.44028 0.89786
vn 0 -0.349 -0.93712
vn 1 -0 0
vn 0 0.44028 -0.89786
vn -0 0.13232 -0.99121
vn -0 0.88416 -0.46718
vn 0 -0.41976 0.90763
vn 0 -0.89786 -0.44028
vn -1 0 0
vn 0 -0.44028 0.89786
vn -0 0.44028 -0.89786
vn 1 -0 0
vn 0 -0.44028 0.89786
vn 0 0.44287 -0.89659
vn 0 -0.44287 0.89659
vn 0 -0.44028 0.89786
vn 1 0 0
vn -1 0 0
vn 0 -0.349 -0.93712
vn 1 -0 0
vn -0 0.44028 -0.89786
vn -0 0.13232 -0.99121
vn -0 0.88416 -0.46718
vn 0 -0.41976 0.90763
vn 0 -0.89786 -0.44028
vn 0 -0.44028 0.89786
vn 1 -0 0
vn 0 -0.44028 0.89786
vn 0 0.44028 -0.89786
vn 1 -0 0
vn 0 -0.44028 0.89786
vn -0 0.44287 -0.89658
vn 0 -0.44287 0.89659
vn 0 -0.44028 0.89786
vn 0 0.44028 -0.89786
vn 0 0.13232 -0.99121
vn 0 0.88416 -0.46718
vn 0 -0.41976 0.90764
vn 1 0 0
vn 0 -0.89786 -0.44028
vn 0 -0.44028 0.89786
vn -1 -0 0
vn 0 -0.44028 0.89786
vn 0 0.44028 -0.89786
vn 0 -0.44028 0.89786
vn -1 -0 0
vn 0 0.44287 -0.89658
vn 0 -0.44287 0.89659
vn 1 0 0
vn -1 -0 0
vn 1 0 0
vn 0 0.13232 -0.99121
vn 0 0.88416 -0.46718
vn 0 -0.41976 0.90763
vn 1 -0 0
vn 0 -0.44028 0.89786
vn 0 -0.44028 0.89786
vn 0 0.44028 -0.89786
vn 1 -0 0
vn 0 -0.44028 0.89786
vn 0 -0.44287 0.89659
vn 0 -0.44028 0.89786
vn 1 0 0
vn 0 -0.34901 -0.93712
vn -1 -0 0
vn 1 -0 0
vn 0 -0.44028 0.89786
vn -1 0 0
vn 0 0.44028 -0.89786
vn -0 0 1
vn 0.99979 -0.00112 0.02053
vn 0 0 1
vn 1 -0 0
vn 0.44599 -0.00023 -0.89504
vn 0.011 0.336 0.9418
vn -0.47839 0.00025 0.87815
vn 1 -0 0
vn 0.41402 -0.00931 -0.91022
vn 0.00054 1 0
vn 0.00049 1 0
vn 0.99998 -0.00063 -0.00545
vn 0.00042 1 -7E-05
vn 0.00038 1 -2E-05
vn 0.00058 1 0.0001
vn 0.00049 1 8E-05
vn 0.00051 1 8E-05
vn 0.01224 5E-05 -0.99993
vn -0.99997 0.00063 0.00739
vn 0.00026 -6E-05 1
vn 0.05014 3E-05 -0.99874
vn -1 0 -0
vn -0.18591 0.00756 -0.98254
vn 0.48467 0.00463 0.87469
vn -0.46601 -0.00423 -0.88477
vn -1 -0 0
vn 0.99999 0.00164 -0.00354
vn -0.99982 -0.00104 0.01904
vn -0.00068 -0.99963 0.02721
vn 0.99897 -0.00027 0.04545
vn -0.99996 0.00392 -0.00844
vn 0.00167 -0.99998 -0.00678
vn 0 0.44486 -0.8956
vn 0.44486 0 -0.8956
vn 5E-05 -0.47782 0.87846
vn -0.47801 0 0.87835
vn 0.4034 0.00802 -0.91499
vn 0.00054 -1 0
vn 0.00049 -1 0
vn 0.99998 0.00063 -0.00545
vn 0.00042 -1 -7E-05
vn 0.00038 -1 -2E-05
vn 0.00058 -1 0.0001
vn 0.00049 -1 8E-05
vn 0.00051 -1 8E-05
vn 0.01224 -5E-05 -0.99993
vn -0.99997 -0.00063 0.00739
vn 0.00026 6E-05 1
vn 0.05014 -3E-05 -0.99874
vn -1 -0 -0
vn -0.21245 -0.00216 -0.97717
vn 0.47763 0 0.87856
vn -0.44486 0 -0.8956
vn 0.99988 -0.00712 -0.0134
vn -0.99993 0.00071 0.01139
vn 0.02279 0.99947 0.02331
vn 0 1 0
vn 0 0 -1
vn 0 1 0
vn -1 0 0.0006
vn 1 0 9E-05
vn 3E-05 0 -1
vn 0 1 0
vn 0 1 -0
vn 1 0 1E-05
vn -1 0 -2E-05
vn -7E-05 0.99833 0.05775
vn 0.99984 0.00265 0.01775
vn -0.99985 0.00254 0.01701
vn 0.00218 0.99466 -0.10319
vn 0.99962 -0.01186 -0.02473
vn 0.00227 0.99965 0.02618
vn -0.99956 0.01284 0.02676
vn -0.99984 -0.00457 0.01719
vn 0.99962 -0.00712 0.0268
vn 0.00167 -0.99991 0.01356
vn -0.99985 0.00392 0.01689
vn 0.99997 0.00164 0.00708
vn -0.99995 -0.00457 -0.00859
vn 0.01091 0.32051 0.94718
vn -0.0146 0.32833 0.94445
vn -0.99921 -0.00027 -0.03978
vn -0.00037 1 0.00258
vn 0.99921 0.00027 0.03978
vn 0.00037 -1 -0.00259
vn -0.85771 -0.00164 0.51413
vn 0.00037 -1 -0.00258
vn -0.02018 -0.85839 0.5126
vn -0.02081 0.85572 0.51703
vn 0.81412 -0.0012 0.58069
vn 0.03978 0.0026 -0.99921
vn -0.00037 1 0.0026
vn 0.99921 0.00027 0.03978
vn -0.99921 -0.00027 -0.03978
vn 0.00037 -1 -0.00259
vn 0.03978 0.0026 -0.99921
vn 0.03978 0.0026 -0.99921
vn 0.03978 0.0026 -0.99921
vn -0.03978 -0.0026 0.99921
vn -0.00037 1 0.00258
vn 0.99921 0.00027 0.03978
vn -0.99921 -0.00027 -0.03978
vn 0.99921 0.00027 0.03978
vn -0.03978 -0.0026 0.9992
vn -0.03978 -0.0026 0.99921
vn -0.03978 -0.00259 0.99921
vn -0.03978 -0.0026 0.9992
vn -0.99921 -0.00027 -0.03978
vn 0.00037 -1 -0.00257
vn -0.00037 1 0.00259
vn -0.03979 -0.0026 0.9992
vn -0.03979 -0.0026 0.9992
vn -0.03978 -0.0026 0.9992
vn -0.99987 -0.00033 -0.01625
vn 0.99799 0.0002 0.0633
vn -0.00123 0.99971 0.02418
vn -0.00049 -0.99982 0.01901
vn 0.9665 0.00102 -0.25667
vn 0.99921 0.00027 0.03978
vn -0.94303 0.00051 -0.3327
vn 0.0112 -0.96142 -0.27487
vn 0.01049 0.96283 -0.26991
vn 0.03927 -0.16691 -0.98519
vn -0.99921 -0.00027 -0.03978
vn 0.00037 -1 -0.00258
vn -0.00037 1 0.00258
vn 0.00039 -1 -0.00192
vn -0.11651 0.00253 -0.99319
vn 0.03978 0.0026 -0.9992
vn 0.03979 0.0026 -0.9992
vn -0.00037 1 0.00258
vn 0.99944 0.00183 0.03354
vn -0.99948 -0.00106 -0.03217
vn -0.99963 -0.00326 0.02687
vn -0.00327 0.99999 -0.00032
vn 0.99963 0.00326 -0.02687
vn 0.00327 -0.99999 0.00031
vn -0.82155 -0.0025 0.57013
vn 0.00327 -0.99999 0.00032
vn 0.01665 -0.85684 0.51531
vn 0.01104 0.85726 0.51476
vn 0.85099 0.00295 0.52517
vn -0.02687 -0.00041 -0.99964
vn -0.00327 0.99999 -0.00032
vn 0.99963 0.00326 -0.02687
vn -0.99963 -0.00326 0.02687
vn 0.00327 -0.99999 0.00032
vn -0.02687 -0.00041 -0.99964
vn -0.02687 -0.00041 -0.99964
vn -0.02687 -0.00041 -0.99964
vn 0.02687 0.00041 0.99964
vn -0.00327 0.99999 -0.00032
vn 0.99963 0.00326 -0.02687
vn -0.99963 -0.00326 0.02687
vn 0.99963 0.00326 -0.02687
vn 0.02687 0.00041 0.99964
vn 0.02687 0.00041 0.99964
vn 0.02687 0.00041 0.99964
vn 0.02687 0.00041 0.99964
vn -0.99963 -0.00326 0.02687
vn 0.00327 -0.99999 0.00031
vn -0.00327 0.99999 -0.00033
vn 0.02687 0.00041 0.99964
vn 0.02688 0.00041 0.99964
vn 0.02688 0.00041 0.99964
vn -0.99872 -0.00325 0.0504
vn 0.99999 0.00327 -0.00333
vn -0.00269 0.99977 0.02129
vn 0.00385 -0.99975 0.02192
vn 0.94725 0.00299 -0.32049
vn 0.99963 0.00326 -0.02687
vn -0.9631 -0.00323 -0.26914
vn -0.00418 -0.96223 -0.2722
vn -0.01047 0.96201 -0.27281
vn -0.02593 -0.16987 -0.98513
vn -0.99963 -0.00326 0.02687
vn 0.00327 -0.99999 0.00032
vn -0.00327 0.99999 -0.00032
vn 0.00327 -0.99999 0.00031
vn -0.18241 -0.00091 -0.98322
vn -0.02687 -0.0004 -0.99964
vn -0.02686 -0.00041 -0.99964
vn -0.00327 0.99999 -0.00032
vn 0.99963 0.00326 -0.02687
vn -0.99963 -0.00326 0.02687
vn -0.99986 0.0016 -0.01655
vn 0.00158 1 0.00108
vn 0.99986 -0.0016 0.01655
vn -0.00158 -1 -0.00109
vn -0.84553 0.00076 0.53393
vn -0.00158 -1 -0.00107
vn -0.00988 -0.8576 0.51422
vn -0.00717 0.85651 0.51608
vn 0.8274 -0.00191 0.56161
vn 0.01655 0.00105 -0.99986
vn 0.00158 1 0.00107
vn 0.99986 -0.00159 0.01655
vn -0.99986 0.0016 -0.01655
vn -0.00158 -1 -0.00108
vn 0.01655 0.00105 -0.99986
vn 0.01655 0.00105 -0.99986
vn 0.01655 0.00105 -0.99986
vn -0.01655 -0.00105 0.99986
vn 0.00158 1 0.00108
vn 0.99986 -0.0016 0.01655
vn -0.99986 0.0016 -0.01655
vn 0.99986 -0.0016 0.01654
vn -0.01654 -0.00105 0.99986
vn -0.01655 -0.00105 0.99986
vn -0.01655 -0.00105 0.99986
vn -0.01655 -0.00105 0.99986
vn -0.99986 0.0016 -0.01655
vn -0.00158 -1 -0.00108
vn 0.00158 1 0.00107
vn -0.01655 -0.00105 0.99986
vn -0.01655 -0.00105 0.99986
vn -0.01655 -0.00105 0.99986
vn -0.99997 0.00157 0.007
vn 0.9992 -0.00162 0.04008
vn 0.00122 0.99974 0.02269
vn -0.00194 -0.99979 0.02053
vn 0.96027 -0.00121 -0.27907
vn 0.99986 -0.0016 0.01655
vn -0.95051 0.00184 -0.3107
vn 0.00299 -0.96184 -0.2736
vn 0.00603 0.96241 -0.27153
vn 0.01604 -0.16843 -0.98558
vn -0.99986 0.0016 -0.01655
vn -0.00158 -1 -0.00108
vn 0.00158 1 0.00108
vn -0.00158 -1 -0.00108
vn -0.13956 0.00129 -0.99021
vn 0.01655 0.00106 -0.99986
vn 0.01654 0.00105 -0.99986
vn 0.00158 1 0.00108
vn 0.99986 -0.00159 0.01655
vn -0.99986 0.00159 -0.01655
vn 0 1 -0
vn 0 0 1
vn -0.00227 -0.21014 -0.97767
vn 0.0005 1 -2E-05
vn -0.33875 0.10234 -0.93529
vn 0.39832 -0.03689 -0.9165
vn 0.3321 -0.00673 0.94322
vn -0.39676 0.0086 0.91788
vn 0.0005 -1 -2E-05
vn -0.34369 -0.07579 -0.93602
vn 0.39645 0.02465 -0.91772
vn 0.33597 0.00198 0.94187
vn -0.3949 -0.00728 0.9187
vn 0 1 -0
vn 0 1 -0
vn 0.99997 0.0037 0.00708
vn -0.99991 0.00607 0.01161
vn 0.0228 0.99967 -0.01181
vt 0.83035 0.04857
vt 0.78986 0.14351
vt 0.83031 0.14332
vt 0.83033 0.19959
vt 0.78821 0.19985
vt 0.83033 0.31029
vt 0.75496 0.31029
vt 0.75491 0.21554
vt 0.71446 0.21535
vt 0.75494 0.15927
vt 0.75494 0.04856
vt 0.71281 0.15901
vt 0.1674 0.86994
vt 0.16751 0.86652
vt 0.17497 0.86679
vt 0.17486 0.87021
vt 0.16949 0.87021
vt 0.16934 0.86679
vt 0.17747 0.8664
vt 0.17762 0.86982
vt 0.17486 0.86982
vt 0.17497 0.8664
vt 0.16751 0.86613
vt 0.1674 0.86954
vt 0.1776 0.86954
vt 0.17745 0.86613
vt 0.16933 0.86652
vt 0.16948 0.86994
vt 0.16835 0.86519
vt 0.17423 0.8654
vt 0.17013 0.86519
vt 0.17653 0.86488
vt 0.17642 0.86268
vt 0.17003 0.86299
vt 0.17014 0.8654
vt 0.17654 0.86509
vt 0.17423 0.86509
vt 0.16836 0.86488
vt 0.17642 0.84483
vt 0.17643 0.83896
vt 0.17709 0.83835
vt 0.17708 0.84543
vt 0.17004 0.8632
vt 0.17643 0.86289
vt 0.17431 0.86289
vt 0.16844 0.86268
vt 0.16844 0.86299
vt 0.17431 0.8632
vt 0.16937 0.863
vt 0.17708 0.86263
vt 0.17692 0.85951
vt 0.16922 0.85988
vt 0.17004 0.83896
vt 0.17003 0.84483
vt 0.16937 0.84543
vt 0.16938 0.83835
vt 0.17694 0.83824
vt 0.16923 0.83824
vt 0.16961 0.83858
vt 0.17656 0.83858
vt 0.17709 0.86289
vt 0.16938 0.86326
vt 0.16923 0.86014
vt 0.17694 0.85977
vt 0.16783 0.86263
vt 0.17491 0.86289
vt 0.17502 0.85977
vt 0.16795 0.85951
vt 0.17491 0.86326
vt 0.16783 0.863
vt 0.16795 0.85988
vt 0.17502 0.86014
vt 0.16829 0.85954
vt 0.17468 0.85977
vt 0.17473 0.85842
vt 0.16834 0.85818
vt 0.17692 0.84532
vt 0.17655 0.84497
vt 0.16922 0.84532
vt 0.1696 0.84497
vt 0.16953 0.84492
vt 0.17649 0.84492
vt 0.17629 0.84475
vt 0.16972 0.84475
vt 0.17468 0.86011
vt 0.16829 0.85988
vt 0.16834 0.85852
vt 0.17473 0.85875
vt 0.1696 0.85988
vt 0.17655 0.85954
vt 0.17649 0.85818
vt 0.16953 0.85852
vt 0.17656 0.85977
vt 0.16961 0.86011
vt 0.16954 0.85875
vt 0.1765 0.85842
vt 0.1765 0.83853
vt 0.16954 0.83853
vt 0.16973 0.83871
vt 0.1763 0.83871
vt 0.17455 0.85874
vt 0.16852 0.85852
vt 0.17164 0.80492
vt 0.17536 0.80506
vt 0.16852 0.8582
vt 0.17455 0.85842
vt 0.17536 0.80486
vt 0.17164 0.80473
vt 0.1763 0.85842
vt 0.16973 0.85874
vt 0.1684 0.80506
vt 0.17245 0.80486
vt 0.16972 0.85852
vt 0.17629 0.8582
vt 0.17244 0.80473
vt 0.1684 0.80492
vt 0.17598 0.80291
vt 0.17116 0.80274
vt 0.1761 0.79957
vt 0.17128 0.79939
vt 0.17116 0.80299
vt 0.17598 0.80317
vt 0.17295 0.80274
vt 0.1677 0.80299
vt 0.16771 0.80317
vt 0.17296 0.80291
vt 0.16755 0.83716
vt 0.16749 0.84195
vt 0.1664 0.84295
vt 0.16646 0.83616
vt 0.17132 0.79865
vt 0.1761 0.79982
vt 0.17279 0.79939
vt 0.16749 0.79865
vt 0.16755 0.79982
vt 0.1728 0.79957
vt 0.1664 0.79866
vt 0.17388 0.7993
vt 0.17373 0.79629
vt 0.1663 0.79665
vt 0.17279 0.84198
vt 0.17388 0.84299
vt 0.1728 0.83716
vt 0.17389 0.83616
vt 0.17389 0.79955
vt 0.16646 0.79991
vt 0.16638 0.79822
vt 0.17381 0.79786
vt 0.17028 0.7993
vt 0.17711 0.79955
vt 0.17717 0.79786
vt 0.17039 0.79629
vt 0.1771 0.79991
vt 0.17031 0.79866
vt 0.17039 0.79665
vt 0.17717 0.79822
vt 0.15758 0.4258
vt 0.16705 0.42579
vt 0.16695 0.39276
vt 0.15748 0.39278
vt 0.14791 0.41307
vt 0.14043 0.41308
vt 0.14043 0.41633
vt 0.14791 0.41631
vt 0.10018 0.40563
vt 0.10965 0.40565
vt 0.10975 0.37263
vt 0.10029 0.37261
vt 0.26337 0.35699
vt 0.25589 0.35698
vt 0.2559 0.38758
vt 0.26338 0.38759
vt 0.14791 0.38445
vt 0.14043 0.38447
vt 0.14043 0.41912
vt 0.14791 0.4191
vt 0.16695 0.38903
vt 0.16142 0.38904
vt 0.10412 0.40937
vt 0.10964 0.40938
vt 0.26338 0.35205
vt 0.2559 0.35204
vt 0.10964 0.4126
vt 0.10412 0.41259
vt 0.1008 0.41715
vt 0.10975 0.41716
vt 0.16694 0.38581
vt 0.16142 0.38582
vt 0.26338 0.34906
vt 0.2559 0.34906
vt 0.21551 0.375
vt 0.20802 0.375
vt 0.20802 0.37989
vt 0.21551 0.37989
vt 0.21314 0.36482
vt 0.21314 0.35733
vt 0.20802 0.35733
vt 0.20802 0.36482
vt 0.14043 0.42313
vt 0.14791 0.42311
vt 0.16705 0.38125
vt 0.1581 0.38126
vt 0.82681 0.47718
vt 0.78918 0.47718
vt 0.78918 0.5152
vt 0.82681 0.5152
vt 0.14791 0.42563
vt 0.14043 0.42565
vt 0.14043 0.42968
vt 0.14791 0.42967
vt 0.1581 0.37836
vt 0.16705 0.37834
vt 0.16705 0.3737
vt 0.15965 0.37371
vt 0.10975 0.42007
vt 0.1008 0.42005
vt 0.10236 0.4247
vt 0.10975 0.42471
vt 0.2155 0.3723
vt 0.20802 0.3723
vt 0.1003 0.5943
vt 0.10976 0.59428
vt 0.10967 0.49589
vt 0.10021 0.49591
vt 0.1554 0.49682
vt 0.16288 0.49682
vt 0.16288 0.49312
vt 0.1554 0.49312
vt 0.06198 0.57522
vt 0.07145 0.57523
vt 0.07154 0.47684
vt 0.06208 0.47682
vt 0.20053 0.58654
vt 0.20801 0.58654
vt 0.20802 0.4918
vt 0.20054 0.4918
vt 0.1554 0.5943
vt 0.16288 0.5943
vt 0.16288 0.48994
vt 0.1554 0.48993
vt 0.10966 0.49216
vt 0.10414 0.49217
vt 0.06592 0.57896
vt 0.07144 0.57897
vt 0.20054 0.59121
vt 0.20802 0.5912
vt 0.07144 0.58218
vt 0.06591 0.58217
vt 0.06259 0.58673
vt 0.07154 0.58675
vt 0.10966 0.48894
vt 0.10414 0.48895
vt 0.20054 0.5943
vt 0.20802 0.5943
vt 0.2176 0.38479
vt 0.22508 0.38479
vt 0.22508 0.37989
vt 0.2176 0.37989
vt 0.08624 0.35764
vt 0.08624 0.36513
vt 0.09056 0.36513
vt 0.09056 0.35764
vt 0.16288 0.4854
vt 0.1554 0.48539
vt 0.10976 0.48437
vt 0.10082 0.48439
vt 0.71394 0.40113
vt 0.67631 0.40113
vt 0.67631 0.43916
vt 0.71394 0.43916
vt 0.1554 0.48252
vt 0.16288 0.48252
vt 0.16288 0.47792
vt 0.1554 0.47791
vt 0.10082 0.48149
vt 0.10976 0.48147
vt 0.10975 0.47682
vt 0.10237 0.47684
vt 0.07154 0.58966
vt 0.06259 0.58964
vt 0.06414 0.59429
vt 0.07153 0.5943
vt 0.2176 0.38758
vt 0.22508 0.38758
vt 0.10985 0.5943
vt 0.11931 0.59428
vt 0.11922 0.49589
vt 0.10976 0.49591
vt 0.14791 0.49682
vt 0.1554 0.49682
vt 0.1554 0.49312
vt 0.14791 0.49312
vt 0.07154 0.57522
vt 0.081 0.57523
vt 0.0811 0.47684
vt 0.07163 0.47682
vt 0.19303 0.58654
vt 0.20052 0.58654
vt 0.20053 0.4918
vt 0.19304 0.4918
vt 0.14791 0.5943
vt 0.1554 0.5943
vt 0.1554 0.48994
vt 0.14791 0.48993
vt 0.11921 0.49216
vt 0.11369 0.49217
vt 0.07547 0.57896
vt 0.081 0.57897
vt 0.19304 0.59121
vt 0.20053 0.5912
vt 0.081 0.58218
vt 0.07547 0.58217
vt 0.07215 0.58673
vt 0.0811 0.58675
vt 0.11921 0.48894
vt 0.11369 0.48895
vt 0.19304 0.5943
vt 0.20053 0.5943
vt 0.14043 0.38165
vt 0.14791 0.38165
vt 0.14791 0.37676
vt 0.14043 0.37676
vt 0.24189 0.35736
vt 0.24189 0.36484
vt 0.2462 0.36484
vt 0.2462 0.35736
vt 0.1554 0.4854
vt 0.14791 0.48539
vt 0.11931 0.48437
vt 0.11037 0.48439
vt 0.75156 0.43916
vt 0.78918 0.43916
vt 0.78918 0.40113
vt 0.75156 0.40113
vt 0.14791 0.48252
vt 0.1554 0.48252
vt 0.1554 0.47792
vt 0.14791 0.47791
vt 0.11037 0.48149
vt 0.11931 0.48147
vt 0.1193 0.47682
vt 0.11192 0.47684
vt 0.08109 0.58966
vt 0.07215 0.58964
vt 0.0737 0.59429
vt 0.08109 0.5943
vt 0.14043 0.38445
vt 0.14791 0.38445
vt 0.0525 0.5943
vt 0.06198 0.59429
vt 0.06189 0.4959
vt 0.05241 0.4959
vt 0.18532 0.5754
vt 0.17785 0.57548
vt 0.17785 0.57916
vt 0.18532 0.57909
vt 0.13841 0.5752
vt 0.14782 0.57523
vt 0.14791 0.47686
vt 0.1385 0.47682
vt 0.19279 0.50044
vt 0.18532 0.50031
vt 0.18556 0.59418
vt 0.19303 0.5943
vt 0.18532 0.47839
vt 0.17785 0.47847
vt 0.17785 0.58234
vt 0.18532 0.58226
vt 0.06189 0.49216
vt 0.05635 0.49216
vt 0.14232 0.57895
vt 0.14782 0.57897
vt 0.19303 0.49569
vt 0.18556 0.49557
vt 0.14781 0.58219
vt 0.14232 0.58216
vt 0.13902 0.58672
vt 0.14791 0.58675
vt 0.06188 0.48894
vt 0.05635 0.48895
vt 0.19302 0.49262
vt 0.18556 0.4925
vt 0.24427 0.38268
vt 0.2368 0.38268
vt 0.23679 0.38759
vt 0.24426 0.38759
vt 0.06874 0.35761
vt 0.06874 0.3651
vt 0.07316 0.36513
vt 0.07316 0.35764
vt 0.17785 0.58686
vt 0.18532 0.58678
vt 0.06198 0.48438
vt 0.05302 0.48438
vt 0.71394 0.5152
vt 0.75156 0.5152
vt 0.75156 0.47718
vt 0.71394 0.47718
vt 0.18532 0.58964
vt 0.17785 0.58972
vt 0.17785 0.5943
vt 0.18532 0.59423
vt 0.05302 0.48148
vt 0.06198 0.48147
vt 0.06198 0.47682
vt 0.05457 0.47683
vt 0.14791 0.58966
vt 0.13902 0.58962
vt 0.14056 0.59427
vt 0.14791 0.5943
vt 0.24421 0.37991
vt 0.23675 0.37991
vt 0.12895 0.5943
vt 0.13841 0.59428
vt 0.13832 0.49589
vt 0.12886 0.49591
vt 0.16288 0.49682
vt 0.17036 0.49682
vt 0.17036 0.49312
vt 0.16288 0.49312
vt 0.09065 0.57522
vt 0.10012 0.57523
vt 0.10021 0.47684
vt 0.09075 0.47682
vt 0.20802 0.58654
vt 0.2155 0.58654
vt 0.21552 0.4918
vt 0.20803 0.4918
vt 0.16288 0.5943
vt 0.17036 0.5943
vt 0.17036 0.48994
vt 0.16288 0.48993
vt 0.13832 0.49216
vt 0.13279 0.49217
vt 0.09459 0.57896
vt 0.10011 0.57897
vt 0.20803 0.59121
vt 0.21552 0.5912
vt 0.10011 0.58218
vt 0.09458 0.58217
vt 0.09126 0.58673
vt 0.10021 0.58675
vt 0.13831 0.48894
vt 0.13279 0.48895
vt 0.20803 0.5943
vt 0.21551 0.5943
vt 0.19095 0.38479
vt 0.19844 0.38479
vt 0.19844 0.37989
vt 0.19095 0.37989
vt 0.21314 0.36482
vt 0.21746 0.36482
vt 0.21746 0.35733
vt 0.17036 0.4854
vt 0.16288 0.48539
vt 0.13841 0.48437
vt 0.12947 0.48439
vt 0.82681 0.43916
vt 0.78918 0.47718
vt 0.8268 0.47718
vt 0.16288 0.48252
vt 0.17036 0.48252
vt 0.17036 0.47792
vt 0.16288 0.47791
vt 0.12947 0.48149
vt 0.13841 0.48147
vt 0.13841 0.47682
vt 0.13102 0.47684
vt 0.10021 0.58966
vt 0.09126 0.58964
vt 0.09281 0.59429
vt 0.1002 0.5943
vt 0.19095 0.38758
vt 0.19843 0.38758
vt 0.1194 0.5943
vt 0.12886 0.59428
vt 0.12877 0.49589
vt 0.11931 0.49591
vt 0.17036 0.49682
vt 0.17785 0.49682
vt 0.17785 0.49312
vt 0.17036 0.49312
vt 0.0811 0.57522
vt 0.09056 0.57523
vt 0.09065 0.47684
vt 0.08119 0.47682
vt 0.21552 0.58654
vt 0.223 0.58654
vt 0.22301 0.4918
vt 0.21553 0.4918
vt 0.17036 0.5943
vt 0.17785 0.5943
vt 0.17785 0.48994
vt 0.17036 0.48993
vt 0.12877 0.49216
vt 0.12324 0.49217
vt 0.08503 0.57896
vt 0.09056 0.57897
vt 0.21553 0.59121
vt 0.22301 0.5912
vt 0.09055 0.58218
vt 0.08503 0.58217
vt 0.08171 0.58673
vt 0.09065 0.58675
vt 0.12876 0.48894
vt 0.12324 0.48895
vt 0.21553 0.5943
vt 0.22301 0.5943
vt 0.20802 0.38479
vt 0.21551 0.38479
vt 0.21551 0.37989
vt 0.20802 0.37989
vt 0.19609 0.35733
vt 0.19609 0.36482
vt 0.20041 0.36482
vt 0.20041 0.35733
vt 0.17785 0.4854
vt 0.17036 0.48539
vt 0.12886 0.48437
vt 0.11992 0.48439
vt 0.86443 0.43916
vt 0.82681 0.43916
vt 0.82681 0.47718
vt 0.86443 0.47718
vt 0.17036 0.48252
vt 0.17785 0.48252
vt 0.17785 0.47792
vt 0.17036 0.47791
vt 0.11992 0.48149
vt 0.12886 0.48147
vt 0.12885 0.47682
vt 0.12147 0.47684
vt 0.09065 0.58966
vt 0.0817 0.58964
vt 0.08325 0.59429
vt 0.09065 0.5943
vt 0.20802 0.38758
vt 0.2155 0.38758
vt 0.19105 0.43969
vt 0.20052 0.43968
vt 0.20042 0.40665
vt 0.19095 0.40666
vt 0.2529 0.51238
vt 0.26036 0.51262
vt 0.26036 0.50927
vt 0.2529 0.50903
vt 0.15749 0.45883
vt 0.16696 0.45884
vt 0.16706 0.42581
vt 0.15759 0.4258
vt 0.28813 0.4101
vt 0.28067 0.4099
vt 0.28095 0.43949
vt 0.28841 0.43969
vt 0.2529 0.54196
vt 0.26037 0.5422
vt 0.26036 0.50639
vt 0.2529 0.50615
vt 0.20042 0.40292
vt 0.19489 0.40292
vt 0.16143 0.46257
vt 0.16696 0.46258
vt 0.28841 0.405
vt 0.28095 0.40481
vt 0.16696 0.46579
vt 0.16143 0.46579
vt 0.15811 0.47035
vt 0.16706 0.47036
vt 0.20042 0.3997
vt 0.19489 0.39971
vt 0.28838 0.40212
vt 0.28092 0.40192
vt 0.16968 0.36614
vt 0.16968 0.37361
vt 0.17454 0.37356
vt 0.17454 0.3661
vt 0.08108 0.35764
vt 0.08108 0.36513
vt 0.08624 0.36513
vt 0.08624 0.35764
vt 0.26037 0.50225
vt 0.2529 0.50201
vt 0.20052 0.39514
vt 0.19157 0.39515
vt 0.75156 0.55322
vt 0.78918 0.55322
vt 0.78918 0.5152
vt 0.75156 0.5152
vt 0.2529 0.49941
vt 0.26037 0.49964
vt 0.26037 0.49548
vt 0.2529 0.49524
vt 0.19157 0.39224
vt 0.20052 0.39223
vt 0.20052 0.38758
vt 0.19312 0.38759
vt 0.16706 0.47326
vt 0.15811 0.47326
vt 0.15966 0.47791
vt 0.16706 0.47791
vt 0.16708 0.36624
vt 0.16708 0.3737
vt 0.22727 0.4918
vt 0.23675 0.49179
vt 0.23664 0.45876
vt 0.22717 0.45877
vt 0.20055 0.41485
vt 0.20801 0.41508
vt 0.20801 0.41174
vt 0.20055 0.4115
vt 0.17785 0.45931
vt 0.18732 0.45932
vt 0.18742 0.42629
vt 0.17795 0.42628
vt 0.28605 0.56471
vt 0.27859 0.56451
vt 0.27887 0.5941
vt 0.28633 0.5943
vt 0.20056 0.44442
vt 0.20802 0.44466
vt 0.20801 0.40885
vt 0.20055 0.40861
vt 0.23664 0.45502
vt 0.23111 0.45503
vt 0.18179 0.46305
vt 0.18732 0.46306
vt 0.28633 0.55962
vt 0.27887 0.55942
vt 0.18732 0.46627
vt 0.18179 0.46627
vt 0.17847 0.47083
vt 0.18742 0.47084
vt 0.23664 0.45181
vt 0.23111 0.45182
vt 0.2863 0.55673
vt 0.27884 0.55653
vt 0.14528 0.37671
vt 0.14528 0.36925
vt 0.14043 0.36929
vt 0.14043 0.37676
vt 0.10018 0.35764
vt 0.10018 0.36513
vt 0.10535 0.36513
vt 0.10535 0.35764
vt 0.20802 0.40471
vt 0.20056 0.40447
vt 0.23675 0.44724
vt 0.22779 0.44725
vt 0.71394 0.47718
vt 0.75156 0.47718
vt 0.75156 0.43916
vt 0.71394 0.43916
vt 0.20056 0.40187
vt 0.20802 0.40211
vt 0.20802 0.39794
vt 0.20056 0.3977
vt 0.22779 0.44435
vt 0.23674 0.44434
vt 0.23674 0.43969
vt 0.22935 0.4397
vt 0.18742 0.47375
vt 0.17847 0.47374
vt 0.18002 0.47839
vt 0.18742 0.47839
vt 0.14789 0.37662
vt 0.14789 0.36915
vt 0.20812 0.43969
vt 0.21759 0.43968
vt 0.21749 0.40665
vt 0.20802 0.40666
vt 0.23795 0.51238
vt 0.24542 0.51262
vt 0.24542 0.50927
vt 0.23795 0.50903
vt 0.14791 0.45883
vt 0.15739 0.45884
vt 0.15749 0.42581
vt 0.14801 0.4258
vt 0.29021 0.4622
vt 0.28275 0.462
vt 0.28302 0.4916
vt 0.29049 0.4918
vt 0.23796 0.54196
vt 0.24542 0.5422
vt 0.24542 0.50639
vt 0.23795 0.50615
vt 0.21749 0.40292
vt 0.21196 0.40292
vt 0.15185 0.46257
vt 0.15739 0.46258
vt 0.29049 0.45711
vt 0.28302 0.45691
vt 0.15739 0.46579
vt 0.15185 0.46579
vt 0.14853 0.47035
vt 0.15749 0.47036
vt 0.21749 0.3997
vt 0.21196 0.39971
vt 0.29046 0.45423
vt 0.283 0.45403
vt 0.27572 0.55641
vt 0.27572 0.54894
vt 0.27086 0.54899
vt 0.27086 0.55646
vt 0.13906 0.37261
vt 0.13906 0.36513
vt 0.13389 0.36513
vt 0.13389 0.37261
vt 0.24542 0.50225
vt 0.23796 0.50201
vt 0.21759 0.39513
vt 0.20864 0.39515
vt 0.71394 0.47718
vt 0.67631 0.47718
vt 0.67631 0.5152
vt 0.71394 0.5152
vt 0.23796 0.49941
vt 0.24542 0.49964
vt 0.24542 0.49548
vt 0.23796 0.49524
vt 0.20864 0.39224
vt 0.21759 0.39223
vt 0.21759 0.38758
vt 0.21019 0.38759
vt 0.15749 0.47326
vt 0.14853 0.47326
vt 0.15009 0.47791
vt 0.15749 0.47791
vt 0.27832 0.55631
vt 0.27832 0.54885
vt 0.23268 0.5943
vt 0.24215 0.59429
vt 0.24205 0.56126
vt 0.23258 0.56128
vt 0.23048 0.51238
vt 0.23795 0.51262
vt 0.23794 0.50927
vt 0.23048 0.50903
vt 0.10018 0.45774
vt 0.10966 0.45775
vt 0.10976 0.42472
vt 0.10029 0.42471
vt 0.29379 0.56471
vt 0.28633 0.56451
vt 0.2866 0.5941
vt 0.29406 0.5943
vt 0.23049 0.54196
vt 0.23795 0.5422
vt 0.23794 0.50639
vt 0.23048 0.50615
vt 0.24205 0.55753
vt 0.23652 0.55754
vt 0.10412 0.46148
vt 0.10966 0.46149
vt 0.29406 0.55962
vt 0.2866 0.55942
vt 0.10966 0.4647
vt 0.10412 0.4647
vt 0.1008 0.46926
vt 0.10976 0.46927
vt 0.24205 0.55431
vt 0.23652 0.55432
vt 0.29403 0.55673
vt 0.28657 0.55653
vt 0.1827 0.37413
vt 0.1827 0.36667
vt 0.17785 0.36671
vt 0.17785 0.37418
vt 0.19047 0.36669
vt 0.19047 0.35921
vt 0.18531 0.35921
vt 0.18531 0.36669
vt 0.23795 0.50225
vt 0.23049 0.50201
vt 0.24215 0.54975
vt 0.2332 0.54976
vt 0.75156 0.40113
vt 0.71394 0.40113
vt 0.75156 0.43916
vt 0.23049 0.49941
vt 0.23795 0.49964
vt 0.23795 0.49548
vt 0.23049 0.49524
vt 0.2332 0.54685
vt 0.24215 0.54684
vt 0.24215 0.5422
vt 0.23475 0.54221
vt 0.10976 0.47218
vt 0.1008 0.47217
vt 0.10236 0.47682
vt 0.10976 0.47682
vt 0.18531 0.37404
vt 0.18531 0.36657
vt 0.23685 0.4918
vt 0.24632 0.49179
vt 0.24622 0.45876
vt 0.23675 0.45877
vt 0.22301 0.51238
vt 0.23047 0.51262
vt 0.23047 0.50927
vt 0.22301 0.50903
vt 0.20802 0.47272
vt 0.2175 0.47273
vt 0.2176 0.4397
vt 0.20812 0.43969
vt 0.28813 0.37232
vt 0.28067 0.37212
vt 0.28095 0.40172
vt 0.28841 0.40192
vt 0.22302 0.54196
vt 0.23048 0.5422
vt 0.23047 0.50639
vt 0.22301 0.50615
vt 0.24622 0.45502
vt 0.24068 0.45503
vt 0.21196 0.47646
vt 0.21749 0.47646
vt 0.28841 0.36723
vt 0.28095 0.36703
vt 0.21749 0.47968
vt 0.21196 0.47968
vt 0.20864 0.48424
vt 0.2176 0.48425
vt 0.24621 0.45181
vt 0.24068 0.45182
vt 0.28838 0.36435
vt 0.28092 0.36415
vt 0.15277 0.37365
vt 0.15277 0.36619
vt 0.14791 0.36623
vt 0.14791 0.3737
vt 0.19049 0.4925
vt 0.19049 0.48501
vt 0.18532 0.48502
vt 0.18532 0.4925
vt 0.23048 0.50225
vt 0.22302 0.50201
vt 0.24632 0.44724
vt 0.23737 0.44725
vt 0.67631 0.55322
vt 0.71394 0.55322
vt 0.71394 0.5152
vt 0.22302 0.49941
vt 0.23048 0.49964
vt 0.23048 0.49548
vt 0.22302 0.49524
vt 0.23736 0.44435
vt 0.24632 0.44434
vt 0.24632 0.43969
vt 0.23892 0.4397
vt 0.2176 0.48715
vt 0.20864 0.48714
vt 0.2102 0.49179
vt 0.2176 0.4918
vt 0.15537 0.37356
vt 0.15537 0.36609
vt 0.24642 0.4918
vt 0.25589 0.49179
vt 0.25579 0.45876
vt 0.24632 0.45877
vt 0.24542 0.51238
vt 0.25289 0.51262
vt 0.25289 0.50927
vt 0.24542 0.50903
vt 0.16706 0.45883
vt 0.17654 0.45884
vt 0.17664 0.42581
vt 0.16717 0.4258
vt 0.29078 0.5126
vt 0.28332 0.5124
vt 0.28359 0.542
vt 0.29105 0.5422
vt 0.24543 0.54196
vt 0.2529 0.5422
vt 0.25289 0.50639
vt 0.24542 0.50615
vt 0.25579 0.45502
vt 0.25026 0.45503
vt 0.17101 0.46257
vt 0.17654 0.46258
vt 0.29105 0.50751
vt 0.28359 0.50731
vt 0.17654 0.46579
vt 0.171 0.46579
vt 0.16769 0.47035
vt 0.17664 0.47036
vt 0.25579 0.45181
vt 0.25026 0.45182
vt 0.29102 0.50462
vt 0.28356 0.50442
vt 0.15798 0.36614
vt 0.15798 0.3736
vt 0.16284 0.37356
vt 0.16284 0.36609
vt 0.18531 0.36669
vt 0.18531 0.37418
vt 0.19047 0.37418
vt 0.19047 0.36669
vt 0.2529 0.50225
vt 0.24543 0.50201
vt 0.25589 0.44724
vt 0.24694 0.44725
vt 0.71394 0.43916
vt 0.67631 0.43916
vt 0.67631 0.47718
vt 0.71394 0.47718
vt 0.24543 0.49941
vt 0.2529 0.49964
vt 0.2529 0.49548
vt 0.24543 0.49524
vt 0.24694 0.44435
vt 0.25589 0.44434
vt 0.25589 0.43969
vt 0.24849 0.4397
vt 0.17664 0.47326
vt 0.16768 0.47326
vt 0.16924 0.47791
vt 0.17664 0.47791
vt 0.15537 0.36623
vt 0.15537 0.3737
vt 0.06207 0.47682
vt 0.07154 0.47681
vt 0.07144 0.44378
vt 0.06196 0.44379
vt 0.08107 0.45938
vt 0.07361 0.45961
vt 0.07361 0.46297
vt 0.08107 0.46274
vt 0.24632 0.42061
vt 0.25579 0.42062
vt 0.25589 0.3876
vt 0.24642 0.38759
vt 0.27294 0.39387
vt 0.2804 0.39367
vt 0.28067 0.364
vt 0.27321 0.36419
vt 0.08108 0.42968
vt 0.07361 0.42992
vt 0.07361 0.46587
vt 0.08107 0.46564
vt 0.07144 0.44005
vt 0.0659 0.44005
vt 0.25026 0.42435
vt 0.25579 0.42436
vt 0.27321 0.39895
vt 0.28067 0.39875
vt 0.25579 0.42758
vt 0.25026 0.42757
vt 0.24694 0.43213
vt 0.25589 0.43214
vt 0.07144 0.43683
vt 0.0659 0.43684
vt 0.27319 0.40184
vt 0.28065 0.40165
vt 0.07845 0.37677
vt 0.07845 0.36931
vt 0.07359 0.36926
vt 0.07359 0.37672
vt 0.24189 0.36484
vt 0.24189 0.35736
vt 0.23675 0.35736
vt 0.23675 0.36484
vt 0.07361 0.47002
vt 0.08108 0.46979
vt 0.07154 0.43227
vt 0.06258 0.43227
vt 0.75156 0.5152
vt 0.71394 0.5152
vt 0.71394 0.55322
vt 0.75156 0.55322
vt 0.08108 0.47241
vt 0.07361 0.47264
vt 0.07361 0.47682
vt 0.08108 0.47659
vt 0.06258 0.42937
vt 0.07154 0.42936
vt 0.07154 0.42471
vt 0.06414 0.42472
vt 0.25589 0.43505
vt 0.24694 0.43503
vt 0.24849 0.43968
vt 0.25589 0.43969
vt 0.08106 0.37686
vt 0.08106 0.3694
vt 0.2177 0.4918
vt 0.22717 0.49179
vt 0.22707 0.45876
vt 0.2176 0.45877
vt 0.09812 0.45938
vt 0.09065 0.45961
vt 0.09065 0.46297
vt 0.09812 0.46274
vt 0.2176 0.42061
vt 0.22707 0.42062
vt 0.22717 0.3876
vt 0.2177 0.38758
vt 0.27294 0.43172
vt 0.2804 0.43152
vt 0.28067 0.40184
vt 0.27321 0.40204
vt 0.09812 0.42968
vt 0.09066 0.42992
vt 0.09065 0.46587
vt 0.09812 0.46564
vt 0.22707 0.45502
vt 0.22154 0.45503
vt 0.22154 0.42435
vt 0.22707 0.42436
vt 0.27321 0.4368
vt 0.28067 0.4366
vt 0.22707 0.42757
vt 0.22154 0.42757
vt 0.21822 0.43213
vt 0.22717 0.43214
vt 0.22707 0.45181
vt 0.22154 0.45181
vt 0.27319 0.43969
vt 0.28065 0.4395
vt 0.09327 0.36935
vt 0.09327 0.37682
vt 0.09813 0.37686
vt 0.09813 0.3694
vt 0.12661 0.35764
vt 0.12661 0.36512
vt 0.13175 0.36512
vt 0.13175 0.35764
vt 0.09066 0.47002
vt 0.09812 0.46979
vt 0.22717 0.44724
vt 0.21822 0.44725
vt 0.78918 0.43916
vt 0.75156 0.43916
vt 0.75156 0.47718
vt 0.78918 0.47718
vt 0.09812 0.47241
vt 0.09066 0.47264
vt 0.09066 0.47682
vt 0.09812 0.47659
vt 0.21822 0.44434
vt 0.22717 0.44434
vt 0.22717 0.43969
vt 0.21977 0.4397
vt 0.22717 0.43504
vt 0.21822 0.43503
vt 0.21977 0.43968
vt 0.22717 0.43969
vt 0.09065 0.36926
vt 0.09065 0.37672
vt 0.12896 0.47682
vt 0.13844 0.47681
vt 0.13834 0.44378
vt 0.12886 0.44379
vt 0.20801 0.47435
vt 0.20055 0.47459
vt 0.20055 0.47795
vt 0.20801 0.47772
vt 0.24215 0.57522
vt 0.25162 0.57523
vt 0.25173 0.54221
vt 0.24225 0.5422
vt 0.27558 0.53422
vt 0.28304 0.53403
vt 0.28332 0.50435
vt 0.27585 0.50454
vt 0.20802 0.44466
vt 0.20056 0.44489
vt 0.20055 0.48084
vt 0.20801 0.48061
vt 0.13834 0.44005
vt 0.1328 0.44005
vt 0.24609 0.57896
vt 0.25162 0.57897
vt 0.27585 0.5393
vt 0.28332 0.53911
vt 0.25162 0.58219
vt 0.24609 0.58218
vt 0.24277 0.58674
vt 0.25173 0.58675
vt 0.13833 0.43683
vt 0.1328 0.43684
vt 0.27583 0.5422
vt 0.28329 0.542
vt 0.05727 0.37677
vt 0.05727 0.36931
vt 0.05241 0.36926
vt 0.05241 0.37672
vt 0.19609 0.36482
vt 0.19609 0.35733
vt 0.19095 0.35733
vt 0.19095 0.36482
vt 0.20056 0.485
vt 0.20802 0.48477
vt 0.13844 0.43227
vt 0.12948 0.43227
vt 0.78918 0.36311
vt 0.75156 0.36311
vt 0.78918 0.40113
vt 0.20802 0.48738
vt 0.20056 0.48762
vt 0.20056 0.4918
vt 0.20802 0.49157
vt 0.12948 0.42937
vt 0.13844 0.42936
vt 0.13844 0.42471
vt 0.13104 0.42472
vt 0.25172 0.58966
vt 0.24277 0.58965
vt 0.24433 0.59429
vt 0.25172 0.5943
vt 0.05988 0.37686
vt 0.05988 0.3694
vt 0.08118 0.47682
vt 0.09065 0.47682
vt 0.09055 0.44378
vt 0.08108 0.44379
vt 0.05987 0.45938
vt 0.05241 0.45961
vt 0.05241 0.46297
vt 0.05987 0.46274
vt 0.22301 0.57522
vt 0.23248 0.57523
vt 0.23258 0.54221
vt 0.22311 0.5422
vt 0.27502 0.48382
vt 0.28248 0.48363
vt 0.28275 0.45395
vt 0.27529 0.45415
vt 0.05988 0.42968
vt 0.05242 0.42992
vt 0.05241 0.46587
vt 0.05987 0.46564
vt 0.09055 0.44005
vt 0.08502 0.44005
vt 0.22695 0.57896
vt 0.23248 0.57897
vt 0.27529 0.4889
vt 0.28275 0.48871
vt 0.23248 0.58219
vt 0.22695 0.58218
vt 0.22363 0.58674
vt 0.23258 0.58675
vt 0.09055 0.43683
vt 0.08502 0.43684
vt 0.27527 0.4918
vt 0.28273 0.4916
vt 0.11666 0.37677
vt 0.11666 0.36931
vt 0.1118 0.36926
vt 0.1118 0.37672
vt 0.10535 0.35764
vt 0.10535 0.36513
vt 0.11049 0.36513
vt 0.11049 0.35764
vt 0.05242 0.47002
vt 0.05988 0.46979
vt 0.09065 0.43227
vt 0.0817 0.43227
vt 0.82681 0.36311
vt 0.78918 0.36311
vt 0.78918 0.40113
vt 0.82681 0.40113
vt 0.05988 0.47241
vt 0.05242 0.47264
vt 0.05242 0.47682
vt 0.05988 0.47659
vt 0.0817 0.42937
vt 0.09065 0.42936
vt 0.09065 0.42471
vt 0.08325 0.42472
vt 0.23258 0.58966
vt 0.22363 0.58965
vt 0.22518 0.59429
vt 0.23258 0.5943
vt 0.11927 0.37686
vt 0.11927 0.3694
vt 0.11939 0.47682
vt 0.12886 0.47681
vt 0.12876 0.44378
vt 0.11929 0.44379
vt 0.14791 0.45938
vt 0.14044 0.45961
vt 0.14044 0.46297
vt 0.1479 0.46274
vt 0.23675 0.42061
vt 0.24622 0.42062
vt 0.24632 0.3876
vt 0.23685 0.38759
vt 0.26785 0.53422
vt 0.27531 0.53403
vt 0.27558 0.50435
vt 0.26812 0.50454
vt 0.14791 0.42968
vt 0.14045 0.42992
vt 0.14044 0.46587
vt 0.1479 0.46564
vt 0.12876 0.44005
vt 0.12323 0.44005
vt 0.24068 0.42435
vt 0.24622 0.42436
vt 0.26812 0.5393
vt 0.27558 0.53911
vt 0.24621 0.42758
vt 0.24068 0.42757
vt 0.23737 0.43213
vt 0.24632 0.43214
vt 0.12876 0.43683
vt 0.12323 0.43684
vt 0.2681 0.5422
vt 0.27556 0.542
vt 0.27271 0.50426
vt 0.27271 0.49679
vt 0.26785 0.49675
vt 0.26785 0.50421
vt 0.11929 0.35764
vt 0.11929 0.36513
vt 0.12443 0.36513
vt 0.12443 0.35764
vt 0.14045 0.47003
vt 0.14791 0.46979
vt 0.12886 0.43227
vt 0.11991 0.43227
vt 0.78918 0.47718
vt 0.75156 0.47718
vt 0.75156 0.5152
vt 0.78918 0.5152
vt 0.14791 0.47241
vt 0.14045 0.47264
vt 0.14045 0.47682
vt 0.14791 0.47659
vt 0.1199 0.42937
vt 0.12886 0.42936
vt 0.12886 0.42471
vt 0.12146 0.42472
vt 0.24632 0.43505
vt 0.23736 0.43503
vt 0.23892 0.43968
vt 0.24632 0.43969
vt 0.27532 0.50435
vt 0.27532 0.49688
vt 0.19105 0.4918
vt 0.20053 0.49179
vt 0.20043 0.45876
vt 0.19095 0.45877
vt 0.11928 0.45938
vt 0.11181 0.45961
vt 0.11181 0.46297
vt 0.11928 0.46274
vt 0.22717 0.42061
vt 0.23664 0.42062
vt 0.23675 0.3876
vt 0.22728 0.38759
vt 0.27086 0.58633
vt 0.27832 0.58613
vt 0.27859 0.55646
vt 0.27113 0.55665
vt 0.11929 0.42968
vt 0.11182 0.42992
vt 0.11181 0.46587
vt 0.11928 0.46564
vt 0.20042 0.45502
vt 0.19489 0.45503
vt 0.23111 0.42435
vt 0.23664 0.42436
vt 0.27113 0.59141
vt 0.27859 0.59121
vt 0.23664 0.42758
vt 0.23111 0.42757
vt 0.22779 0.43213
vt 0.23675 0.43214
vt 0.20042 0.45181
vt 0.19489 0.45181
vt 0.27111 0.5943
vt 0.27857 0.59411
vt 0.22246 0.3798
vt 0.22246 0.37233
vt 0.2176 0.37229
vt 0.2176 0.37975
vt 0.13904 0.36513
vt 0.13904 0.35764
vt 0.13389 0.35764
vt 0.13389 0.36513
vt 0.11182 0.47002
vt 0.11929 0.46979
vt 0.20053 0.44724
vt 0.19157 0.44725
vt 0.67631 0.40113
vt 0.71394 0.40113
vt 0.71394 0.36311
vt 0.67631 0.36311
vt 0.11929 0.47241
vt 0.11182 0.47264
vt 0.11182 0.47682
vt 0.11929 0.47659
vt 0.19157 0.44434
vt 0.20053 0.44434
vt 0.20053 0.43969
vt 0.19312 0.4397
vt 0.23674 0.43505
vt 0.22779 0.43503
vt 0.22935 0.43968
vt 0.22507 0.37989
vt 0.22507 0.37243
vt 0.26139 0.5943
vt 0.27086 0.59429
vt 0.27076 0.56126
vt 0.26129 0.56128
vt 0.09065 0.40107
vt 0.09814 0.40105
vt 0.09814 0.39781
vt 0.09065 0.39783
vt 0.08108 0.40563
vt 0.09054 0.40565
vt 0.09064 0.37263
vt 0.08118 0.37261
vt 0.2538 0.35699
vt 0.24632 0.35698
vt 0.24633 0.38758
vt 0.25381 0.38759
vt 0.09065 0.42968
vt 0.09814 0.42967
vt 0.09814 0.39502
vt 0.09065 0.39503
vt 0.27076 0.55753
vt 0.26523 0.55754
vt 0.08501 0.40937
vt 0.09054 0.40939
vt 0.25381 0.35205
vt 0.24633 0.35204
vt 0.09054 0.4126
vt 0.08501 0.41259
vt 0.0817 0.41715
vt 0.09064 0.41716
vt 0.27076 0.55431
vt 0.26523 0.55432
vt 0.25381 0.34906
vt 0.24633 0.34906
vt 0.08108 0.37956
vt 0.07359 0.37956
vt 0.07359 0.38445
vt 0.08108 0.38445
vt 0.29028 0.55646
vt 0.29028 0.54897
vt 0.28516 0.54897
vt 0.28516 0.55645
vt 0.09814 0.391
vt 0.09065 0.39102
vt 0.27086 0.54975
vt 0.26191 0.54976
vt 0.78918 0.55322
vt 0.82681 0.55322
vt 0.82681 0.5152
vt 0.78918 0.5152
vt 0.09065 0.3885
vt 0.09814 0.38848
vt 0.09814 0.38445
vt 0.09065 0.38447
vt 0.26191 0.54686
vt 0.27086 0.54684
vt 0.27086 0.5422
vt 0.26347 0.54221
vt 0.09064 0.42007
vt 0.0817 0.42005
vt 0.08325 0.4247
vt 0.09064 0.42471
vt 0.08107 0.37686
vt 0.07359 0.37686
vt 0.25183 0.5943
vt 0.26129 0.59429
vt 0.26119 0.56126
vt 0.25173 0.56128
vt 0.27294 0.42307
vt 0.26546 0.42309
vt 0.26546 0.42633
vt 0.27294 0.42632
vt 0.26546 0.47271
vt 0.27492 0.47274
vt 0.27502 0.43972
vt 0.26556 0.4397
vt 0.29589 0.37057
vt 0.28841 0.37056
vt 0.28842 0.40116
vt 0.2959 0.40116
vt 0.27294 0.39446
vt 0.26546 0.39448
vt 0.26546 0.42912
vt 0.27294 0.42911
vt 0.26119 0.55753
vt 0.25566 0.55754
vt 0.26939 0.47646
vt 0.27492 0.47647
vt 0.2959 0.36562
vt 0.28842 0.36562
vt 0.27492 0.47968
vt 0.26939 0.47967
vt 0.26608 0.48423
vt 0.27502 0.48425
vt 0.26119 0.55431
vt 0.25566 0.55432
vt 0.2959 0.36264
vt 0.28842 0.36264
vt 0.09814 0.37956
vt 0.09066 0.37956
vt 0.09066 0.38445
vt 0.09814 0.38445
vt 0.27294 0.35651
vt 0.27294 0.364
vt 0.27806 0.364
vt 0.27806 0.35651
vt 0.26546 0.43314
vt 0.27294 0.43312
vt 0.26129 0.54975
vt 0.25234 0.54976
vt 0.82681 0.40113
vt 0.78918 0.40113
vt 0.78918 0.43916
vt 0.82681 0.43916
vt 0.27294 0.43564
vt 0.26546 0.43566
vt 0.26546 0.43969
vt 0.27294 0.43967
vt 0.25234 0.54686
vt 0.26129 0.54684
vt 0.26129 0.5422
vt 0.2539 0.54221
vt 0.27502 0.48715
vt 0.26608 0.48713
vt 0.26763 0.49178
vt 0.27502 0.4918
vt 0.09814 0.37686
vt 0.09065 0.37686
vt 0.25599 0.43969
vt 0.26546 0.43968
vt 0.26536 0.40665
vt 0.25589 0.40667
vt 0.07359 0.40107
vt 0.08108 0.40105
vt 0.08108 0.39781
vt 0.07359 0.39783
vt 0.06196 0.40563
vt 0.07143 0.40565
vt 0.07153 0.37263
vt 0.06207 0.37261
vt 0.23466 0.35699
vt 0.22717 0.35698
vt 0.22718 0.38758
vt 0.23467 0.38759
vt 0.07359 0.42968
vt 0.08108 0.42967
vt 0.08108 0.39502
vt 0.07359 0.39503
vt 0.26535 0.40292
vt 0.25983 0.40293
vt 0.0659 0.40937
vt 0.07142 0.40938
vt 0.23467 0.35205
vt 0.22718 0.35204
vt 0.07142 0.4126
vt 0.0659 0.41259
vt 0.06258 0.41715
vt 0.07153 0.41716
vt 0.26535 0.3997
vt 0.25983 0.39971
vt 0.23467 0.34906
vt 0.22718 0.34906
vt 0.24423 0.37502
vt 0.23675 0.37502
vt 0.23675 0.37991
vt 0.24423 0.37991
vt 0.05753 0.36178
vt 0.05753 0.35429
vt 0.05241 0.35429
vt 0.05241 0.36177
vt 0.08108 0.391
vt 0.07359 0.39102
vt 0.26546 0.39514
vt 0.25651 0.39515
vt 0.75156 0.40113
vt 0.75156 0.36311
vt 0.71394 0.36311
vt 0.07359 0.3885
vt 0.08108 0.38848
vt 0.08108 0.38445
vt 0.07359 0.38447
vt 0.25651 0.39225
vt 0.26546 0.39223
vt 0.26546 0.38759
vt 0.25806 0.3876
vt 0.07153 0.42007
vt 0.06258 0.42005
vt 0.06414 0.4247
vt 0.07153 0.42471
vt 0.24423 0.37233
vt 0.23675 0.37233
vt 0.25599 0.4918
vt 0.26546 0.49178
vt 0.26536 0.45876
vt 0.25589 0.45877
vt 0.11928 0.41306
vt 0.1118 0.41308
vt 0.1118 0.41632
vt 0.11928 0.41631
vt 0.12886 0.40563
vt 0.13832 0.40565
vt 0.13842 0.37263
vt 0.12896 0.37261
vt 0.29589 0.40909
vt 0.28841 0.40909
vt 0.28842 0.43969
vt 0.2959 0.43969
vt 0.11929 0.38445
vt 0.1118 0.38447
vt 0.1118 0.41912
vt 0.11928 0.4191
vt 0.26535 0.45502
vt 0.25983 0.45503
vt 0.1328 0.40937
vt 0.13832 0.40938
vt 0.2959 0.40415
vt 0.28842 0.40415
vt 0.13832 0.4126
vt 0.1328 0.41259
vt 0.12948 0.41715
vt 0.13842 0.41716
vt 0.26535 0.45181
vt 0.25983 0.45182
vt 0.2959 0.40117
vt 0.28842 0.40116
vt 0.11929 0.37956
vt 0.1118 0.37956
vt 0.1118 0.38445
vt 0.07871 0.36177
vt 0.07871 0.35429
vt 0.07359 0.35429
vt 0.07359 0.36177
vt 0.1118 0.42313
vt 0.11929 0.42311
vt 0.26546 0.44724
vt 0.25651 0.44726
vt 0.82681 0.55322
vt 0.86443 0.55322
vt 0.86443 0.5152
vt 0.82681 0.5152
vt 0.11929 0.42563
vt 0.1118 0.42565
vt 0.1118 0.42968
vt 0.11929 0.42966
vt 0.25651 0.44435
vt 0.26546 0.44434
vt 0.26546 0.43969
vt 0.25806 0.43971
vt 0.13842 0.42007
vt 0.12948 0.42005
vt 0.13103 0.4247
vt 0.13842 0.42471
vt 0.11928 0.37686
vt 0.1118 0.37686
vt 0.18742 0.42627
vt 0.18731 0.39324
vt 0.17785 0.39326
vt 0.26785 0.52558
vt 0.26037 0.5256
vt 0.26037 0.52884
vt 0.26785 0.52882
vt 0.16708 0.40672
vt 0.17654 0.40674
vt 0.17664 0.37372
vt 0.16718 0.3737
vt 0.20801 0.3671
vt 0.20053 0.3671
vt 0.20054 0.3977
vt 0.20802 0.3977
vt 0.26785 0.49696
vt 0.26037 0.49698
vt 0.26037 0.53163
vt 0.26785 0.53161
vt 0.18731 0.38951
vt 0.18178 0.38952
vt 0.17101 0.41046
vt 0.17654 0.41047
vt 0.20802 0.36216
vt 0.20054 0.36216
vt 0.17654 0.41369
vt 0.17101 0.41368
vt 0.1677 0.41823
vt 0.17664 0.41825
vt 0.18731 0.38629
vt 0.18178 0.3863
vt 0.20802 0.35918
vt 0.20054 0.35917
vt 0.0599 0.37956
vt 0.05241 0.37956
vt 0.05241 0.38445
vt 0.0599 0.38445
vt 0.22272 0.3648
vt 0.22272 0.35732
vt 0.2176 0.35732
vt 0.2176 0.3648
vt 0.26037 0.53564
vt 0.26785 0.53562
vt 0.18742 0.38173
vt 0.17847 0.38174
vt 0.86443 0.5152
vt 0.86443 0.47718
vt 0.82681 0.47718
vt 0.26785 0.53815
vt 0.26037 0.53816
vt 0.26037 0.5422
vt 0.26785 0.54218
vt 0.17847 0.37884
vt 0.18741 0.37882
vt 0.18741 0.37418
vt 0.18002 0.37419
vt 0.17664 0.42116
vt 0.1677 0.42114
vt 0.16925 0.42579
vt 0.17664 0.4258
vt 0.05989 0.37686
vt 0.05241 0.37686
vt 0.14801 0.4258
vt 0.15748 0.42579
vt 0.15738 0.39276
vt 0.14791 0.39278
vt 0.05989 0.41307
vt 0.05241 0.41308
vt 0.05241 0.41632
vt 0.05989 0.41631
vt 0.11929 0.40563
vt 0.12875 0.40565
vt 0.12885 0.37263
vt 0.11939 0.37261
vt 0.27087 0.35699
vt 0.26338 0.35698
vt 0.26339 0.38758
vt 0.27088 0.38759
vt 0.05989 0.38445
vt 0.05241 0.38447
vt 0.05241 0.41912
vt 0.05989 0.4191
vt 0.15738 0.38903
vt 0.15185 0.38904
vt 0.12322 0.40937
vt 0.12875 0.40938
vt 0.27088 0.35205
vt 0.26339 0.35204
vt 0.12875 0.4126
vt 0.12322 0.41259
vt 0.1199 0.41715
vt 0.12885 0.41716
vt 0.15738 0.38581
vt 0.15185 0.38582
vt 0.27088 0.34906
vt 0.26339 0.34906
vt 0.19844 0.375
vt 0.19095 0.375
vt 0.19095 0.37989
vt 0.19844 0.37989
vt 0.2858 0.36415
vt 0.2858 0.35666
vt 0.28067 0.35666
vt 0.28067 0.36415
vt 0.05241 0.42313
vt 0.05989 0.42311
vt 0.15748 0.38125
vt 0.14853 0.38126
vt 0.86443 0.40113
vt 0.82681 0.40113
vt 0.05989 0.42563
vt 0.05241 0.42565
vt 0.05241 0.42968
vt 0.05989 0.42967
vt 0.14853 0.37836
vt 0.15748 0.37834
vt 0.15748 0.3737
vt 0.15008 0.37371
vt 0.12885 0.42007
vt 0.1199 0.42005
vt 0.12146 0.4247
vt 0.12885 0.42471
vt 0.19843 0.3723
vt 0.19095 0.3723
vt 0.00154 0.32876
vt 0.33828 0.32618
vt 0.33828 0.27004
vt 0.00213 0.27267
vt 0.96534 0.86303
vt 0.96534 0.70695
vt 0.95685 0.70695
vt 0.95687 0.86303
vt 0.33711 0.48159
vt 0.33405 0.33044
vt 0.33325 0.48162
vt 0.97639 0.84305
vt 0.97713 0.63093
vt 0.97458 0.63094
vt 0.97384 0.84306
vt 0.36101 0.49329
vt 0.36391 0.61994
vt 0.36646 0.61993
vt 0.36356 0.49328
vt 0.15675 0.9996
vt 0.36861 0.99906
vt 0.30901 0.97592
vt 0.15737 0.9763
vt 0.73634 0.74925
vt 0.73635 0.62347
vt 0.64473 0.67645
vt 0.64485 0.76285
vt 0.52515 0.62111
vt 0.52824 0.67516
vt 0.36101 0.52218
vt 0.36101 0.40532
vt 0.33831 0.40532
vt 0.33828 0.52218
vt 0.7829 0.31029
vt 0.64198 0.31064
vt 0.66551 0.33388
vt 0.78236 0.33375
vt 0.90752 0.45818
vt 0.96957 0.30904
vt 0.96702 0.30909
vt 0.90497 0.45823
vt 0.96702 0.61932
vt 0.96448 0.61937
vt 0.58501 0.17171
vt 0.58622 0.31278
vt 0.58876 0.3128
vt 0.58756 0.17172
vt 0.31841 0.27004
vt 0.31841 0.2461
vt 0.30868 0.2461
vt 0.30868 0.27004
vt 0.82289 0.15298
vt 0.8229 0.1938
vt 0.79894 0.15312
vt 0.79774 0.19399
vt 0.77766 0.17216
vt 0.79801 0.17166
vt 0.74661 0.64622
vt 0.74663 0.66847
vt 0.75635 0.66842
vt 0.75633 0.64617
vt 0.29895 0.27004
vt 0.29895 0.24492
vt 0.28922 0.24492
vt 0.28922 0.27004
vt 0.76604 0.66847
vt 0.76603 0.62804
vt 0.75635 0.62792
vt 0.75635 0.66834
vt 0.74663 0.62778
vt 0.75635 0.62773
vt 0.58501 0.3128
vt 0.58276 0.17157
vt 0.58021 0.17156
vt 0.58247 0.31279
vt 0.33828 0.19044
vt 0.33828 0.30743
vt 0.36096 0.30743
vt 0.36096 0.19044
vt 0.64096 0.61937
vt 0.78195 0.61936
vt 0.78174 0.59481
vt 0.66502 0.59494
vt 0.64508 0.93565
vt 0.52872 0.93435
vt 0.52584 0.99741
vt 0.73688 1
vt 0.36889 0.61994
vt 0.15712 0.6206
vt 0.15768 0.64561
vt 0.30933 0.64522
vt 0.98063 0.61937
vt 0.98059 0.40725
vt 0.97805 0.40725
vt 0.97809 0.61937
vt 0.00104 0.48416
vt 0.00493 0.48413
vt 0.00573 0.33295
vt 0.40412 0.16097
vt 0.40409 0.31116
vt 0.47457 0.3128
vt 0.47457 0.16097
vt 0.95685 0.94315
vt 0.95685 0.78708
vt 0.94838 0.78708
vt 0.94837 0.94315
vt 0.97384 0.65997
vt 0.96534 0.6604
vt 0.96537 1
vt 0.97384 0.99987
vt 0.95687 1
vt 0.96534 0.99984
vt 0.50972 0.02817
vt 0.50979 0.18
vt 0.58021 0.18
vt 0.58021 0.02817
vt 0.80741 0.67035
vt 0.73688 0.66847
vt 0.73688 1
vt 0.80738 0.99879
vt 0.33255 0.61378
vt 0.33632 0.61798
vt 0.00423 0.61629
vt 0 0.61994
vt 0.97458 1
vt 0.97713 0.99999
vt 0.97713 1
vt 0.97967 1
vt 0.97967 0.62004
vt 0.97713 0.62004
vt 0 1
vt 0.0248 0.97664
vt 0.02512 0.64594
vt 0.00036 0.621
vt 0.36958 0.99567
vt 0.43138 0.93327
vt 0.43078 0.67407
vt 0.36889 0.61937
vt 0.33831 0.61994
vt 0.36101 0.61994
vt 0.88013 0.33364
vt 0.90497 0.31029
vt 0.64106 0.16109
vt 0.63851 0.16104
vt 0.69971 0.31024
vt 0.70225 0.31029
vt 0.70225 6E-05
vt 0.69971 0
vt 0.58876 0.04977
vt 0.58622 0.04975
vt 0.31841 0.27004
vt 0.32813 0.27004
vt 0.32813 0.2461
vt 0.31841 0.2461
vt 0.74751 0.16505
vt 0.74749 0.20587
vt 0.72354 0.20574
vt 0.72234 0.16486
vt 0.70225 0.1867
vt 0.72261 0.18719
vt 0.74659 0.64617
vt 0.73688 0.64622
vt 0.7369 0.66847
vt 0.74661 0.66842
vt 0.30868 0.24492
vt 0.29895 0.24492
vt 0.29895 0.27004
vt 0.20968 0.22962
vt 0.19999 0.22949
vt 0.19999 0.26992
vt 0.20968 0.27004
vt 0.74661 0.62774
vt 0.7369 0.62778
vt 0.58501 0.04945
vt 0.58247 0.04945
vt 0.33828 0.40532
vt 0.36096 0.40532
vt 0.90374 0.61918
vt 0.87938 0.5947
vt 0.98063 0.25031
vt 0.97809 0.25031
vt 0.47457 0.02824
vt 0.40403 0.02927
vt 0.95685 0.6501
vt 0.94836 0.65072
vt 0.94836 1
vt 0.94836 0.96361
vt 0.9128 0.96361
vt 0.91318 0.9995
vt 0.87618 0.96361
vt 0.87618 0.9054
vt 0.84263 0.90463
vt 0.84263 0.96464
vt 0.19446 0.27004
vt 0.19446 0.1979
vt 0.18892 0.1979
vt 0.18892 0.27004
vt 0.29801 0.33072
vt 0.24037 0.33116
vt 0.24034 0.33667
vt 0.29798 0.33623
vt 0.2285 0.27003
vt 0.2285 0.21197
vt 0.22297 0.21198
vt 0.22297 0.27004
vt 0.87151 0.87382
vt 0.87151 0.83176
vt 0.84263 0.83133
vt 0.84263 0.87425
vt 0.94836 0.87424
vt 0.94836 0.83133
vt 0.91949 0.83176
vt 0.91949 0.87382
vt 0.21575 0.22211
vt 0.21575 0.27004
vt 0.22297 0.27004
vt 0.22297 0.22211
vt 0.27033 0.27004
vt 0.27033 0.22839
vt 0.26314 0.2283
vt 0.26314 0.26995
vt 0.26314 0.27002
vt 0.26314 0.22806
vt 0.25593 0.22809
vt 0.25593 0.27004
vt 0.77326 0.66847
vt 0.77326 0.62052
vt 0.76603 0.62052
vt 0.76603 0.66847
vt 0.84263 0.79827
vt 0.87077 0.79826
vt 0.87078 0.73947
vt 0.84263 0.73947
vt 0.10707 0.19252
vt 0.10707 0.27004
vt 0.11315 0.27004
vt 0.11315 0.19252
vt 0.63784 0.3128
vt 0.63784 0.23525
vt 0.63176 0.23525
vt 0.63176 0.3128
vt 0.21575 0.27002
vt 0.21575 0.21139
vt 0.20968 0.21141
vt 0.20968 0.27004
vt 0.13421 0.33197
vt 0.07605 0.33242
vt 0.07602 0.33847
vt 0.13418 0.33802
vt 0.91248 0.72097
vt 0.94836 0.72061
vt 0.94836 0.68738
vt 0.91248 0.68698
vt 0.84263 0.72163
vt 0.87851 0.72097
vt 0.87851 0.68698
vt 0.84263 0.68542
vt 0.77898 0.63474
vt 0.77898 0.6684
vt 0.78469 0.66847
vt 0.78469 0.63481
vt 0.59859 0.26146
vt 0.59859 0.22751
vt 0.59286 0.22751
vt 0.59286 0.26146
vt 0.59859 0.22752
vt 0.60432 0.26146
vt 0.60432 0.22752
vt 0.77898 0.66845
vt 0.77898 0.63455
vt 0.77326 0.63457
vt 0.77326 0.66847
vt 0.97805 0.61937
vt 0.97805 0.27934
vt 0.96957 0.27963
vt 0.96957 0.61907
vt 0.96534 0.6501
vt 0.95687 0.65057
vt 0.94839 0.99948
vt 0.95685 1
vt 0.59286 0.26124
vt 0.59286 0.20985
vt 0.58877 0.21005
vt 0.58876 0.26146
vt 0.11337 0.26977
vt 0.12214 0.27004
vt 0.12214 0.21915
vt 0.11315 0.21885
vt 0.78877 0.63668
vt 0.78877 0.62818
vt 0.78469 0.62787
vt 0.7847 0.63668
vt 0.33258 0.26992
vt 0.33701 0.27004
vt 0.33701 0.21864
vt 0.33257 0.21884
vt 0.79321 0.61968
vt 0.79322 0.62871
vt 0.79728 0.62818
vt 0.79728 0.61968
vt 0.60574 0.26146
vt 0.58876 0.26152
vt 0.58876 0.3128
vt 0.60574 0.31274
vt 0.33257 0.21864
vt 0.32813 0.21864
vt 0.33257 0.27004
vt 0.1306 0.21913
vt 0.12238 0.21915
vt 0.12214 0.26973
vt 0.1306 0.27004
vt 0.47457 0.31273
vt 0.50972 0.3128
vt 0.47457 0.18
vt 0.36889 0.16097
vt 0.36889 0.02824
vt 0.84263 0.66847
vt 0.84263 1
vt 0.47457 0.02817
vt 0.36889 0.3128
vt 0.58021 0.31273
vt 0.91312 0.66966
vt 0.94836 0.66847
vt 0.73688 0.87423
vt 0.64496 0.84925
vt 0.36105 0.23998
vt 0.36391 0.36663
vt 0.36646 0.36662
vt 0.36359 0.23997
vt 0.16851 0.86978
vt 0.16851 0.86669
vt 0.17597 0.86667
vt 0.17598 0.86976
vt 0.16924 0.86976
vt 0.16912 0.86667
vt 0.17725 0.86634
vt 0.17737 0.86944
vt 0.17598 0.86944
vt 0.17597 0.86634
vt 0.16851 0.86636
vt 0.16852 0.86946
vt 0.17737 0.86946
vt 0.17725 0.86636
vt 0.16912 0.86669
vt 0.16925 0.86978
vt 0.1693 0.86533
vt 0.17517 0.86531
vt 0.16993 0.86533
vt 0.17633 0.86507
vt 0.17624 0.86287
vt 0.16985 0.86313
vt 0.16993 0.86531
vt 0.17633 0.86506
vt 0.17518 0.86506
vt 0.1693 0.86507
vt 0.17624 0.84397
vt 0.17624 0.8381
vt 0.1769 0.83749
vt 0.1769 0.84457
vt 0.16984 0.86311
vt 0.17624 0.86286
vt 0.17517 0.86286
vt 0.16929 0.86287
vt 0.16929 0.86313
vt 0.17517 0.86311
vt 0.16919 0.86316
vt 0.1769 0.86285
vt 0.17677 0.85973
vt 0.16907 0.86004
vt 0.16984 0.8381
vt 0.16985 0.84397
vt 0.16919 0.84458
vt 0.16919 0.8375
vt 0.17677 0.8375
vt 0.16907 0.8375
vt 0.16944 0.83785
vt 0.1764 0.83785
vt 0.1769 0.86283
vt 0.16919 0.86314
vt 0.16907 0.86002
vt 0.17677 0.85971
vt 0.16869 0.86285
vt 0.17577 0.86283
vt 0.17576 0.85971
vt 0.16868 0.85973
vt 0.17577 0.86314
vt 0.16869 0.86316
vt 0.16868 0.86004
vt 0.17576 0.86002
vt 0.16903 0.85974
vt 0.17542 0.85973
vt 0.17541 0.85837
vt 0.16902 0.85839
vt 0.17677 0.84458
vt 0.1764 0.84424
vt 0.16907 0.84458
vt 0.16944 0.84424
vt 0.16939 0.84424
vt 0.17635 0.84424
vt 0.17615 0.84407
vt 0.16958 0.84407
vt 0.17542 0.86001
vt 0.16902 0.86002
vt 0.16902 0.85866
vt 0.17541 0.85865
vt 0.16944 0.86002
vt 0.1764 0.85974
vt 0.17635 0.85839
vt 0.16939 0.85866
vt 0.1764 0.85973
vt 0.16944 0.86001
vt 0.16939 0.85865
vt 0.17634 0.85837
vt 0.17634 0.83785
vt 0.16939 0.83785
vt 0.16958 0.83803
vt 0.17615 0.83803
vt 0.17524 0.85864
vt 0.1692 0.85865
vt 0.17022 0.80497
vt 0.17394 0.80496
vt 0.1692 0.85839
vt 0.17524 0.85838
vt 0.17394 0.8048
vt 0.17022 0.80481
vt 0.17615 0.85838
vt 0.16958 0.85864
vt 0.16871 0.80496
vt 0.17275 0.8048
vt 0.16958 0.85865
vt 0.17615 0.85839
vt 0.17276 0.80481
vt 0.16871 0.80497
vt 0.17448 0.80283
vt 0.16966 0.80284
vt 0.17448 0.79948
vt 0.16966 0.79949
vt 0.16966 0.80305
vt 0.17448 0.80304
vt 0.17328 0.80284
vt 0.16803 0.80305
vt 0.16803 0.80304
vt 0.17328 0.80283
vt 0.1679 0.83879
vt 0.16786 0.84361
vt 0.16676 0.84462
vt 0.1668 0.83778
vt 0.16965 0.7987
vt 0.17447 0.79969
vt 0.17314 0.79949
vt 0.16786 0.7987
vt 0.1679 0.79969
vt 0.17314 0.79948
vt 0.16676 0.79875
vt 0.17424 0.79945
vt 0.17412 0.79556
vt 0.16668 0.79585
vt 0.17314 0.84361
vt 0.17424 0.84461
vt 0.17314 0.83879
vt 0.17424 0.83778
vt 0.17424 0.79944
vt 0.1668 0.79973
vt 0.16673 0.79804
vt 0.17417 0.79774
vt 0.16865 0.79945
vt 0.17548 0.79944
vt 0.17548 0.79774
vt 0.16864 0.79556
vt 0.17548 0.79973
vt 0.16865 0.79875
vt 0.16864 0.79585
vt 0.17548 0.79804
vt 0.16842 0.86949
vt 0.16842 0.8664
vt 0.17588 0.8664
vt 0.17588 0.86949
vt 0.16733 0.86949
vt 0.16741 0.8664
vt 0.17554 0.86662
vt 0.17546 0.86971
vt 0.17591 0.86971
vt 0.17591 0.86662
vt 0.16844 0.86662
vt 0.16844 0.86971
vt 0.17548 0.86971
vt 0.17557 0.86662
vt 0.16744 0.8664
vt 0.16735 0.86949
vt 0.16921 0.8651
vt 0.17509 0.8651
vt 0.16833 0.8651
vt 0.17473 0.86527
vt 0.17479 0.86307
vt 0.16839 0.8629
vt 0.16832 0.8651
vt 0.17472 0.86527
vt 0.17511 0.86527
vt 0.16923 0.86527
vt 0.17479 0.84403
vt 0.17477 0.83815
vt 0.17543 0.83755
vt 0.17545 0.84463
vt 0.16837 0.8629
vt 0.17477 0.86307
vt 0.17511 0.86307
vt 0.16924 0.86307
vt 0.16921 0.8629
vt 0.17509 0.8629
vt 0.16774 0.86288
vt 0.17545 0.86309
vt 0.17553 0.85997
vt 0.16782 0.85976
vt 0.16837 0.83817
vt 0.16839 0.84405
vt 0.16774 0.84465
vt 0.16772 0.83757
vt 0.17551 0.83755
vt 0.1678 0.83757
vt 0.16818 0.83791
vt 0.17514 0.83789
vt 0.17543 0.86309
vt 0.16772 0.86288
vt 0.1678 0.85976
vt 0.17551 0.85997
vt 0.16864 0.86309
vt 0.17572 0.86309
vt 0.17572 0.85997
vt 0.16864 0.85997
vt 0.17569 0.86288
vt 0.16861 0.86288
vt 0.16861 0.85976
vt 0.17569 0.85976
vt 0.16898 0.85996
vt 0.17537 0.85996
vt 0.17537 0.8586
vt 0.16898 0.8586
vt 0.17553 0.84463
vt 0.17516 0.84428
vt 0.16782 0.84465
vt 0.1682 0.84431
vt 0.16823 0.84431
vt 0.1752 0.84428
vt 0.175 0.84411
vt 0.16843 0.84413
vt 0.17535 0.85977
vt 0.16896 0.85977
vt 0.16896 0.85841
vt 0.17535 0.85841
vt 0.1682 0.85977
vt 0.17516 0.85996
vt 0.1752 0.8586
vt 0.16823 0.85841
vt 0.17514 0.85996
vt 0.16818 0.85977
vt 0.16821 0.85841
vt 0.17517 0.8586
vt 0.17517 0.83789
vt 0.16821 0.83791
vt 0.16841 0.83809
vt 0.17498 0.83807
vt 0.17517 0.85842
vt 0.16914 0.85842
vt 0.17032 0.8048
vt 0.17404 0.8048
vt 0.16916 0.85859
vt 0.1752 0.8586
vt 0.17405 0.80491
vt 0.17033 0.80491
vt 0.17498 0.8586
vt 0.16841 0.85842
vt 0.17112 0.8048
vt 0.17517 0.80491
vt 0.16843 0.85842
vt 0.175 0.85859
vt 0.17518 0.80491
vt 0.17113 0.8048
vt 0.17461 0.80298
vt 0.16979 0.80298
vt 0.17461 0.79963
vt 0.16979 0.79963
vt 0.16977 0.80284
vt 0.17459 0.80284
vt 0.17583 0.80298
vt 0.17058 0.80284
vt 0.17057 0.80284
vt 0.17582 0.80298
vt 0.17066 0.83867
vt 0.1707 0.84349
vt 0.16961 0.8445
vt 0.16956 0.83767
vt 0.16977 0.79849
vt 0.17459 0.79949
vt 0.17592 0.79963
vt 0.1707 0.79849
vt 0.17066 0.79949
vt 0.17591 0.79963
vt 0.16961 0.79846
vt 0.17702 0.79966
vt 0.1771 0.79664
vt 0.16966 0.79644
vt 0.17592 0.84348
vt 0.17702 0.84448
vt 0.17591 0.83866
vt 0.177 0.83765
vt 0.177 0.79966
vt 0.16956 0.79946
vt 0.1696 0.79776
vt 0.17704 0.79796
vt 0.16879 0.79966
vt 0.17562 0.79966
vt 0.17562 0.79796
vt 0.16879 0.79664
vt 0.17559 0.79946
vt 0.16876 0.79846
vt 0.16876 0.79644
vt 0.17559 0.79776
vt 0.15759 0.95389
vt 0.15758 0.94167
vt 0.18703 0.94164
vt 0.18704 0.95386
vt 0.15802 0.95386
vt 0.15782 0.94164
vt 0.1899 0.94111
vt 0.1901 0.95333
vt 0.18699 0.95333
vt 0.18698 0.94111
vt 0.15753 0.94114
vt 0.15754 0.95336
vt 0.19005 0.95336
vt 0.18985 0.94114
vt 0.15777 0.94167
vt 0.15797 0.95389
vt 0.1607 0.9364
vt 0.18389 0.93638
vt 0.1611 0.9364
vt 0.18636 0.93599
vt 0.18621 0.9273
vt 0.16096 0.92772
vt 0.16114 0.93638
vt 0.18639 0.93596
vt 0.18385 0.93596
vt 0.16066 0.93599
vt 0.18621 0.85262
vt 0.18625 0.82943
vt 0.18884 0.82706
vt 0.18879 0.85499
vt 0.16099 0.92769
vt 0.18625 0.92728
vt 0.18384 0.92728
vt 0.16065 0.9273
vt 0.16069 0.92772
vt 0.18388 0.92769
vt 0.15837 0.92777
vt 0.18879 0.92726
vt 0.18859 0.91495
vt 0.15816 0.91545
vt 0.16099 0.82939
vt 0.16096 0.85257
vt 0.15837 0.85494
vt 0.15841 0.82701
vt 0.18863 0.82707
vt 0.15821 0.82702
vt 0.15968 0.82838
vt 0.18715 0.82843
vt 0.18884 0.92723
vt 0.15841 0.92774
vt 0.15821 0.91542
vt 0.18863 0.91492
vt 0.15827 0.92726
vt 0.18621 0.92723
vt 0.18619 0.91492
vt 0.15826 0.91495
vt 0.18626 0.92774
vt 0.15832 0.92777
vt 0.15831 0.91545
vt 0.18624 0.91542
vt 0.15962 0.91497
vt 0.18484 0.91494
vt 0.18483 0.90957
vt 0.15961 0.9096
vt 0.18859 0.85501
vt 0.18711 0.85365
vt 0.15816 0.85496
vt 0.15964 0.8536
vt 0.15956 0.85361
vt 0.18702 0.85365
vt 0.18627 0.85295
vt 0.16031 0.85291
vt 0.18488 0.9154
vt 0.15966 0.91542
vt 0.15966 0.91006
vt 0.18488 0.91003
vt 0.15964 0.91542
vt 0.18711 0.91497
vt 0.18702 0.9096
vt 0.15956 0.91006
vt 0.18715 0.91494
vt 0.15968 0.9154
vt 0.1596 0.91003
vt 0.18706 0.90957
vt 0.18706 0.82843
vt 0.1596 0.82839
vt 0.16035 0.82908
vt 0.18631 0.82913
vt 0.18418 0.91002
vt 0.16035 0.91004
vt 0.1647 0.69822
vt 0.17937 0.6982
vt 0.16031 0.90961
vt 0.18414 0.90959
vt 0.17935 0.69794
vt 0.16467 0.69795
vt 0.18631 0.90959
vt 0.16035 0.91002
vt 0.16183 0.6982
vt 0.17781 0.69794
vt 0.16031 0.91004
vt 0.18627 0.90961
vt 0.17779 0.69795
vt 0.1618 0.69822
vt 0.18151 0.69022
vt 0.16249 0.69025
vt 0.18149 0.677
vt 0.16247 0.67702
vt 0.16252 0.69059
vt 0.18154 0.69057
vt 0.18002 0.69025
vt 0.1593 0.69059
vt 0.15933 0.69057
vt 0.18005 0.69022
vt 0.15912 0.83174
vt 0.15902 0.85076
vt 0.1547 0.85472
vt 0.1548 0.82776
vt 0.1625 0.67341
vt 0.18153 0.67735
vt 0.1798 0.67702
vt 0.15902 0.67341
vt 0.15912 0.67735
vt 0.17983 0.677
vt 0.1547 0.67349
vt 0.18412 0.67696
vt 0.18392 0.66505
vt 0.15456 0.66553
vt 0.1798 0.85079
vt 0.18412 0.85476
vt 0.17983 0.83177
vt 0.18416 0.82781
vt 0.18416 0.67693
vt 0.1548 0.67741
vt 0.15469 0.67072
vt 0.18405 0.67023
vt 0.1585 0.67696
vt 0.18545 0.67693
vt 0.18545 0.67023
vt 0.15849 0.66505
vt 0.1855 0.67741
vt 0.15854 0.67349
vt 0.15853 0.66553
vt 0.18549 0.67072
vt 0.94836 0.79821
vt 0.84263 0.66847
vt 0.02446 0.33281
vt 0.05737 0.33256
vt 0.16702 0.33172
vt 0.20951 0.3314
vt 0.36861 0.87255
vt 0.30903 0.95901
vt 0.30906 0.92289
vt 0.30908 0.9051
vt 0.30914 0.84644
vt 0.36889 0.74645
vt 0.30917 0.81346
vt 0.30921 0.77066
vt 0.30924 0.74035
vt 0.3093 0.68049
vt 0.85305 0.1358
vt 0.85305 0.04856
vt 0.85305 0.22305
vt 0.85305 0.31029
vt 0.63851 0.45345
vt 0.66317 0.48178
vt 0.6627 0.4534
vt 0.66335 0.4257
vt 0.49797 0.45047
vt 0.63851 0.4508
vt 0.6144 0.45073
vt 0.49437 0.61934
vt 0.63502 0.61937
vt 0.63105 0.31348
vt 0.49067 0.3128
vt 0.77766 0.04857
vt 0.77766 0.31029
vt 0.87763 0.48154
vt 0.90138 0.45315
vt 0.87719 0.45316
vt 0.87788 0.42545
vt 0.37645 0.45022
vt 0.40056 0.45026
vt 0.37297 0.619
vt 0.36889 0.3128
vt 0.19446 0.19793
vt 0.19999 0.27004
vt 0.19999 0.19793
vt 0.19446 0.27004
vt 0.94836 0.9054
vt 0.94836 0.73948
vt 0.79321 0.61968
vt 0.79321 0.63668
vt 0.78878 0.61992
vt 0.80171 0.61968
vt 0.80171 0.63668
vt 0.79729 0.63668
vt 0.84263 1
usemtl mat0
f 1/1/1 2/2/1 3/3/1
f 4/4/2 5/5/2 6/6/2
f 4/4/3 1/1/3 3/3/3
f 7/7/4 8/8/4 9/9/4
f 10/10/5 11/11/5 12/12/5
f 10/10/6 8/8/6 7/7/6
f 13/13/7 14/14/7 15/15/7
f 13/13/7 15/15/7 16/16/7
f 17/17/8 18/18/8 19/19/8
f 17/17/8 19/19/8 20/20/8
f 21/21/9 22/22/9 23/23/9
f 21/21/9 23/23/9 24/24/9
f 25/25/10 26/26/10 27/27/10
f 25/25/10 27/27/10 28/28/10
f 15/15/11 14/14/11 29/29/11
f 15/15/11 29/29/11 30/30/11
f 31/31/12 32/32/12 33/33/12
f 31/31/12 33/33/12 34/34/12
f 27/27/13 26/26/13 32/32/13
f 27/27/13 32/32/13 31/31/13
f 19/19/14 18/18/14 35/35/14
f 19/19/14 35/35/14 36/36/14
f 23/23/15 22/22/15 37/37/15
f 23/23/15 37/37/15 38/38/15
f 39/39/16 40/40/16 41/41/16
f 39/39/16 41/41/16 42/42/16
f 36/36/17 35/35/17 43/43/17
f 36/36/17 43/43/17 44/44/17
f 38/38/18 37/37/18 45/45/18
f 38/38/18 45/45/18 46/46/18
f 30/30/19 29/29/19 47/47/19
f 30/30/19 47/47/19 48/48/19
f 49/49/20 50/50/20 51/51/20
f 49/49/20 51/51/20 52/52/20
f 53/53/21 54/54/21 55/55/21
f 53/53/21 55/55/21 56/56/21
f 54/54/22 39/39/22 42/42/22
f 54/54/22 42/42/22 55/55/22
f 40/40/23 53/53/23 56/56/23
f 40/40/23 56/56/23 41/41/23
f 57/57/24 58/58/24 59/59/24
f 57/57/24 59/59/24 60/60/24
f 61/61/25 62/62/25 63/63/25
f 61/61/25 63/63/25 64/64/25
f 65/65/26 66/66/26 67/67/26
f 65/65/26 67/67/26 68/68/26
f 69/69/27 70/70/27 71/71/27
f 69/69/27 71/71/27 72/72/27
f 73/73/28 74/74/28 75/75/28
f 73/73/28 75/75/28 76/76/28
f 77/77/29 57/57/29 60/60/29
f 77/77/29 60/60/29 78/78/29
f 58/58/30 79/79/30 80/80/30
f 58/58/30 80/80/30 59/59/30
f 79/79/31 77/77/31 78/78/31
f 79/79/31 78/78/31 80/80/31
f 81/81/32 82/82/32 83/83/32
f 81/81/32 83/83/32 84/84/32
f 85/85/33 86/86/33 87/87/33
f 85/85/33 87/87/33 88/88/33
f 89/89/34 90/90/34 91/91/34
f 89/89/34 91/91/34 92/92/34
f 93/93/35 94/94/35 95/95/35
f 93/93/35 95/95/35 96/96/35
f 97/97/36 98/98/36 99/99/36
f 97/97/36 99/99/36 100/100/36
f 82/82/37 97/97/37 100/100/37
f 82/82/37 100/100/37 83/83/37
f 98/98/38 81/81/38 84/84/38
f 98/98/38 84/84/38 99/99/38
f 101/101/39 102/102/39 103/103/39
f 101/101/39 103/103/39 104/104/39
f 105/105/40 106/106/40 107/107/40
f 105/105/40 107/107/40 108/108/40
f 109/109/41 110/110/41 111/111/41
f 109/109/41 111/111/41 112/112/41
f 113/113/42 114/114/42 115/115/42
f 113/113/42 115/115/42 116/116/42
f 108/108/43 107/107/43 117/117/43
f 108/108/43 117/117/43 118/118/43
f 118/118/44 117/117/44 119/119/44
f 118/118/44 119/119/44 120/120/44
f 104/104/45 103/103/45 121/121/45
f 104/104/45 121/121/45 122/122/45
f 116/116/46 115/115/46 123/123/46
f 116/116/46 123/123/46 124/124/46
f 112/112/47 111/111/47 125/125/47
f 112/112/47 125/125/47 126/126/47
f 127/127/48 128/128/48 129/129/48
f 127/127/48 129/129/48 130/130/48
f 122/122/49 121/121/49 131/131/49
f 122/122/49 131/131/49 132/132/49
f 124/124/50 123/123/50 133/133/50
f 124/124/50 133/133/50 134/134/50
f 126/126/51 125/125/51 135/135/51
f 126/126/51 135/135/51 136/136/51
f 137/137/52 138/138/52 139/139/52
f 137/137/52 139/139/52 140/140/52
f 128/128/53 141/141/53 142/142/53
f 128/128/53 142/142/53 129/129/53
f 143/143/54 127/127/54 130/130/54
f 143/143/54 130/130/54 144/144/54
f 141/141/55 143/143/55 144/144/55
f 141/141/55 144/144/55 142/142/55
f 145/145/56 146/146/56 147/147/56
f 145/145/56 147/147/56 148/148/56
f 149/149/57 150/150/57 151/151/57
f 149/149/57 151/151/57 152/152/57
f 153/153/58 154/154/58 155/155/58
f 153/153/58 155/155/58 156/156/58
f 157/157/59 158/158/59 159/159/59
f 157/157/59 159/159/59 160/160/59
f 161/161/60 162/162/60 163/163/60
f 161/161/60 163/163/60 164/164/60
f 165/165/61 166/166/61 167/167/61
f 165/165/61 167/167/61 168/168/61
f 169/169/62 170/170/62 171/171/62
f 169/169/62 171/171/62 172/172/62
f 162/162/63 161/161/63 173/173/63
f 162/162/63 173/173/63 174/174/63
f 164/164/64 163/163/64 175/175/64
f 164/164/64 175/175/64 176/176/64
f 160/160/65 159/159/65 177/177/65
f 160/160/65 177/177/65 178/178/65
f 166/166/61 165/165/61 179/179/61
f 166/166/61 179/179/61 180/180/61
f 170/170/66 169/169/66 181/181/66
f 170/170/66 181/181/66 182/182/66
f 183/183/61 184/184/61 185/185/61
f 183/183/61 185/185/61 186/186/61
f 178/178/65 177/177/65 187/187/65
f 178/178/65 187/187/65 188/188/65
f 180/180/61 179/179/61 184/184/61
f 180/180/61 184/184/61 183/183/61
f 182/182/67 181/181/67 189/189/67
f 182/182/67 189/189/67 190/190/67
f 191/191/68 192/192/68 193/193/68
f 191/191/68 193/193/68 194/194/68
f 195/195/69 196/196/69 197/197/69
f 195/195/69 197/197/69 198/198/69
f 176/176/70 175/175/70 199/199/70
f 176/176/70 199/199/70 200/200/70
f 188/188/65 187/187/65 201/201/65
f 188/188/65 201/201/65 202/202/65
f 203/203/71 204/204/71 205/205/71
f 203/203/71 205/205/71 206/206/71
f 207/207/72 208/208/72 209/209/72
f 207/207/72 209/209/72 210/210/72
f 211/211/73 212/212/73 213/213/73
f 211/211/73 213/213/73 214/214/73
f 215/215/61 216/216/61 217/217/61
f 215/215/61 217/217/61 218/218/61
f 186/186/61 185/185/61 216/216/61
f 186/186/61 216/216/61 215/215/61
f 202/202/74 201/201/74 212/212/74
f 202/202/74 212/212/74 211/211/74
f 200/200/75 199/199/75 208/208/75
f 200/200/75 208/208/75 207/207/75
f 219/219/76 220/220/76 192/192/76
f 219/219/76 192/192/76 191/191/76
f 221/221/77 222/222/77 223/223/77
f 221/221/77 223/223/77 224/224/77
f 225/225/78 226/226/78 227/227/78
f 225/225/78 227/227/78 228/228/78
f 229/229/79 230/230/79 231/231/79
f 229/229/79 231/231/79 232/232/79
f 233/233/80 234/234/80 235/235/80
f 233/233/80 235/235/80 236/236/80
f 226/226/81 225/225/81 237/237/81
f 226/226/81 237/237/81 238/238/81
f 228/228/82 227/227/82 239/239/82
f 228/228/82 239/239/82 240/240/82
f 224/224/61 223/223/61 241/241/61
f 224/224/61 241/241/61 242/242/61
f 230/230/83 229/229/83 243/243/83
f 230/230/83 243/243/83 244/244/83
f 234/234/84 233/233/84 245/245/84
f 234/234/84 245/245/84 246/246/84
f 247/247/65 248/248/65 249/249/65
f 247/247/65 249/249/65 250/250/65
f 242/242/85 241/241/85 251/251/85
f 242/242/85 251/251/85 252/252/85
f 244/244/86 243/243/86 248/248/86
f 244/244/86 248/248/86 247/247/86
f 246/246/87 245/245/87 253/253/87
f 246/246/87 253/253/87 254/254/87
f 255/255/88 256/256/88 257/257/88
f 255/255/88 257/257/88 258/258/88
f 259/259/89 260/260/89 261/261/89
f 259/259/89 261/261/89 262/262/89
f 240/240/90 239/239/90 263/263/90
f 240/240/90 263/263/90 264/264/90
f 252/252/61 251/251/61 265/265/61
f 252/252/61 265/265/61 266/266/61
f 267/267/91 268/268/91 269/269/91
f 267/267/91 269/269/91 270/270/91
f 271/271/92 272/272/92 273/273/92
f 271/271/92 273/273/92 274/274/92
f 275/275/93 276/276/93 277/277/93
f 275/275/93 277/277/93 278/278/93
f 279/279/94 280/280/94 281/281/94
f 279/279/94 281/281/94 282/282/94
f 250/250/95 249/249/95 280/280/95
f 250/250/95 280/280/95 279/279/95
f 266/266/96 265/265/96 276/276/96
f 266/266/96 276/276/96 275/275/96
f 264/264/97 263/263/97 272/272/97
f 264/264/97 272/272/97 271/271/97
f 283/283/98 284/284/98 256/256/98
f 283/283/98 256/256/98 255/255/98
f 285/285/99 286/286/99 287/287/99
f 285/285/99 287/287/99 288/288/99
f 289/289/100 290/290/100 291/291/100
f 289/289/100 291/291/100 292/292/100
f 293/293/65 294/294/65 295/295/65
f 293/293/65 295/295/65 296/296/65
f 297/297/101 298/298/101 299/299/101
f 297/297/101 299/299/101 300/300/101
f 290/290/102 289/289/102 301/301/102
f 290/290/102 301/301/102 302/302/102
f 292/292/103 291/291/103 303/303/103
f 292/292/103 303/303/103 304/304/103
f 288/288/61 287/287/61 305/305/61
f 288/288/61 305/305/61 306/306/61
f 294/294/65 293/293/65 307/307/65
f 294/294/65 307/307/65 308/308/65
f 298/298/104 297/297/104 309/309/104
f 298/298/104 309/309/104 310/310/104
f 311/311/65 312/312/65 313/313/65
f 311/311/65 313/313/65 314/314/65
f 306/306/105 305/305/105 315/315/105
f 306/306/105 315/315/105 316/316/105
f 308/308/106 307/307/106 312/312/106
f 308/308/106 312/312/106 311/311/106
f 310/310/107 309/309/107 317/317/107
f 310/310/107 317/317/107 318/318/107
f 319/319/108 320/320/108 321/321/108
f 319/319/108 321/321/108 322/322/108
f 323/323/89 324/324/89 325/325/89
f 323/323/89 325/325/89 326/326/89
f 304/304/109 303/303/109 327/327/109
f 304/304/109 327/327/109 328/328/109
f 316/316/61 315/315/61 329/329/61
f 316/316/61 329/329/61 330/330/61
f 331/331/110 332/332/110 333/333/110
f 331/331/110 333/333/110 334/334/110
f 335/335/111 336/336/111 337/337/111
f 335/335/111 337/337/111 338/338/111
f 339/339/112 340/340/112 341/341/112
f 339/339/112 341/341/112 342/342/112
f 343/343/113 344/344/113 345/345/113
f 343/343/113 345/345/113 346/346/113
f 314/314/114 313/313/114 344/344/114
f 314/314/114 344/344/114 343/343/114
f 330/330/115 329/329/115 340/340/115
f 330/330/115 340/340/115 339/339/115
f 328/328/116 327/327/116 336/336/116
f 328/328/116 336/336/116 335/335/116
f 347/347/117 348/348/117 320/320/117
f 347/347/117 320/320/117 319/319/117
f 349/349/118 350/350/118 351/351/118
f 349/349/118 351/351/118 352/352/118
f 353/353/119 354/354/119 355/355/119
f 353/353/119 355/355/119 356/356/119
f 357/357/120 358/358/120 359/359/120
f 357/357/120 359/359/120 360/360/120
f 361/361/121 362/362/121 363/363/121
f 361/361/121 363/363/121 364/364/121
f 354/354/122 353/353/122 365/365/122
f 354/354/122 365/365/122 366/366/122
f 356/356/123 355/355/123 367/367/123
f 356/356/123 367/367/123 368/368/123
f 352/352/124 351/351/124 369/369/124
f 352/352/124 369/369/124 370/370/124
f 358/358/125 357/357/125 371/371/125
f 358/358/125 371/371/125 372/372/125
f 362/362/126 361/361/126 373/373/126
f 362/362/126 373/373/126 374/374/126
f 375/375/127 376/376/127 377/377/127
f 375/375/127 377/377/127 378/378/127
f 370/370/128 369/369/128 379/379/128
f 370/370/128 379/379/128 380/380/128
f 372/372/129 371/371/129 376/376/129
f 372/372/129 376/376/129 375/375/129
f 374/374/130 373/373/130 381/381/130
f 374/374/130 381/381/130 382/382/130
f 383/383/131 384/384/131 385/385/131
f 383/383/131 385/385/131 386/386/131
f 387/387/132 388/388/132 389/389/132
f 387/387/132 389/389/132 390/390/132
f 368/368/133 367/367/133 391/391/133
f 368/368/133 391/391/133 392/392/133
f 380/380/134 379/379/134 393/393/134
f 380/380/134 393/393/134 394/394/134
f 395/395/135 396/396/135 397/397/135
f 395/395/135 397/397/135 398/398/135
f 399/399/136 400/400/136 401/401/136
f 399/399/136 401/401/136 402/402/136
f 403/403/137 404/404/137 405/405/137
f 403/403/137 405/405/137 406/406/137
f 407/407/138 408/408/138 409/409/138
f 407/407/138 409/409/138 410/410/138
f 378/378/139 377/377/139 408/408/139
f 378/378/139 408/408/139 407/407/139
f 394/394/140 393/393/140 404/404/140
f 394/394/140 404/404/140 403/403/140
f 392/392/141 391/391/141 400/400/141
f 392/392/141 400/400/141 399/399/141
f 411/411/142 412/412/142 384/384/142
f 411/411/142 384/384/142 383/383/142
f 413/413/143 414/414/143 415/415/143
f 413/413/143 415/415/143 416/416/143
f 417/417/144 418/418/144 419/419/144
f 417/417/144 419/419/144 420/420/144
f 421/421/65 422/422/65 423/423/65
f 421/421/65 423/423/65 424/424/65
f 425/425/145 426/426/145 427/427/145
f 425/425/145 427/427/145 428/428/145
f 418/418/146 417/417/146 429/429/146
f 418/418/146 429/429/146 430/430/146
f 420/420/147 419/419/147 431/431/147
f 420/420/147 431/431/147 432/432/147
f 416/416/148 415/415/148 433/433/148
f 416/416/148 433/433/148 434/434/148
f 422/422/149 421/421/149 435/435/149
f 422/422/149 435/435/149 436/436/149
f 426/426/150 425/425/150 437/437/150
f 426/426/150 437/437/150 438/438/150
f 439/439/65 440/440/65 441/441/65
f 439/439/65 441/441/65 442/442/65
f 434/434/61 433/433/61 443/443/61
f 434/434/61 443/443/61 444/444/61
f 436/436/65 435/435/65 440/440/65
f 436/436/65 440/440/65 439/439/65
f 438/438/151 437/437/151 445/445/151
f 438/438/151 445/445/151 446/446/151
f 447/447/152 448/448/152 449/449/152
f 447/447/152 449/449/152 450/450/152
f 451/196/153 452/451/153 453/452/153
f 451/196/153 453/452/153 454/453/153
f 432/432/154 431/431/154 455/454/154
f 432/432/154 455/454/154 456/455/154
f 444/444/155 443/443/155 457/456/155
f 444/444/155 457/456/155 458/457/155
f 459/458/156 460/332/156 461/459/156
f 459/458/156 461/459/156 462/460/156
f 463/461/111 464/462/111 465/463/111
f 463/461/111 465/463/111 466/464/111
f 467/465/157 468/466/157 469/467/157
f 467/465/157 469/467/157 470/468/157
f 471/469/158 472/470/158 473/471/158
f 471/469/158 473/471/158 474/472/158
f 442/442/159 441/441/159 472/470/159
f 442/442/159 472/470/159 471/469/159
f 458/457/61 457/456/61 468/466/61
f 458/457/61 468/466/61 467/465/61
f 456/455/160 455/454/160 464/462/160
f 456/455/160 464/462/160 463/461/160
f 475/473/98 476/474/98 448/448/98
f 475/473/98 448/448/98 447/447/98
f 477/475/161 478/476/161 479/477/161
f 477/475/161 479/477/161 480/478/161
f 481/479/162 482/480/162 483/481/162
f 481/479/162 483/481/162 484/482/162
f 485/483/65 486/484/65 487/485/65
f 485/483/65 487/485/65 488/486/65
f 489/487/163 490/488/163 491/489/163
f 489/487/163 491/489/163 492/490/163
f 482/480/81 481/479/81 493/491/81
f 482/480/81 493/491/81 494/492/81
f 484/482/164 483/481/164 495/493/164
f 484/482/164 495/493/164 496/494/164
f 480/478/165 479/477/165 497/495/165
f 480/478/165 497/495/165 498/496/165
f 486/484/166 485/483/166 499/497/166
f 486/484/166 499/497/166 500/498/166
f 490/488/167 489/487/167 501/499/167
f 490/488/167 501/499/167 502/500/167
f 503/501/65 504/502/65 505/503/65
f 503/501/65 505/503/65 506/504/65
f 498/496/61 497/495/61 507/505/61
f 498/496/61 507/505/61 508/506/61
f 500/498/168 499/497/168 504/502/168
f 500/498/168 504/502/168 503/501/168
f 502/500/169 501/499/169 509/507/169
f 502/500/169 509/507/169 510/508/169
f 511/509/170 512/510/170 513/511/170
f 511/509/170 513/511/170 514/512/170
f 515/513/171 516/514/171 517/515/171
f 515/513/171 517/515/171 518/516/171
f 496/494/172 495/493/172 519/517/172
f 496/494/172 519/517/172 520/518/172
f 508/506/173 507/505/173 521/519/173
f 508/506/173 521/519/173 522/520/173
f 523/521/174 524/522/174 525/523/174
f 523/521/174 525/523/174 526/524/174
f 527/525/175 528/526/175 529/527/175
f 527/525/175 529/527/175 530/528/175
f 531/529/176 532/530/176 533/531/176
f 531/529/176 533/531/176 534/532/176
f 535/533/177 536/534/177 537/535/177
f 535/533/177 537/535/177 538/536/177
f 506/504/178 505/503/178 536/534/178
f 506/504/178 536/534/178 535/533/178
f 522/520/179 521/519/179 532/530/179
f 522/520/179 532/530/179 531/529/179
f 520/518/180 519/517/180 528/526/180
f 520/518/180 528/526/180 527/525/180
f 539/537/181 540/538/181 512/510/181
f 539/537/181 512/510/181 511/509/181
f 541/539/182 542/540/182 543/541/182
f 541/539/182 543/541/182 544/542/182
f 545/543/183 546/544/183 547/545/183
f 545/543/183 547/545/183 548/546/183
f 549/547/184 550/548/184 551/549/184
f 549/547/184 551/549/184 552/550/184
f 553/551/185 554/552/185 555/553/185
f 553/551/185 555/553/185 556/554/185
f 546/544/186 545/543/186 557/555/186
f 546/544/186 557/555/186 558/556/186
f 548/546/187 547/545/187 559/557/187
f 548/546/187 559/557/187 560/558/187
f 544/542/188 543/541/188 561/559/188
f 544/542/188 561/559/188 562/560/188
f 550/548/189 549/547/189 563/561/189
f 550/548/189 563/561/189 564/562/189
f 554/552/190 553/551/190 565/563/190
f 554/552/190 565/563/190 566/564/190
f 567/565/191 568/566/191 569/567/191
f 567/565/191 569/567/191 570/568/191
f 562/560/192 561/559/192 571/569/192
f 562/560/192 571/569/192 572/570/192
f 564/562/193 563/561/193 568/566/193
f 564/562/193 568/566/193 567/565/193
f 566/564/194 565/563/194 573/571/194
f 566/564/194 573/571/194 574/572/194
f 575/573/195 576/574/195 577/575/195
f 575/573/195 577/575/195 578/576/195
f 579/577/196 580/578/196 581/579/196
f 579/577/196 581/579/196 582/580/196
f 560/558/197 559/557/197 583/581/197
f 560/558/197 583/581/197 584/582/197
f 572/570/198 571/569/198 585/583/198
f 572/570/198 585/583/198 586/584/198
f 587/585/199 588/586/199 589/587/199
f 587/585/199 589/587/199 590/588/199
f 591/589/200 592/590/200 593/591/200
f 591/589/200 593/591/200 594/592/200
f 595/593/201 596/594/201 597/595/201
f 595/593/201 597/595/201 598/596/201
f 599/597/191 600/598/191 601/599/191
f 599/597/191 601/599/191 602/600/191
f 570/568/202 569/567/202 600/598/202
f 570/568/202 600/598/202 599/597/202
f 586/584/203 585/583/203 596/594/203
f 586/584/203 596/594/203 595/593/203
f 584/582/204 583/581/204 592/590/204
f 584/582/204 592/590/204 591/589/204
f 603/601/205 604/602/205 576/574/205
f 603/601/205 576/574/205 575/573/205
f 605/603/206 606/604/206 607/605/206
f 605/603/206 607/605/206 608/606/206
f 609/607/207 610/608/207 611/609/207
f 609/607/207 611/609/207 612/610/207
f 613/611/208 614/612/208 615/613/208
f 613/611/208 615/613/208 616/614/208
f 617/615/209 618/616/209 619/617/209
f 617/615/209 619/617/209 620/618/209
f 610/608/210 609/607/210 621/619/210
f 610/608/210 621/619/210 622/620/210
f 612/610/211 611/609/211 623/621/211
f 612/610/211 623/621/211 624/622/211
f 608/606/212 607/605/212 625/623/212
f 608/606/212 625/623/212 626/624/212
f 614/612/213 613/611/213 627/625/213
f 614/612/213 627/625/213 628/626/213
f 618/616/214 617/615/214 629/627/214
f 618/616/214 629/627/214 630/628/214
f 631/629/215 632/630/215 633/631/215
f 631/629/215 633/631/215 634/632/215
f 626/624/216 625/623/216 635/633/216
f 626/624/216 635/633/216 636/634/216
f 628/626/191 627/625/191 632/630/191
f 628/626/191 632/630/191 631/629/191
f 630/628/217 629/627/217 637/635/217
f 630/628/217 637/635/217 638/636/217
f 639/637/218 640/638/218 641/639/218
f 639/637/218 641/639/218 642/640/218
f 643/641/219 644/642/219 645/643/219
f 643/641/219 645/643/219 646/644/219
f 624/622/220 623/621/220 647/645/220
f 624/622/220 647/645/220 648/646/220
f 636/634/221 635/633/221 649/647/221
f 636/634/221 649/647/221 650/648/221
f 651/649/222 652/650/222 653/651/222
f 651/649/222 653/651/222 654/652/222
f 655/653/223 656/654/223 657/655/223
f 655/653/223 657/655/223 658/656/223
f 659/657/224 660/658/224 661/659/224
f 659/657/224 661/659/224 662/660/224
f 663/661/225 664/662/225 665/663/225
f 663/661/225 665/663/225 666/664/225
f 634/632/226 633/631/226 664/662/226
f 634/632/226 664/662/226 663/661/226
f 650/648/227 649/647/227 660/658/227
f 650/648/227 660/658/227 659/657/227
f 648/646/228 647/645/228 656/654/228
f 648/646/228 656/654/228 655/653/228
f 667/665/229 668/666/229 640/638/229
f 667/665/229 640/638/229 639/637/229
f 669/667/230 670/668/230 671/669/230
f 669/667/230 671/669/230 672/670/230
f 673/671/231 674/672/231 675/673/231
f 673/671/231 675/673/231 676/674/231
f 677/675/232 678/676/232 679/677/232
f 677/675/232 679/677/232 680/678/232
f 681/679/233 682/680/233 683/681/233
f 681/679/233 683/681/233 684/682/233
f 674/672/234 673/671/234 685/683/234
f 674/672/234 685/683/234 686/684/234
f 676/674/235 675/673/235 687/685/235
f 676/674/235 687/685/235 688/686/235
f 672/670/236 671/669/236 689/687/236
f 672/670/236 689/687/236 690/688/236
f 678/676/237 677/675/237 691/689/237
f 678/676/237 691/689/237 692/690/237
f 682/680/238 681/679/238 693/691/238
f 682/680/238 693/691/238 694/692/238
f 695/693/239 696/694/239 697/695/239
f 695/693/239 697/695/239 698/696/239
f 690/688/240 689/687/240 699/697/240
f 690/688/240 699/697/240 700/698/240
f 692/690/241 691/689/241 696/694/241
f 692/690/241 696/694/241 695/693/241
f 694/692/242 693/691/242 701/699/242
f 694/692/242 701/699/242 702/700/242
f 703/701/243 704/702/243 705/703/243
f 703/701/243 705/703/243 706/704/243
f 707/705/244 708/706/244 709/707/244
f 707/705/244 709/707/244 710/708/244
f 688/686/245 687/685/245 711/709/245
f 688/686/245 711/709/245 712/710/245
f 700/698/246 699/697/246 713/711/246
f 700/698/246 713/711/246 714/712/246
f 715/713/247 716/714/247 717/715/247
f 715/713/247 717/715/247 718/716/247
f 719/717/248 720/718/248 721/719/248
f 719/717/248 721/719/248 722/720/248
f 723/721/249 724/722/249 725/723/249
f 723/721/249 725/723/249 726/724/249
f 727/725/250 728/726/250 729/727/250
f 727/725/250 729/727/250 730/728/250
f 698/696/251 697/695/251 728/726/251
f 698/696/251 728/726/251 727/725/251
f 714/712/252 713/711/252 724/722/252
f 714/712/252 724/722/252 723/721/252
f 712/710/253 711/709/253 720/718/253
f 712/710/253 720/718/253 719/717/253
f 731/729/254 732/730/254 704/702/254
f 731/729/254 704/702/254 703/701/254
f 733/731/255 734/732/255 735/733/255
f 733/731/255 735/733/255 736/734/255
f 737/735/256 738/736/256 739/737/256
f 737/735/256 739/737/256 740/738/256
f 741/739/191 742/740/191 743/741/191
f 741/739/191 743/741/191 744/742/191
f 745/743/257 746/744/257 747/745/257
f 745/743/257 747/745/257 748/746/257
f 738/736/258 737/735/258 749/747/258
f 738/736/258 749/747/258 750/748/258
f 740/738/259 739/737/259 751/749/259
f 740/738/259 751/749/259 752/750/259
f 736/734/260 735/733/260 753/751/260
f 736/734/260 753/751/260 754/752/260
f 742/740/261 741/739/261 755/753/261
f 742/740/261 755/753/261 756/754/261
f 746/744/262 745/743/262 757/755/262
f 746/744/262 757/755/262 758/756/262
f 759/757/263 760/758/263 761/759/263
f 759/757/263 761/759/263 762/760/263
f 754/752/212 753/751/212 763/761/212
f 754/752/212 763/761/212 764/762/212
f 756/754/264 755/753/264 760/758/264
f 756/754/264 760/758/264 759/757/264
f 758/756/265 757/755/265 765/763/265
f 758/756/265 765/763/265 766/764/265
f 767/765/266 768/766/266 769/767/266
f 767/765/266 769/767/266 770/768/266
f 771/769/267 772/770/267 773/771/267
f 771/769/267 773/771/267 774/772/267
f 752/750/268 751/749/268 775/773/268
f 752/750/268 775/773/268 776/774/268
f 764/762/269 763/761/269 777/775/269
f 764/762/269 777/775/269 778/776/269
f 779/777/270 780/778/270 781/652/270
f 779/777/270 781/652/270 782/779/270
f 783/780/271 784/781/271 785/782/271
f 783/780/271 785/782/271 786/783/271
f 787/784/272 788/785/272 789/786/272
f 787/784/272 789/786/272 790/787/272
f 791/788/273 792/789/273 793/790/273
f 791/788/273 793/790/273 794/791/273
f 762/760/191 761/759/191 792/789/191
f 762/760/191 792/789/191 791/788/191
f 778/776/274 777/775/274 788/785/274
f 778/776/274 788/785/274 787/784/274
f 776/774/275 775/773/275 784/781/275
f 776/774/275 784/781/275 783/780/275
f 795/792/276 796/793/276 768/766/276
f 795/792/276 768/766/276 767/765/276
f 797/794/277 798/795/277 799/796/277
f 797/794/277 799/796/277 800/797/277
f 801/798/278 802/799/278 803/800/278
f 801/798/278 803/800/278 804/801/278
f 805/802/279 806/803/279 807/804/279
f 805/802/279 807/804/279 808/805/279
f 809/806/280 810/807/280 811/808/280
f 809/806/280 811/808/280 812/809/280
f 802/799/281 801/798/281 813/810/281
f 802/799/281 813/810/281 814/811/281
f 804/801/282 803/800/282 815/812/282
f 804/801/282 815/812/282 816/813/282
f 800/797/283 799/796/283 817/814/283
f 800/797/283 817/814/283 818/815/283
f 806/803/284 805/802/284 819/816/284
f 806/803/284 819/816/284 820/817/284
f 810/807/285 809/806/285 821/818/285
f 810/807/285 821/818/285 822/819/285
f 823/820/286 824/821/286 825/822/286
f 823/820/286 825/822/286 826/823/286
f 818/815/287 817/814/287 827/824/287
f 818/815/287 827/824/287 828/825/287
f 820/817/288 819/816/288 824/821/288
f 820/817/288 824/821/288 823/820/288
f 822/819/289 821/818/289 829/826/289
f 822/819/289 829/826/289 830/827/289
f 831/828/290 832/829/290 833/830/290
f 831/828/290 833/830/290 834/831/290
f 835/832/291 836/833/291 837/834/291
f 835/832/291 837/834/291 838/835/291
f 816/813/292 815/812/292 839/836/292
f 816/813/292 839/836/292 840/837/292
f 828/825/293 827/824/293 841/838/293
f 828/825/293 841/838/293 842/839/293
f 843/840/294 844/841/294 845/842/294
f 843/840/294 845/842/294 846/715/294
f 847/843/295 848/844/295 849/845/295
f 847/843/295 849/845/295 850/846/295
f 851/847/296 852/848/296 853/849/296
f 851/847/296 853/849/296 854/850/296
f 855/851/297 856/852/297 857/853/297
f 855/851/297 857/853/297 858/854/297
f 826/823/298 825/822/298 856/852/298
f 826/823/298 856/852/298 855/851/298
f 842/839/212 841/838/212 852/848/212
f 842/839/212 852/848/212 851/847/212
f 840/837/299 839/836/299 848/844/299
f 840/837/299 848/844/299 847/843/299
f 859/855/300 860/856/300 832/829/300
f 859/855/300 832/829/300 831/828/300
f 861/857/301 862/858/301 863/859/301
f 861/857/301 863/859/301 864/860/301
f 865/861/302 866/862/302 867/863/302
f 865/861/302 867/863/302 868/864/302
f 869/865/303 870/866/303 871/867/303
f 869/865/303 871/867/303 872/868/303
f 873/869/304 874/870/304 875/871/304
f 873/869/304 875/871/304 876/872/304
f 866/862/210 865/861/210 877/873/210
f 866/862/210 877/873/210 878/874/210
f 868/864/305 867/863/305 879/875/305
f 868/864/305 879/875/305 880/876/305
f 864/860/306 863/859/306 881/877/306
f 864/860/306 881/877/306 882/878/306
f 870/866/307 869/865/307 883/879/307
f 870/866/307 883/879/307 884/880/307
f 874/870/308 873/869/308 885/881/308
f 874/870/308 885/881/308 886/882/308
f 887/883/309 888/884/309 889/885/309
f 887/883/309 889/885/309 890/886/309
f 882/878/310 881/877/310 891/887/310
f 882/878/310 891/887/310 892/888/310
f 884/880/311 883/879/311 888/884/311
f 884/880/311 888/884/311 887/883/311
f 886/882/312 885/881/312 893/889/312
f 886/882/312 893/889/312 894/890/312
f 895/891/313 896/892/313 897/893/313
f 895/891/313 897/893/313 898/894/313
f 899/895/314 900/896/314 901/897/314
f 899/895/314 901/897/314 902/898/314
f 880/876/315 879/875/315 903/899/315
f 880/876/315 903/899/315 904/900/315
f 892/888/316 891/887/316 905/901/316
f 892/888/316 905/901/316 906/902/316
f 907/903/317 908/904/317 909/905/317
f 907/903/317 909/905/317 910/906/317
f 911/907/318 912/908/318 913/909/318
f 911/907/318 913/909/318 914/910/318
f 915/911/319 916/912/319 917/913/319
f 915/911/319 917/913/319 918/914/319
f 919/915/320 920/916/320 921/917/320
f 919/915/320 921/917/320 922/918/320
f 890/886/321 889/885/321 920/916/321
f 890/886/321 920/916/321 919/915/321
f 906/902/322 905/901/322 916/912/322
f 906/902/322 916/912/322 915/911/322
f 904/900/323 903/899/323 912/908/323
f 904/900/323 912/908/323 911/907/323
f 923/919/324 924/920/324 896/892/324
f 923/919/324 896/892/324 895/891/324
f 925/921/325 926/922/325 927/923/325
f 925/921/325 927/923/325 928/924/325
f 929/925/326 930/926/326 931/927/326
f 929/925/326 931/927/326 932/928/326
f 933/929/327 934/930/327 935/931/327
f 933/929/327 935/931/327 936/932/327
f 937/933/328 938/934/328 939/935/328
f 937/933/328 939/935/328 940/936/328
f 930/926/329 929/925/329 941/937/329
f 930/926/329 941/937/329 942/938/329
f 932/928/330 931/927/330 943/939/330
f 932/928/330 943/939/330 944/940/330
f 928/924/331 927/923/331 945/941/331
f 928/924/331 945/941/331 946/942/331
f 934/930/332 933/929/332 947/943/332
f 934/930/332 947/943/332 948/944/332
f 938/934/333 937/933/333 949/945/333
f 938/934/333 949/945/333 950/946/333
f 951/947/334 952/948/334 953/949/334
f 951/947/334 953/949/334 954/950/334
f 946/942/335 945/941/335 955/951/335
f 946/942/335 955/951/335 956/952/335
f 948/944/336 947/943/336 952/948/336
f 948/944/336 952/948/336 951/947/336
f 950/946/337 949/945/337 957/953/337
f 950/946/337 957/953/337 958/954/337
f 959/955/338 960/956/338 961/957/338
f 959/955/338 961/957/338 962/958/338
f 963/959/339 964/960/339 965/961/339
f 963/959/339 965/961/339 966/962/339
f 944/940/340 943/939/340 967/963/340
f 944/940/340 967/963/340 968/964/340
f 956/952/341 955/951/341 969/965/341
f 956/952/341 969/965/341 970/966/341
f 971/967/342 972/968/342 973/969/342
f 971/967/342 973/969/342 974/970/342
f 975/971/343 976/972/343 977/973/343
f 975/971/343 977/973/343 978/974/343
f 979/975/344 980/976/344 981/977/344
f 979/975/344 981/977/344 982/978/344
f 983/979/345 984/980/345 985/981/345
f 983/979/345 985/981/345 986/982/345
f 954/950/346 953/949/346 984/980/346
f 954/950/346 984/980/346 983/979/346
f 970/966/191 969/965/191 980/976/191
f 970/966/191 980/976/191 979/975/191
f 968/964/347 967/963/347 976/972/347
f 968/964/347 976/972/347 975/971/347
f 987/983/348 988/984/348 960/956/348
f 987/983/348 960/956/348 959/955/348
f 989/985/349 990/986/349 991/987/349
f 989/985/349 991/987/349 992/988/349
f 993/989/350 994/990/350 995/991/350
f 993/989/350 995/991/350 996/992/350
f 997/993/351 998/994/351 999/995/351
f 997/993/351 999/995/351 1000/996/351
f 1001/997/352 1002/998/352 1003/999/352
f 1001/997/352 1003/999/352 1004/1000/352
f 994/990/353 993/989/353 1005/1001/353
f 994/990/353 1005/1001/353 1006/1002/353
f 996/992/354 995/991/354 1007/1003/354
f 996/992/354 1007/1003/354 1008/1004/354
f 992/988/355 991/987/355 1009/1005/355
f 992/988/355 1009/1005/355 1010/1006/355
f 998/994/356 997/993/356 1011/1007/356
f 998/994/356 1011/1007/356 1012/1008/356
f 1002/998/357 1001/997/357 1013/1009/357
f 1002/998/357 1013/1009/357 1014/1010/357
f 1015/1011/358 1016/1012/358 1017/1013/358
f 1015/1011/358 1017/1013/358 1018/1014/358
f 1010/1006/359 1009/1005/359 1019/1015/359
f 1010/1006/359 1019/1015/359 1020/1016/359
f 1012/1008/360 1011/1007/360 1016/1012/360
f 1012/1008/360 1016/1012/360 1015/1011/360
f 1014/1010/361 1013/1009/361 1021/1017/361
f 1014/1010/361 1021/1017/361 1022/1018/361
f 1023/1019/362 1024/1020/362 1025/1021/362
f 1023/1019/362 1025/1021/362 1026/1022/362
f 1027/1023/363 1028/1024/363 1029/1025/363
f 1027/1023/363 1029/1025/363 1030/1026/363
f 1008/1004/364 1007/1003/364 1031/1027/364
f 1008/1004/364 1031/1027/364 1032/1028/364
f 1020/1016/365 1019/1015/365 1033/1029/365
f 1020/1016/365 1033/1029/365 1034/1030/365
f 1035/1031/366 1036/1032/366 1037/1033/366
f 1035/1031/366 1037/1033/366 1038/1034/366
f 1039/1035/367 1040/1036/367 1041/1037/367
f 1039/1035/367 1041/1037/367 1042/1038/367
f 1043/1039/368 1044/1040/368 1045/1041/368
f 1043/1039/368 1045/1041/368 1046/1042/368
f 1047/1043/369 1048/1044/369 1049/1045/369
f 1047/1043/369 1049/1045/369 1050/1046/369
f 1018/1014/370 1017/1013/370 1048/1044/370
f 1018/1014/370 1048/1044/370 1047/1043/370
f 1034/1030/191 1033/1029/191 1044/1040/191
f 1034/1030/191 1044/1040/191 1043/1039/191
f 1032/1028/371 1031/1027/371 1040/1036/371
f 1032/1028/371 1040/1036/371 1039/1035/371
f 1051/1047/348 1052/1048/348 1024/1020/348
f 1051/1047/348 1024/1020/348 1023/1019/348
f 1053/1049/372 1054/1050/372 1055/1051/372
f 1053/1049/372 1055/1051/372 1056/1052/372
f 1057/1053/373 1058/1054/373 1059/1055/373
f 1057/1053/373 1059/1055/373 1060/1056/373
f 1061/1057/374 1062/1058/374 1063/1059/374
f 1061/1057/374 1063/1059/374 1064/1060/374
f 1065/1061/375 1066/1062/375 1067/1063/375
f 1065/1061/375 1067/1063/375 1068/1064/375
f 1058/1054/376 1057/1053/376 1069/1065/376
f 1058/1054/376 1069/1065/376 1070/1066/376
f 1060/1056/377 1059/1055/377 1071/1067/377
f 1060/1056/377 1071/1067/377 1072/1068/377
f 1056/1052/378 1055/1051/378 1073/1069/378
f 1056/1052/378 1073/1069/378 1074/1070/378
f 1062/1058/379 1061/1057/379 1075/1071/379
f 1062/1058/379 1075/1071/379 1076/1072/379
f 1066/1062/380 1065/1061/380 1077/1073/380
f 1066/1062/380 1077/1073/380 1078/1074/380
f 1079/1075/381 1080/1076/381 1081/1077/381
f 1079/1075/381 1081/1077/381 1082/1078/381
f 1074/1070/191 1073/1069/191 1083/1079/191
f 1074/1070/191 1083/1079/191 1084/1080/191
f 1076/1072/382 1075/1071/382 1080/1076/382
f 1076/1072/382 1080/1076/382 1079/1075/382
f 1078/1074/383 1077/1073/383 1085/1081/383
f 1078/1074/383 1085/1081/383 1086/1082/383
f 1087/1083/384 1088/1084/384 1089/1085/384
f 1087/1083/384 1089/1085/384 1090/1086/384
f 1091/1087/385 1092/1088/385 1093/1089/385
f 1091/1087/385 1093/1089/385 1094/1090/385
f 1072/1068/386 1071/1067/386 1095/1091/386
f 1072/1068/386 1095/1091/386 1096/1092/386
f 1084/1080/191 1083/1079/191 1097/1093/191
f 1084/1080/191 1097/1093/191 1098/1094/191
f 1099/1095/387 1100/1096/387 1101/334/387
f 1099/1095/387 1101/334/387 1102/1097/387
f 1103/1098/388 1104/1099/388 1105/1100/388
f 1103/1098/388 1105/1100/388 1106/1101/388
f 1107/1102/389 1108/1103/389 1109/1104/389
f 1107/1102/389 1109/1104/389 1110/1105/389
f 1111/1106/390 1112/1107/390 1113/1108/390
f 1111/1106/390 1113/1108/390 1114/1109/390
f 1082/1078/212 1081/1077/212 1112/1107/212
f 1082/1078/212 1112/1107/212 1111/1106/212
f 1098/1094/191 1097/1093/191 1108/1103/191
f 1098/1094/191 1108/1103/191 1107/1102/191
f 1096/1092/391 1095/1091/391 1104/1099/391
f 1096/1092/391 1104/1099/391 1103/1098/391
f 1115/1110/392 1116/1111/392 1088/1084/392
f 1115/1110/392 1088/1084/392 1087/1083/392
f 1117/1112/393 1118/1113/393 1119/1114/393
f 1117/1112/393 1119/1114/393 1120/1115/393
f 1121/1116/394 1122/1117/394 1123/1118/394
f 1121/1116/394 1123/1118/394 1124/1119/394
f 1125/1120/395 1126/1121/395 1127/1122/395
f 1125/1120/395 1127/1122/395 1128/1123/395
f 1129/1124/396 1130/1125/396 1131/1126/396
f 1129/1124/396 1131/1126/396 1132/1127/396
f 1122/1117/397 1121/1116/397 1133/1128/397
f 1122/1117/397 1133/1128/397 1134/1129/397
f 1124/1119/398 1123/1118/398 1135/1130/398
f 1124/1119/398 1135/1130/398 1136/1131/398
f 1120/1115/399 1119/1114/399 1137/1132/399
f 1120/1115/399 1137/1132/399 1138/1133/399
f 1126/1121/400 1125/1120/400 1139/1134/400
f 1126/1121/400 1139/1134/400 1140/1135/400
f 1130/1125/401 1129/1124/401 1141/1136/401
f 1130/1125/401 1141/1136/401 1142/1137/401
f 1143/1138/402 1144/1139/402 1145/1140/402
f 1143/1138/402 1145/1140/402 1146/1141/402
f 1138/1133/403 1137/1132/403 1147/1142/403
f 1138/1133/403 1147/1142/403 1148/1143/403
f 1140/1135/404 1139/1134/404 1144/1139/404
f 1140/1135/404 1144/1139/404 1143/1138/404
f 1142/1137/405 1141/1136/405 1149/1144/405
f 1142/1137/405 1149/1144/405 1150/1145/405
f 1151/1146/406 1152/1147/406 1153/1148/406
f 1151/1146/406 1153/1148/406 1154/1149/406
f 1155/1150/407 1156/1151/407 1157/1152/407
f 1155/1150/407 1157/1152/407 1158/1153/407
f 1136/1131/408 1135/1130/408 1159/1154/408
f 1136/1131/408 1159/1154/408 1160/1155/408
f 1148/1143/409 1147/1142/409 1161/1156/409
f 1148/1143/409 1161/1156/409 1162/1157/409
f 1163/1158/410 1164/1159/410 1165/1160/410
f 1163/1158/410 1165/1160/410 1166/1161/410
f 1167/1162/411 1168/1163/411 1169/1164/411
f 1167/1162/411 1169/1164/411 1170/1165/411
f 1171/1166/412 1172/1167/412 1173/1168/412
f 1171/1166/412 1173/1168/412 1174/1169/412
f 1175/1170/413 1176/1171/413 1177/1172/413
f 1175/1170/413 1177/1172/413 1178/1173/413
f 1146/1141/414 1145/1140/414 1176/1171/414
f 1146/1141/414 1176/1171/414 1175/1170/414
f 1162/1157/415 1161/1156/415 1172/1167/415
f 1162/1157/415 1172/1167/415 1171/1166/415
f 1160/1155/416 1159/1154/416 1168/1163/416
f 1160/1155/416 1168/1163/416 1167/1162/416
f 1179/1174/417 1180/1175/417 1152/1147/417
f 1179/1174/417 1152/1147/417 1151/1146/417
f 1181/1176/418 1182/1177/418 1183/1178/418
f 1181/1176/418 1183/1178/418 1184/1179/418
f 1185/1180/419 1186/1181/419 1187/1182/419
f 1185/1180/419 1187/1182/419 1188/1183/419
f 1189/1184/420 1190/1185/420 1191/1186/420
f 1189/1184/420 1191/1186/420 1192/1187/420
f 1193/1188/421 1194/1189/421 1195/1190/421
f 1193/1188/421 1195/1190/421 1196/1191/421
f 1186/1181/422 1185/1180/422 1197/1192/422
f 1186/1181/422 1197/1192/422 1198/1193/422
f 1188/1183/423 1187/1182/423 1199/1194/423
f 1188/1183/423 1199/1194/423 1200/1195/423
f 1184/1179/424 1183/1178/424 1201/1196/424
f 1184/1179/424 1201/1196/424 1202/1197/424
f 1190/1185/425 1189/1184/425 1203/1198/425
f 1190/1185/425 1203/1198/425 1204/1199/425
f 1194/1189/426 1193/1188/426 1205/1200/426
f 1194/1189/426 1205/1200/426 1206/1201/426
f 1207/1202/427 1208/1203/427 1209/1204/427
f 1207/1202/427 1209/1204/427 1210/1205/427
f 1202/1197/191 1201/1196/191 1211/1206/191
f 1202/1197/191 1211/1206/191 1212/1207/191
f 1204/1199/428 1203/1198/428 1208/1203/428
f 1204/1199/428 1208/1203/428 1207/1202/428
f 1206/1201/361 1205/1200/361 1213/1208/361
f 1206/1201/361 1213/1208/361 1214/1209/361
f 1215/1210/429 1216/1211/429 1217/1212/429
f 1215/1210/429 1217/1212/429 1218/1213/429
f 1219/1214/430 1220/1215/430 1221/1216/430
f 1219/1214/430 1221/1216/430 1222/1217/430
f 1200/1195/431 1199/1194/431 1223/1218/431
f 1200/1195/431 1223/1218/431 1224/1219/431
f 1212/1207/432 1211/1206/432 1225/1220/432
f 1212/1207/432 1225/1220/432 1226/1221/432
f 1227/1222/433 1228/1223/433 1229/1224/433
f 1227/1222/433 1229/1224/433 1230/1225/433
f 1231/1226/434 1232/1227/434 1233/1228/434
f 1231/1226/434 1233/1228/434 1234/1229/434
f 1235/1230/435 1236/1231/435 1237/1232/435
f 1235/1230/435 1237/1232/435 1238/1233/435
f 1239/1234/436 1240/1235/436 1241/1236/436
f 1239/1234/436 1241/1236/436 1242/1237/436
f 1210/1205/437 1209/1204/437 1240/1235/437
f 1210/1205/437 1240/1235/437 1239/1234/437
f 1226/1221/438 1225/1220/438 1236/1231/438
f 1226/1221/438 1236/1231/438 1235/1230/438
f 1224/1219/439 1223/1218/439 1232/1227/439
f 1224/1219/439 1232/1227/439 1231/1226/439
f 1243/1238/440 1244/1239/440 1216/1211/440
f 1243/1238/440 1216/1211/440 1215/1210/440
f 1245/1240/441 1246/1241/441 1247/1242/441
f 1245/1240/441 1247/1242/441 1248/1243/441
f 1249/1244/442 1250/1245/442 1251/1246/442
f 1249/1244/442 1251/1246/442 1252/1247/442
f 1253/1248/443 1254/1249/443 1255/1250/443
f 1253/1248/443 1255/1250/443 1256/1251/443
f 1257/1252/444 1258/1253/444 1259/1254/444
f 1257/1252/444 1259/1254/444 1260/1255/444
f 1250/1245/445 1249/1244/445 1261/1256/445
f 1250/1245/445 1261/1256/445 1262/1257/445
f 1252/1247/446 1251/1246/446 1263/1258/446
f 1252/1247/446 1263/1258/446 1264/1259/446
f 1248/1243/447 1247/1242/447 1265/1260/447
f 1248/1243/447 1265/1260/447 1266/1261/447
f 1254/1249/448 1253/1248/448 1267/1262/448
f 1254/1249/448 1267/1262/448 1268/1263/448
f 1258/1253/449 1257/1252/449 1269/1264/449
f 1258/1253/449 1269/1264/449 1270/1265/449
f 1271/1266/450 1272/1267/450 1273/1268/450
f 1271/1266/450 1273/1268/450 1274/1269/450
f 1266/1261/451 1265/1260/451 1275/1270/451
f 1266/1261/451 1275/1270/451 1276/1271/451
f 1268/1263/452 1267/1262/452 1272/1267/452
f 1268/1263/452 1272/1267/452 1271/1266/452
f 1270/1265/453 1269/1264/453 1277/1272/453
f 1270/1265/453 1277/1272/453 1278/1273/453
f 1279/1274/454 1280/1275/454 1281/1276/454
f 1279/1274/454 1281/1276/454 1282/1277/454
f 1283/1278/455 1284/1279/455 1285/1280/455
f 1283/1278/455 1285/1280/455 1286/1281/455
f 1264/1259/456 1263/1258/456 1287/1282/456
f 1264/1259/456 1287/1282/456 1288/1283/456
f 1276/1271/191 1275/1270/191 1289/1284/191
f 1276/1271/191 1289/1284/191 1290/1285/191
f 1291/1286/457 1292/1287/457 1293/1288/457
f 1291/1286/457 1293/1288/457 1294/1289/457
f 1295/1290/458 1296/1291/458 1297/1292/458
f 1295/1290/458 1297/1292/458 1298/1293/458
f 1299/1294/459 1300/1295/459 1301/1296/459
f 1299/1294/459 1301/1296/459 1302/1297/459
f 1303/1298/460 1304/1299/460 1305/1300/460
f 1303/1298/460 1305/1300/460 1306/659/460
f 1274/1269/461 1273/1268/461 1304/1299/461
f 1274/1269/461 1304/1299/461 1303/1298/461
f 1290/1285/462 1289/1284/462 1300/1295/462
f 1290/1285/462 1300/1295/462 1299/1294/462
f 1288/1283/463 1287/1282/463 1296/1291/463
f 1288/1283/463 1296/1291/463 1295/1290/463
f 1307/1301/464 1308/1302/464 1280/1275/464
f 1307/1301/464 1280/1275/464 1279/1274/464
f 1309/1303/65 1310/1304/65 1311/1305/65
f 1309/1303/65 1311/1305/65 1312/1306/65
f 1313/1307/465 1314/1308/465 1315/1309/465
f 1313/1307/465 1315/1309/465 1316/1310/465
f 1317/1311/61 1318/1312/61 1319/1313/61
f 1317/1311/61 1319/1313/61 1320/1314/61
f 1321/1315/466 1322/1316/466 1323/1317/466
f 1321/1315/466 1323/1317/466 1324/1318/466
f 1314/1308/63 1313/1307/63 1325/1319/63
f 1314/1308/63 1325/1319/63 1326/1320/63
f 1316/1310/467 1315/1309/467 1327/1321/467
f 1316/1310/467 1327/1321/467 1328/1322/467
f 1312/1306/468 1311/1305/468 1329/1323/468
f 1312/1306/468 1329/1323/468 1330/1324/468
f 1318/1312/61 1317/1311/61 1331/1325/61
f 1318/1312/61 1331/1325/61 1332/1326/61
f 1322/1316/469 1321/1315/469 1333/1327/469
f 1322/1316/469 1333/1327/469 1334/1328/469
f 1335/1329/61 1336/1330/61 1337/1331/61
f 1335/1329/61 1337/1331/61 1338/1332/61
f 1330/1324/470 1329/1323/470 1339/1333/470
f 1330/1324/470 1339/1333/470 1340/1334/470
f 1332/1326/61 1331/1325/61 1336/1330/61
f 1332/1326/61 1336/1330/61 1335/1329/61
f 1334/1328/471 1333/1327/471 1341/1335/471
f 1334/1328/471 1341/1335/471 1342/1336/471
f 1343/1337/472 1344/1338/472 1345/1339/472
f 1343/1337/472 1345/1339/472 1346/1340/472
f 1347/1341/473 1348/1342/473 1349/1343/473
f 1347/1341/473 1349/1343/473 1350/1344/473
f 1328/1322/474 1327/1321/474 1351/1345/474
f 1328/1322/474 1351/1345/474 1352/1346/474
f 1340/1334/65 1339/1333/65 1353/1347/65
f 1340/1334/65 1353/1347/65 1354/1348/65
f 1355/1349/475 1356/1350/475 1357/1351/475
f 1355/1349/475 1357/1351/475 1358/1352/475
f 1359/1353/476 1360/1354/476 1361/1355/476
f 1359/1353/476 1361/1355/476 1362/1356/476
f 1363/1357/477 1364/1358/477 1365/1359/477
f 1363/1357/477 1365/1359/477 1366/1360/477
f 1367/1361/61 1368/1362/61 1369/1363/61
f 1367/1361/61 1369/1363/61 1370/1364/61
f 1338/1332/61 1337/1331/61 1368/1362/61
f 1338/1332/61 1368/1362/61 1367/1361/61
f 1354/1348/65 1353/1347/65 1364/1358/65
f 1354/1348/65 1364/1358/65 1363/1357/65
f 1352/1346/478 1351/1345/478 1360/1354/478
f 1352/1346/478 1360/1354/478 1359/1353/478
f 1371/1365/479 1372/1366/479 1344/1338/479
f 1371/1365/479 1344/1338/479 1343/1337/479
f 1373/1367/480 1374/1368/480 1375/1369/480
f 1373/1367/480 1375/1369/480 1376/1370/480
f 1377/1371/481 1378/1372/481 1379/1373/481
f 1377/1371/481 1379/1373/481 1380/1374/481
f 1381/1375/61 1382/1376/61 1383/1377/61
f 1381/1375/61 1383/1377/61 1384/1378/61
f 1385/1379/482 1386/1380/482 1387/1381/482
f 1385/1379/482 1387/1381/482 1388/1382/482
f 1378/1372/63 1377/1371/63 1389/1383/63
f 1378/1372/63 1389/1383/63 1390/1384/63
f 1380/1374/483 1379/1373/483 1391/1385/483
f 1380/1374/483 1391/1385/483 1392/1386/483
f 1376/1370/65 1375/1369/65 1393/1387/65
f 1376/1370/65 1393/1387/65 1394/1388/65
f 1382/1376/61 1381/1375/61 1395/1389/61
f 1382/1376/61 1395/1389/61 1396/1390/61
f 1386/1380/484 1385/1379/484 1397/1391/484
f 1386/1380/484 1397/1391/484 1398/1392/484
f 1399/1393/61 1400/1394/61 1401/1395/61
f 1399/1393/61 1401/1395/61 1402/1396/61
f 1394/1388/485 1393/1387/485 1403/1397/485
f 1394/1388/485 1403/1397/485 1404/1398/485
f 1396/1390/61 1395/1389/61 1400/1394/61
f 1396/1390/61 1400/1394/61 1399/1393/61
f 1398/1392/486 1397/1391/486 1405/1399/486
f 1398/1392/486 1405/1399/486 1406/1400/486
f 1407/1401/487 1408/1402/487 1409/1403/487
f 1407/1401/487 1409/1403/487 1410/1404/487
f 1411/1405/488 1412/1406/488 1413/1407/488
f 1411/1405/488 1413/1407/488 1414/1408/488
f 1392/1386/489 1391/1385/489 1415/1409/489
f 1392/1386/489 1415/1409/489 1416/1410/489
f 1404/1398/65 1403/1397/65 1417/1411/65
f 1404/1398/65 1417/1411/65 1418/1412/65
f 1419/1413/490 1420/1414/490 1421/1415/490
f 1419/1413/490 1421/1415/490 1422/1416/490
f 1423/1417/72 1424/1418/72 1425/1419/72
f 1423/1417/72 1425/1419/72 1426/1420/72
f 1427/1421/65 1428/1422/65 1429/1423/65
f 1427/1421/65 1429/1423/65 1430/1424/65
f 1431/1425/491 1432/1426/491 1433/1427/491
f 1431/1425/491 1433/1427/491 1434/1428/491
f 1402/1396/61 1401/1395/61 1432/1426/61
f 1402/1396/61 1432/1426/61 1431/1425/61
f 1418/1412/65 1417/1411/65 1428/1422/65
f 1418/1412/65 1428/1422/65 1427/1421/65
f 1416/1410/492 1415/1409/492 1424/1418/492
f 1416/1410/492 1424/1418/492 1423/1417/492
f 1435/1429/493 1436/1430/493 1408/1402/493
f 1435/1429/493 1408/1402/493 1407/1401/493
f 1437/1431/494 1438/1432/494 1439/1433/494
f 1437/1431/494 1439/1433/494 1440/1434/494
f 1441/1435/495 1442/1436/495 1443/1437/495
f 1441/1435/495 1443/1437/495 1444/1438/495
f 1445/1439/61 1446/1440/61 1447/1441/61
f 1445/1439/61 1447/1441/61 1448/1442/61
f 1449/1443/496 1450/1444/496 1451/1445/496
f 1449/1443/496 1451/1445/496 1452/1446/496
f 1442/1436/497 1441/1435/497 1453/1447/497
f 1442/1436/497 1453/1447/497 1454/1448/497
f 1444/1438/498 1443/1437/498 1455/1449/498
f 1444/1438/498 1455/1449/498 1456/1450/498
f 1440/1434/499 1439/1433/499 1457/1451/499
f 1440/1434/499 1457/1451/499 1458/1452/499
f 1446/1440/500 1445/1439/500 1459/1453/500
f 1446/1440/500 1459/1453/500 1460/1454/500
f 1450/1444/501 1449/1443/501 1461/1455/501
f 1450/1444/501 1461/1455/501 1462/1456/501
f 1463/1457/61 1464/1458/61 1465/1459/61
f 1463/1457/61 1465/1459/61 1466/1460/61
f 1458/1452/502 1457/1451/502 1467/1461/502
f 1458/1452/502 1467/1461/502 1468/1462/502
f 1460/1454/61 1459/1453/61 1464/1458/61
f 1460/1454/61 1464/1458/61 1463/1457/61
f 1462/1456/503 1461/1455/503 1469/1463/503
f 1462/1456/503 1469/1463/503 1470/1464/503
f 1471/1465/504 1472/1466/504 1473/1467/504
f 1471/1465/504 1473/1467/504 1474/1468/504
f 1475/1469/505 1476/1470/505 1477/1471/505
f 1475/1469/505 1477/1471/505 1478/1472/505
f 1456/1450/506 1455/1449/506 1479/1473/506
f 1456/1450/506 1479/1473/506 1480/1474/506
f 1468/1462/65 1467/1461/65 1481/1475/65
f 1468/1462/65 1481/1475/65 1482/1476/65
f 1483/778/507 1484/1477/507 1485/1478/507
f 1483/778/507 1485/1478/507 1486/1479/507
f 1487/1480/508 1488/1481/508 1489/1482/508
f 1487/1480/508 1489/1482/508 1490/1483/508
f 1491/1484/509 1492/1485/509 1493/1486/509
f 1491/1484/509 1493/1486/509 1494/1487/509
f 1495/1488/61 1496/1489/61 1497/1490/61
f 1495/1488/61 1497/1490/61 1498/1491/61
f 1466/1460/61 1465/1459/61 1496/1489/61
f 1466/1460/61 1496/1489/61 1495/1488/61
f 1482/1476/65 1481/1475/65 1492/1485/65
f 1482/1476/65 1492/1485/65 1491/1484/65
f 1480/1474/510 1479/1473/510 1488/1481/510
f 1480/1474/510 1488/1481/510 1487/1480/510
f 1499/1492/511 1500/1493/511 1472/1466/511
f 1499/1492/511 1472/1466/511 1471/1465/511
f 1501/1494/512 1502/1495/512 1503/1496/512
f 1501/1494/512 1503/1496/512 1504/1497/512
f 1505/1498/513 1506/1499/513 1507/1500/513
f 1505/1498/513 1507/1500/513 1508/1501/513
f 1509/1502/61 1510/1503/61 1511/1504/61
f 1509/1502/61 1511/1504/61 1512/1505/61
f 1513/1506/514 1514/1507/514 1515/1508/514
f 1513/1506/514 1515/1508/514 1516/1509/514
f 1506/1499/515 1505/1498/515 1517/1510/515
f 1506/1499/515 1517/1510/515 1518/1511/515
f 1508/1501/516 1507/1500/516 1519/1512/516
f 1508/1501/516 1519/1512/516 1520/1513/516
f 1504/1497/65 1503/1496/65 1521/1514/65
f 1504/1497/65 1521/1514/65 1522/1515/65
f 1510/1503/61 1509/1502/61 1523/1516/61
f 1510/1503/61 1523/1516/61 1524/1517/61
f 1514/1507/501 1513/1506/501 1525/1518/501
f 1514/1507/501 1525/1518/501 1526/1519/501
f 1527/1520/61 1528/1521/61 1529/1522/61
f 1527/1520/61 1529/1522/61 1530/1523/61
f 1522/1515/65 1521/1514/65 1531/1524/65
f 1522/1515/65 1531/1524/65 1532/1525/65
f 1524/1517/61 1523/1516/61 1528/1521/61
f 1524/1517/61 1528/1521/61 1527/1520/61
f 1526/1519/517 1525/1518/517 1533/1526/517
f 1526/1519/517 1533/1526/517 1534/1527/517
f 1535/1528/518 1536/1529/518 1537/1530/518
f 1535/1528/518 1537/1530/518 1538/1510/518
f 1539/1531/519 1540/1532/519 1541/1533/519
f 1539/1531/519 1541/1533/519 1542/1534/519
f 1520/1513/520 1519/1512/520 1543/1535/520
f 1520/1513/520 1543/1535/520 1544/1536/520
f 1532/1525/521 1531/1524/521 1545/1537/521
f 1532/1525/521 1545/1537/521 1546/1538/521
f 1547/1539/522 1548/1540/522 1549/1541/522
f 1547/1539/522 1549/1541/522 1550/1542/522
f 1551/1543/523 1552/1544/523 1553/1545/523
f 1551/1543/523 1553/1545/523 1554/1546/523
f 1555/1547/65 1556/1548/65 1557/1549/65
f 1555/1547/65 1557/1549/65 1558/1550/65
f 1559/1551/524 1560/1552/524 1561/1553/524
f 1559/1551/524 1561/1553/524 1562/1554/524
f 1530/1523/61 1529/1522/61 1560/1552/61
f 1530/1523/61 1560/1552/61 1559/1551/61
f 1546/1538/65 1545/1537/65 1556/1548/65
f 1546/1538/65 1556/1548/65 1555/1547/65
f 1544/1536/525 1543/1535/525 1552/1544/525
f 1544/1536/525 1552/1544/525 1551/1543/525
f 1563/1555/526 1564/1556/526 1536/1529/526
f 1563/1555/526 1536/1529/526 1535/1528/526
f 1565/614/65 1566/1557/65 1567/1558/65
f 1565/614/65 1567/1558/65 1568/1559/65
f 1569/1560/527 1570/1561/527 1571/1562/527
f 1569/1560/527 1571/1562/527 1572/1563/527
f 1573/1564/528 1574/1565/528 1575/1566/528
f 1573/1564/528 1575/1566/528 1576/1567/528
f 1577/1568/529 1578/1569/529 1579/1570/529
f 1577/1568/529 1579/1570/529 1580/1571/529
f 1570/1561/530 1569/1560/530 1581/1572/530
f 1570/1561/530 1581/1572/530 1582/1573/530
f 1572/1563/483 1571/1562/483 1583/1574/483
f 1572/1563/483 1583/1574/483 1584/1575/483
f 1568/1559/531 1567/1558/531 1585/1576/531
f 1568/1559/531 1585/1576/531 1586/1577/531
f 1574/1565/61 1573/1564/61 1587/1578/61
f 1574/1565/61 1587/1578/61 1588/1579/61
f 1578/1569/484 1577/1568/484 1589/1580/484
f 1578/1569/484 1589/1580/484 1590/1581/484
f 1591/1582/532 1592/1583/532 1593/1584/532
f 1591/1582/532 1593/1584/532 1594/1585/532
f 1586/1577/533 1585/1576/533 1595/1586/533
f 1586/1577/533 1595/1586/533 1596/1587/533
f 1588/1579/61 1587/1578/61 1592/1583/61
f 1588/1579/61 1592/1583/61 1591/1582/61
f 1590/1581/486 1589/1580/486 1597/1588/486
f 1590/1581/486 1597/1588/486 1598/1589/486
f 1599/1590/534 1600/1591/534 1601/1592/534
f 1599/1590/534 1601/1592/534 1602/1593/534
f 1603/1594/535 1604/1595/535 1605/1596/535
f 1603/1594/535 1605/1596/535 1606/1597/535
f 1584/1575/536 1583/1574/536 1607/1598/536
f 1584/1575/536 1607/1598/536 1608/1599/536
f 1596/1587/537 1595/1586/537 1609/1600/537
f 1596/1587/537 1609/1600/537 1610/1601/537
f 1611/206/475 1612/1602/475 1613/1603/475
f 1611/206/475 1613/1603/475 1614/1604/475
f 1615/1605/538 1616/1606/538 1617/1607/538
f 1615/1605/538 1617/1607/538 1618/1608/538
f 1619/1609/65 1620/1610/65 1621/1611/65
f 1619/1609/65 1621/1611/65 1622/1612/65
f 1623/1613/61 1624/1614/61 1625/1615/61
f 1623/1613/61 1625/1615/61 1626/1616/61
f 1594/1585/61 1593/1584/61 1624/1614/61
f 1594/1585/61 1624/1614/61 1623/1613/61
f 1610/1601/65 1609/1600/65 1620/1610/65
f 1610/1601/65 1620/1610/65 1619/1609/65
f 1608/1599/539 1607/1598/539 1616/1606/539
f 1608/1599/539 1616/1606/539 1615/1605/539
f 1627/1617/540 1628/1618/540 1600/1591/540
f 1627/1617/540 1600/1591/540 1599/1590/540
f 1629/1619/541 1630/1620/541 1631/1621/541
f 1629/1619/541 1631/1621/541 1632/1622/541
f 1633/1623/542 1634/1624/542 1635/1625/542
f 1633/1623/542 1635/1625/542 1636/1626/542
f 1637/1627/61 1638/1628/61 1639/1629/61
f 1637/1627/61 1639/1629/61 1640/1630/61
f 1641/1631/482 1642/1632/482 1643/1633/482
f 1641/1631/482 1643/1633/482 1644/1634/482
f 1634/1624/543 1633/1623/543 1645/1635/543
f 1634/1624/543 1645/1635/543 1646/1636/543
f 1636/1626/544 1635/1625/544 1647/1637/544
f 1636/1626/544 1647/1637/544 1648/1638/544
f 1632/1622/545 1631/1621/545 1649/1639/545
f 1632/1622/545 1649/1639/545 1650/1640/545
f 1638/1628/61 1637/1627/61 1651/1641/61
f 1638/1628/61 1651/1641/61 1652/1642/61
f 1642/1632/546 1641/1631/546 1653/1643/546
f 1642/1632/546 1653/1643/546 1654/1644/546
f 1655/1645/547 1656/1646/547 1657/1647/547
f 1655/1645/547 1657/1647/547 1658/1648/547
f 1650/1640/485 1649/1639/485 1659/1649/485
f 1650/1640/485 1659/1649/485 1660/1650/485
f 1652/1642/61 1651/1641/61 1656/1646/61
f 1652/1642/61 1656/1646/61 1655/1645/61
f 1654/1644/486 1653/1643/486 1661/1651/486
f 1654/1644/486 1661/1651/486 1662/1652/486
f 1663/1653/68 1664/1654/68 1665/1655/68
f 1663/1653/68 1665/1655/68 1666/1656/68
f 1667/1657/535 1668/1658/535 1669/1659/535
f 1667/1657/535 1669/1659/535 1670/1660/535
f 1648/1638/520 1647/1637/520 1671/1661/520
f 1648/1638/520 1671/1661/520 1672/1662/520
f 1660/1650/548 1659/1649/548 1673/1663/548
f 1660/1650/548 1673/1663/548 1674/1664/548
f 1675/522/522 1676/521/522 1677/1665/522
f 1675/522/522 1677/1665/522 1678/1666/522
f 1679/1667/549 1680/1668/549 1681/1669/549
f 1679/1667/549 1681/1669/549 1682/1670/549
f 1683/1671/65 1684/1672/65 1685/1673/65
f 1683/1671/65 1685/1673/65 1686/1674/65
f 1687/1675/61 1688/1676/61 1689/1677/61
f 1687/1675/61 1689/1677/61 1690/1678/61
f 1658/1648/550 1657/1647/550 1688/1676/550
f 1658/1648/550 1688/1676/550 1687/1675/550
f 1674/1664/65 1673/1663/65 1684/1672/65
f 1674/1664/65 1684/1672/65 1683/1671/65
f 1672/1662/492 1671/1661/492 1680/1668/492
f 1672/1662/492 1680/1668/492 1679/1667/492
f 1691/1679/551 1692/1680/551 1664/1654/551
f 1691/1679/551 1664/1654/551 1663/1653/551
f 1693/1681/552 1694/1682/552 1695/1683/552
f 1693/1681/552 1695/1683/552 1696/1684/552
f 1697/1685/553 1698/1686/553 1699/1687/553
f 1697/1685/553 1699/1687/553 1700/1688/553
f 1701/1689/554 1694/1682/554 1702/1690/554
f 1701/1689/554 1702/1690/554 1703/1691/554
f 1704/1692/555 1705/1693/555 1706/1694/555
f 1704/1692/555 1706/1694/555 1707/1695/555
f 1708/1696/212 1709/1697/212 1710/1698/212
f 1708/1696/212 1710/1698/212 1711/1699/212
f 1712/1700/556 1713/1701/556 1714/1702/556
f 1712/1700/556 1714/1702/556 1715/1703/556
f 1716/1704/557 1717/1705/557 1718/1706/557
f 1716/1704/557 1718/1706/557 1719/1707/557
f 1720/1708/558 1721/1709/558 1718/1706/558
f 1720/1708/558 1718/1706/558 1717/1705/558
f 1722/1710/559 1723/1711/559 1724/1712/559
f 1722/1710/559 1724/1712/559 1725/1713/559
f 1726/1714/560 1727/1715/560 1728/1716/560
f 1726/1714/560 1728/1716/560 1729/1717/560
f 1730/1718/561 1731/1719/561 1732/1720/561
f 1730/1718/561 1732/1720/561 1733/1721/561
f 1734/1722/562 1730/1718/562 1733/1721/562
f 1734/1722/562 1733/1721/562 1735/1723/562
f 1736/1724/65 1737/1725/65 1738/1726/65
f 1736/1724/65 1738/1726/65 1739/1727/65
f 1740/1728/563 1741/1729/563 1742/1730/563
f 1740/1728/563 1742/1730/563 1743/1731/563
f 4/4/564 3/3/564 1744/1732/564
f 4/4/564 1744/1732/564 1745/1733/564
f 3/3/565 2/2/565 1746/1734/565
f 3/3/565 1746/1734/565 1744/1732/565
f 5/5/566 4/4/566 1745/1733/566
f 5/5/566 1745/1733/566 1747/1735/566
f 1748/1736/567 5/5/567 1747/1735/567
f 1748/1736/567 1747/1735/567 1749/1737/567
f 2/2/568 1748/1736/568 1749/1737/568
f 2/2/568 1749/1737/568 1746/1734/568
f 1750/1738/569 1751/1739/569 1752/1740/569
f 1750/1738/569 1752/1740/569 1753/1741/569
f 1754/1742/570 1755/1743/570 1756/1744/570
f 1754/1742/570 1756/1744/570 1757/1745/570
f 1758/1746/571 1759/1747/571 1760/1748/571
f 1758/1746/571 1760/1748/571 1761/1749/571
f 1762/1750/572 1750/1738/572 1753/1741/572
f 1762/1750/572 1753/1741/572 1763/1751/572
f 1764/1752/573 1765/1753/573 1766/1754/573
f 1764/1752/573 1766/1754/573 1767/1755/573
f 1768/1756/61 1769/1757/61 1770/1758/61
f 1768/1756/61 1770/1758/61 1771/1759/61
f 1772/1760/574 1773/1761/574 1774/1762/574
f 1772/1760/574 1774/1762/574 1775/1763/574
f 1776/1764/575 1777/1765/575 1778/1766/575
f 1776/1764/575 1778/1766/575 1779/1767/575
f 1780/1768/576 1781/1769/576 1782/1770/576
f 1780/1768/576 1782/1770/576 1783/1771/576
f 1784/1772/577 1785/1773/577 1786/1774/577
f 1784/1772/577 1786/1774/577 1787/1775/577
f 1693/1681/554 1788/1776/554 1789/1777/554
f 1693/1681/554 1789/1777/554 1790/1778/554
f 1791/1779/578 1792/1780/578 1793/1781/578
f 1791/1779/578 1793/1781/578 1794/1782/578
f 1795/1783/579 1796/1784/579 1797/1785/579
f 1795/1783/579 1797/1785/579 1798/1786/579
f 1799/1787/580 1800/1788/580 1801/1789/580
f 1799/1787/580 1801/1789/580 1802/1790/580
f 1697/1685/581 1700/1688/581 1803/1791/581
f 1697/1685/581 1803/1791/581 1804/1792/581
f 1805/1793/582 1806/1794/582 1807/1795/582
f 1805/1793/582 1807/1795/582 1808/1796/582
f 1809/1797/583 1810/1798/583 1811/1799/583
f 1809/1797/583 1811/1799/583 1812/1800/583
f 1701/1689/554 1703/1691/554 1813/1801/554
f 1701/1689/554 1813/1801/554 1814/1802/554
f 1814/1802/554 1813/1801/554 1815/1803/554
f 1814/1802/554 1815/1803/554 1816/1804/554
f 1704/1692/65 1707/1695/65 1817/1805/65
f 1704/1692/65 1817/1805/65 1818/1806/65
f 1819/1807/191 1820/1808/191 1821/1809/191
f 1819/1807/191 1821/1809/191 1822/1810/191
f 1823/1811/584 1824/1812/584 1825/1813/584
f 1823/1811/584 1825/1813/584 1826/1814/584
f 1712/1700/585 1715/1703/585 1824/1812/585
f 1712/1700/585 1824/1812/585 1823/1811/585
f 1827/1815/586 1828/1816/586 1829/1817/586
f 1827/1815/586 1829/1817/586 1830/1818/586
f 1720/1708/587 1830/1818/587 1829/1817/587
f 1720/1708/587 1829/1817/587 1721/1709/587
f 1722/1710/65 1725/1713/65 1831/1819/65
f 1722/1710/65 1831/1819/65 1832/1820/65
f 1726/1714/588 1729/1717/588 1833/1821/588
f 1726/1714/588 1833/1821/588 1834/1822/588
f 1835/1823/589 1836/1824/589 1837/1825/589
f 1835/1823/589 1837/1825/589 1838/1826/589
f 1839/1827/590 1840/1828/590 1836/1824/590
f 1839/1827/590 1836/1824/590 1835/1823/590
f 1736/1724/65 1739/1727/65 1841/1829/65
f 1736/1724/65 1841/1829/65 1842/1830/65
f 1843/1831/591 1844/1832/591 1845/1833/591
f 1843/1831/591 1845/1833/591 1846/1834/591
f 10/10/592 1847/1835/592 1848/1836/592
f 10/10/592 1848/1836/592 8/8/592
f 8/8/593 1848/1836/593 1849/1837/593
f 8/8/593 1849/1837/593 9/9/593
f 12/12/594 1850/1838/594 1847/1835/594
f 12/12/594 1847/1835/594 10/10/594
f 1851/1839/595 1852/1840/595 1850/1838/595
f 1851/1839/595 1850/1838/595 12/12/595
f 9/9/596 1849/1837/596 1852/1840/596
f 9/9/596 1852/1840/596 1851/1839/596
f 1853/1841/597 1854/1842/597 1855/1843/597
f 1853/1841/597 1855/1843/597 1856/1844/597
f 1857/1845/598 1858/1846/598 1859/1847/598
f 1857/1845/598 1859/1847/598 1860/1731/598
f 1861/1848/599 1862/1849/599 1863/1850/599
f 1861/1848/599 1863/1850/599 1864/1851/599
f 1865/1852/600 1866/1853/600 1854/1842/600
f 1865/1852/600 1854/1842/600 1853/1841/600
f 1867/1854/601 1868/1855/601 1766/1754/601
f 1867/1854/601 1766/1754/601 1765/1753/601
f 1869/1856/61 1870/1857/61 1770/1758/61
f 1869/1856/61 1770/1758/61 1769/1757/61
f 1871/1858/602 1872/1859/602 1774/1762/602
f 1871/1858/602 1774/1762/602 1773/1761/602
f 1828/1816/603 1827/1815/603 1778/1766/603
f 1828/1816/603 1778/1766/603 1777/1765/603
f 1826/1814/604 1825/1813/604 1782/1770/604
f 1826/1814/604 1782/1770/604 1781/1769/604
f 1873/1860/61 1874/1861/61 1786/1774/61
f 1873/1860/61 1786/1774/61 1785/1773/61
f 1816/1804/554 1815/1803/554 1789/1777/554
f 1816/1804/554 1789/1777/554 1788/1776/554
f 1791/1779/605 1794/1782/605 1875/1862/605
f 1791/1779/605 1875/1862/605 1876/1863/605
f 1877/1864/606 1878/1865/606 1797/1785/606
f 1877/1864/606 1797/1785/606 1796/1784/606
f 1879/1866/607 1880/1867/607 1881/1868/607
f 1879/1866/607 1881/1868/607 1882/1869/607
f 1883/1870/608 1884/1871/608 1885/1872/608
f 1883/1870/608 1885/1872/608 1886/1873/608
f 1887/1874/65 1888/1875/65 1889/1876/65
f 1887/1874/65 1889/1876/65 1890/1877/65
f 1891/1878/554 1892/1879/554 1893/1880/554
f 1891/1878/554 1893/1880/554 1894/1881/554
f 1895/1882/609 1896/1883/609 1897/1884/609
f 1895/1882/609 1897/1884/609 1898/1885/609
f 1899/1886/212 1900/1887/212 1901/1888/212
f 1899/1886/212 1901/1888/212 1902/1889/212
f 1903/1890/212 1904/1891/212 1905/1892/212
f 1903/1890/212 1905/1892/212 1906/1893/212
f 1907/1894/61 1908/1895/61 1909/1896/61
f 1907/1894/61 1909/1896/61 1910/1897/61
f 1911/1898/554 1912/1899/554 1913/1900/554
f 1911/1898/554 1913/1900/554 1914/1901/554
f 1915/1902/609 1916/1903/609 1917/1904/609
f 1915/1902/609 1917/1904/609 1918/1905/609
f 1919/1906/65 1920/1907/65 1921/1908/65
f 1919/1906/65 1921/1908/65 1922/1909/65
f 1923/1910/610 1924/1911/610 1925/1912/610
f 1923/1910/610 1925/1912/610 1926/1913/610
f 1927/1914/611 1928/1915/611 1929/1916/611
f 1927/1914/611 1929/1916/611 1930/1917/611
f 1931/1918/612 1932/1919/612 1933/1920/612
f 1931/1918/612 1933/1920/612 1934/1921/612
f 1935/1922/613 1936/1923/613 1937/1924/613
f 1935/1922/613 1937/1924/613 1938/1925/613
f 1939/1926/554 1940/1927/554 1941/1928/554
f 1939/1926/554 1941/1928/554 1942/1929/554
f 1943/1930/614 1944/1931/614 1945/1932/614
f 1943/1930/614 1945/1932/614 1946/1933/614
f 1947/1934/615 1948/1935/615 1949/1936/615
f 1947/1934/615 1949/1936/615 1950/1937/615
f 1951/1938/554 1952/1939/554 1953/1940/554
f 1951/1938/554 1953/1940/554 1954/1941/554
f 1955/1942/616 1956/1943/616 1957/1944/616
f 1955/1942/616 1957/1944/616 1958/1945/616
f 1959/1946/617 1960/1942/617 1961/1947/617
f 1959/1946/617 1961/1947/617 1962/1948/617
f 1963/1949/609 1964/1950/609 1965/1951/609
f 1963/1949/609 1965/1951/609 1966/1952/609
f 1967/1953/618 1968/1954/618 1969/1955/618
f 1967/1953/618 1969/1955/618 1970/1956/618
f 1699/1687/619 1698/1686/619 1971/1957/619
f 1699/1687/619 1971/1957/619 1972/1958/619
f 1795/1783/620 1798/1786/620 1973/1959/620
f 1795/1783/620 1973/1959/620 1974/1960/620
f 1975/1961/621 1976/1962/621 1977/1963/621
f 1975/1961/621 1977/1963/621 1978/1964/621
f 1979/1965/554 1980/1966/554 1981/1967/554
f 1979/1965/554 1981/1967/554 1982/1968/554
f 1983/1969/622 1984/1970/622 1985/1971/622
f 1983/1969/622 1985/1971/622 1986/1972/622
f 1987/1973/623 1988/1974/623 1989/1975/623
f 1987/1973/623 1989/1975/623 1990/1976/623
f 1991/1977/624 1992/1978/624 1993/1979/624
f 1991/1977/624 1993/1979/624 1994/1980/624
f 1995/1981/609 1996/1982/609 1997/1983/609
f 1995/1981/609 1997/1983/609 1998/1984/609
f 1999/1985/191 2000/1986/191 2001/1832/191
f 1999/1985/191 2001/1832/191 2002/1987/191
f 2003/1988/554 2004/1989/554 2005/1990/554
f 2003/1988/554 2005/1990/554 2006/1991/554
f 2007/1992/625 2008/1993/625 1806/1794/625
f 2007/1992/625 1806/1794/625 2009/1994/625
f 2010/1995/626 1791/1779/626 1876/1863/626
f 2010/1995/626 1876/1863/626 2011/1996/626
f 2012/1997/627 1809/1797/627 1812/1800/627
f 2012/1997/627 1812/1800/627 2013/1998/627
f 2014/1999/628 2009/1994/628 1806/1794/628
f 2014/1999/628 1806/1794/628 1805/1793/628
f 2010/1995/629 2015/2000/629 1792/1780/629
f 2010/1995/629 1792/1780/629 1791/1779/629
f 2008/1993/630 2016/2001/630 1807/1795/630
f 2008/1993/630 1807/1795/630 1806/1794/630
f 2017/2002/212 1946/1933/212 1945/1932/212
f 2017/2002/212 1945/1932/212 2018/2003/212
f 1779/1767/631 2019/2004/631 2020/2005/631
f 1779/1767/631 2020/2005/631 1776/1764/631
f 2019/2004/632 1716/1704/632 1719/1707/632
f 2019/2004/632 1719/1707/632 2020/2005/632
f 2021/2006/212 2022/2007/212 2023/2008/212
f 2021/2006/212 2023/2008/212 2024/2009/212
f 2022/2007/212 1708/1696/212 1711/1699/212
f 2022/2007/212 1711/1699/212 2023/2008/212
f 2025/2010/633 2026/2011/633 2027/2012/633
f 2025/2010/633 2027/2012/633 2028/2013/633
f 2029/2014/634 2030/2015/634 2031/2016/634
f 2029/2014/634 2031/2016/634 2032/2017/634
f 2033/2018/635 2034/2019/635 2035/2020/635
f 2033/2018/635 2035/2020/635 2036/2021/635
f 2037/2022/636 2038/2023/636 2039/2024/636
f 2037/2022/636 2039/2024/636 2040/2025/636
f 2027/2012/637 2026/2011/637 2041/2026/637
f 2027/2012/637 2041/2026/637 2042/2027/637
f 2043/2028/638 2044/2029/638 2045/2030/638
f 2043/2028/638 2045/2030/638 2046/2031/638
f 2039/2024/639 2038/2023/639 2044/2029/639
f 2039/2024/639 2044/2029/639 2043/2028/639
f 2031/2016/640 2030/2015/640 2047/2032/640
f 2031/2016/640 2047/2032/640 2048/2033/640
f 2035/2020/641 2034/2019/641 2049/2034/641
f 2035/2020/641 2049/2034/641 2050/2035/641
f 2051/2036/642 2052/2037/642 2053/2038/642
f 2051/2036/642 2053/2038/642 2054/2039/642
f 2048/2033/643 2047/2032/643 2055/2040/643
f 2048/2033/643 2055/2040/643 2056/2041/643
f 2050/2035/644 2049/2034/644 2057/2042/644
f 2050/2035/644 2057/2042/644 2058/2043/644
f 2042/2027/645 2041/2026/645 2059/2044/645
f 2042/2027/645 2059/2044/645 2060/2045/645
f 2061/2046/646 2062/2047/646 2063/2048/646
f 2061/2046/646 2063/2048/646 2064/2049/646
f 2065/2050/647 2066/2051/647 2067/2052/647
f 2065/2050/647 2067/2052/647 2068/2053/647
f 2066/2051/648 2051/2036/648 2054/2039/648
f 2066/2051/648 2054/2039/648 2067/2052/648
f 2052/2037/649 2065/2050/649 2068/2053/649
f 2052/2037/649 2068/2053/649 2053/2038/649
f 2069/2054/650 2070/2055/650 2071/2056/650
f 2069/2054/650 2071/2056/650 2072/2057/650
f 2073/2058/651 2074/2059/651 2075/2060/651
f 2073/2058/651 2075/2060/651 2076/2061/651
f 2077/2062/652 2078/2063/652 2079/2064/652
f 2077/2062/652 2079/2064/652 2080/2065/652
f 2081/2066/653 2082/2067/653 2083/2068/653
f 2081/2066/653 2083/2068/653 2084/2069/653
f 2085/2070/654 2086/2071/654 2087/2072/654
f 2085/2070/654 2087/2072/654 2088/2073/654
f 2089/2074/655 2069/2054/655 2072/2057/655
f 2089/2074/655 2072/2057/655 2090/2075/655
f 2070/2055/656 2091/2076/656 2092/2077/656
f 2070/2055/656 2092/2077/656 2071/2056/656
f 2091/2076/657 2089/2074/657 2090/2075/657
f 2091/2076/657 2090/2075/657 2092/2077/657
f 2093/2078/658 2094/2079/658 2095/2080/658
f 2093/2078/658 2095/2080/658 2096/2081/658
f 2097/2082/659 2098/2083/659 2099/2084/659
f 2097/2082/659 2099/2084/659 2100/2085/659
f 2101/2086/660 2102/2087/660 2103/2088/660
f 2101/2086/660 2103/2088/660 2104/2089/660
f 2105/2090/661 2106/2091/661 2107/2092/661
f 2105/2090/661 2107/2092/661 2108/2093/661
f 2109/2094/662 2110/2095/662 2111/2096/662
f 2109/2094/662 2111/2096/662 2112/2097/662
f 2094/2079/663 2109/2094/663 2112/2097/663
f 2094/2079/663 2112/2097/663 2095/2080/663
f 2110/2095/664 2093/2078/664 2096/2081/664
f 2110/2095/664 2096/2081/664 2111/2096/664
f 2113/2098/665 2114/2099/665 2115/2100/665
f 2113/2098/665 2115/2100/665 2116/2101/665
f 2117/2102/666 2118/2103/666 2119/2104/666
f 2117/2102/666 2119/2104/666 2120/2105/666
f 2121/2106/667 2122/2107/667 2123/2108/667
f 2121/2106/667 2123/2108/667 2124/2109/667
f 2125/2110/668 2126/2111/668 2127/2112/668
f 2125/2110/668 2127/2112/668 2128/2113/668
f 2120/2105/669 2119/2104/669 2129/2114/669
f 2120/2105/669 2129/2114/669 2130/2115/669
f 2130/2115/670 2129/2114/670 2131/2116/670
f 2130/2115/670 2131/2116/670 2132/2117/670
f 2116/2101/671 2115/2100/671 2133/2118/671
f 2116/2101/671 2133/2118/671 2134/2119/671
f 2128/2113/672 2127/2112/672 2135/2120/672
f 2128/2113/672 2135/2120/672 2136/2121/672
f 2124/2109/673 2123/2108/673 2137/2122/673
f 2124/2109/673 2137/2122/673 2138/2123/673
f 2139/2124/674 2140/2125/674 2141/2126/674
f 2139/2124/674 2141/2126/674 2142/2127/674
f 2134/2119/675 2133/2118/675 2143/2128/675
f 2134/2119/675 2143/2128/675 2144/2129/675
f 2136/2121/676 2135/2120/676 2145/2130/676
f 2136/2121/676 2145/2130/676 2146/2131/676
f 2138/2123/677 2137/2122/677 2147/2132/677
f 2138/2123/677 2147/2132/677 2148/2133/677
f 2149/2134/678 2150/2135/678 2151/2136/678
f 2149/2134/678 2151/2136/678 2152/2137/678
f 2140/2125/679 2153/2138/679 2154/2139/679
f 2140/2125/679 2154/2139/679 2141/2126/679
f 2155/2140/680 2139/2124/680 2142/2127/680
f 2155/2140/680 2142/2127/680 2156/2141/680
f 2153/2138/681 2155/2140/681 2156/2141/681
f 2153/2138/681 2156/2141/681 2154/2139/681
f 2157/2142/682 2158/2143/682 2159/2144/682
f 2157/2142/682 2159/2144/682 2160/2145/682
f 2161/2146/683 2162/2147/683 2163/2148/683
f 2161/2146/683 2163/2148/683 2164/2149/683
f 2165/2150/684 2166/2151/684 2167/2152/684
f 2165/2150/684 2167/2152/684 2168/2153/684
f 2169/2154/685 2170/2155/685 2171/2156/685
f 2169/2154/685 2171/2156/685 2172/2157/685
f 2173/2158/686 2174/2159/686 2175/2160/686
f 2173/2158/686 2175/2160/686 2176/2161/686
f 2177/2162/687 2178/2163/687 2179/2164/687
f 2177/2162/687 2179/2164/687 2180/2165/687
f 2181/2166/688 2182/2167/688 2183/2168/688
f 2181/2166/688 2183/2168/688 2184/2169/688
f 2171/2156/689 2170/2155/689 2185/2170/689
f 2171/2156/689 2185/2170/689 2186/2171/689
f 2187/2172/690 2188/2173/690 2189/2174/690
f 2187/2172/690 2189/2174/690 2190/2175/690
f 2183/2168/691 2182/2167/691 2188/2173/691
f 2183/2168/691 2188/2173/691 2187/2172/691
f 2175/2160/692 2174/2159/692 2191/2176/692
f 2175/2160/692 2191/2176/692 2192/2177/692
f 2179/2164/693 2178/2163/693 2193/2178/693
f 2179/2164/693 2193/2178/693 2194/2179/693
f 2195/2180/694 2196/2181/694 2197/2182/694
f 2195/2180/694 2197/2182/694 2198/2183/694
f 2192/2177/695 2191/2176/695 2199/2184/695
f 2192/2177/695 2199/2184/695 2200/2185/695
f 2194/2179/696 2193/2178/696 2201/2186/696
f 2194/2179/696 2201/2186/696 2202/2187/696
f 2186/2171/697 2185/2170/697 2203/2188/697
f 2186/2171/697 2203/2188/697 2204/2189/697
f 2205/2190/698 2206/2191/698 2207/2192/698
f 2205/2190/698 2207/2192/698 2208/2193/698
f 2209/2194/699 2210/2195/699 2211/2196/699
f 2209/2194/699 2211/2196/699 2212/2197/699
f 2210/2195/700 2195/2180/700 2198/2183/700
f 2210/2195/700 2198/2183/700 2211/2196/700
f 2196/2181/701 2209/2194/701 2212/2197/701
f 2196/2181/701 2212/2197/701 2197/2182/701
f 2213/2198/702 2214/2199/702 2215/2200/702
f 2213/2198/702 2215/2200/702 2216/2201/702
f 2217/2202/703 2218/2203/703 2219/2204/703
f 2217/2202/703 2219/2204/703 2220/2205/703
f 2221/2206/704 2222/2207/704 2223/2208/704
f 2221/2206/704 2223/2208/704 2224/2209/704
f 2225/2210/705 2226/2211/705 2227/2212/705
f 2225/2210/705 2227/2212/705 2228/2213/705
f 2229/2214/706 2230/2215/706 2231/2216/706
f 2229/2214/706 2231/2216/706 2232/2217/706
f 2233/2218/707 2213/2198/707 2216/2201/707
f 2233/2218/707 2216/2201/707 2234/2219/707
f 2214/2199/708 2235/2220/708 2236/2221/708
f 2214/2199/708 2236/2221/708 2215/2200/708
f 2235/2220/709 2233/2218/709 2234/2219/709
f 2235/2220/709 2234/2219/709 2236/2221/709
f 2237/2222/710 2238/2223/710 2239/2224/710
f 2237/2222/710 2239/2224/710 2240/2225/710
f 2241/2226/711 2242/2227/711 2243/2228/711
f 2241/2226/711 2243/2228/711 2244/2229/711
f 2245/2230/712 2246/2231/712 2247/2232/712
f 2245/2230/712 2247/2232/712 2248/2233/712
f 2249/2234/713 2250/2235/713 2251/2236/713
f 2249/2234/713 2251/2236/713 2252/2237/713
f 2253/2238/714 2254/2239/714 2255/2240/714
f 2253/2238/714 2255/2240/714 2256/2241/714
f 2238/2223/715 2253/2238/715 2256/2241/715
f 2238/2223/715 2256/2241/715 2239/2224/715
f 2254/2239/716 2237/2222/716 2240/2225/716
f 2254/2239/716 2240/2225/716 2255/2240/716
f 2257/2242/717 2258/2243/717 2259/2244/717
f 2257/2242/717 2259/2244/717 2260/2245/717
f 2261/2246/718 2262/2247/718 2263/2248/718
f 2261/2246/718 2263/2248/718 2264/2249/718
f 2265/2250/719 2266/2251/719 2267/2252/719
f 2265/2250/719 2267/2252/719 2268/2253/719
f 2269/2254/720 2270/2255/720 2271/2256/720
f 2269/2254/720 2271/2256/720 2272/2257/720
f 2264/2249/721 2263/2248/721 2273/2258/721
f 2264/2249/721 2273/2258/721 2274/2259/721
f 2274/2259/722 2273/2258/722 2275/2260/722
f 2274/2259/722 2275/2260/722 2276/2261/722
f 2260/2245/723 2259/2244/723 2277/2262/723
f 2260/2245/723 2277/2262/723 2278/2263/723
f 2272/2257/724 2271/2256/724 2279/2264/724
f 2272/2257/724 2279/2264/724 2280/2265/724
f 2268/2253/725 2267/2252/725 2281/2266/725
f 2268/2253/725 2281/2266/725 2282/2267/725
f 2283/2268/726 2284/2269/726 2285/2270/726
f 2283/2268/726 2285/2270/726 2286/2271/726
f 2278/2263/727 2277/2262/727 2287/2272/727
f 2278/2263/727 2287/2272/727 2288/2273/727
f 2280/2265/728 2279/2264/728 2289/2274/728
f 2280/2265/728 2289/2274/728 2290/2275/728
f 2282/2267/729 2281/2266/729 2291/2276/729
f 2282/2267/729 2291/2276/729 2292/2277/729
f 2293/2278/730 2294/2279/730 2295/2280/730
f 2293/2278/730 2295/2280/730 2296/2281/730
f 2284/2269/731 2297/2282/731 2298/2283/731
f 2284/2269/731 2298/2283/731 2285/2270/731
f 2299/2284/732 2283/2268/732 2286/2271/732
f 2299/2284/732 2286/2271/732 2300/2285/732
f 2297/2282/733 2299/2284/733 2300/2285/733
f 2297/2282/733 2300/2285/733 2298/2283/733
f 2301/2286/734 2302/2287/734 2303/2288/734
f 2301/2286/734 2303/2288/734 2304/2289/734
f 2305/2290/735 2306/2291/735 2307/2292/735
f 2305/2290/735 2307/2292/735 2308/2293/735
f 2309/2294/736 2310/2295/736 2311/2296/736
f 2309/2294/736 2311/2296/736 2312/2297/736
f 2313/2298/737 2314/2299/737 2315/2300/737
f 2313/2298/737 2315/2300/737 2316/2301/737
f 2317/2302/738 2318/2303/738 2319/2304/738
f 2317/2302/738 2319/2304/738 2320/2305/738
f 2321/2306/739 2322/2307/739 2323/2308/739
f 2321/2306/739 2323/2308/739 2324/2309/739
f 2325/2310/740 2326/2311/740 2327/2312/740
f 2325/2310/740 2327/2312/740 2328/2313/740
f 2315/2300/741 2314/2299/741 2329/2314/741
f 2315/2300/741 2329/2314/741 2330/2315/741
f 2331/2316/742 2332/2317/742 2333/2318/742
f 2331/2316/742 2333/2318/742 2334/2319/742
f 2327/2312/743 2326/2311/743 2332/2317/743
f 2327/2312/743 2332/2317/743 2331/2316/743
f 2319/2304/744 2318/2303/744 2335/2320/744
f 2319/2304/744 2335/2320/744 2336/2321/744
f 2323/2308/745 2322/2307/745 2337/2322/745
f 2323/2308/745 2337/2322/745 2338/2323/745
f 2339/2324/746 2340/2325/746 2341/2326/746
f 2339/2324/746 2341/2326/746 2342/2327/746
f 2336/2321/747 2335/2320/747 2343/2328/747
f 2336/2321/747 2343/2328/747 2344/2329/747
f 2338/2323/748 2337/2322/748 2345/2330/748
f 2338/2323/748 2345/2330/748 2346/2331/748
f 2330/2315/749 2329/2314/749 2347/2332/749
f 2330/2315/749 2347/2332/749 2348/2333/749
f 2349/2334/750 2350/2335/750 2351/2336/750
f 2349/2334/750 2351/2336/750 2352/2337/750
f 2353/2338/751 2354/2339/751 2355/2340/751
f 2353/2338/751 2355/2340/751 2356/2341/751
f 2354/2339/752 2339/2324/752 2342/2327/752
f 2354/2339/752 2342/2327/752 2355/2340/752
f 2340/2325/753 2353/2338/753 2356/2341/753
f 2340/2325/753 2356/2341/753 2341/2326/753
f 2357/2342/754 2358/2343/754 2359/2344/754
f 2357/2342/754 2359/2344/754 2360/2345/754
f 2361/2346/755 2362/2347/755 2363/2348/755
f 2361/2346/755 2363/2348/755 2364/2349/755
f 2365/2350/756 2366/2351/756 2367/2352/756
f 2365/2350/756 2367/2352/756 2368/2353/756
f 2369/2354/757 2370/2355/757 2371/2356/757
f 2369/2354/757 2371/2356/757 2372/2357/757
f 2373/2358/758 2374/2359/758 2375/2360/758
f 2373/2358/758 2375/2360/758 2376/2361/758
f 2377/2362/759 2357/2342/759 2360/2345/759
f 2377/2362/759 2360/2345/759 2378/2363/759
f 2358/2343/760 2379/2364/760 2380/2365/760
f 2358/2343/760 2380/2365/760 2359/2344/760
f 2379/2364/761 2377/2362/761 2378/2363/761
f 2379/2364/761 2378/2363/761 2380/2365/761
f 2381/2366/762 2382/2367/762 2383/2368/762
f 2381/2366/762 2383/2368/762 2384/2369/762
f 2385/2370/763 2386/2371/763 2387/2372/763
f 2385/2370/763 2387/2372/763 2388/2373/763
f 2389/2374/764 2390/2375/764 2391/2376/764
f 2389/2374/764 2391/2376/764 2392/2377/764
f 2393/2378/765 2394/2379/765 2395/2380/765
f 2393/2378/765 2395/2380/765 2396/2381/765
f 2397/2382/766 2398/2383/766 2399/2384/766
f 2397/2382/766 2399/2384/766 2400/2385/766
f 2382/2367/767 2397/2382/767 2400/2385/767
f 2382/2367/767 2400/2385/767 2383/2368/767
f 2398/2383/768 2381/2366/768 2384/2369/768
f 2398/2383/768 2384/2369/768 2399/2384/768
f 2401/2386/769 2402/2387/769 2403/2388/769
f 2401/2386/769 2403/2388/769 2404/2389/769
f 2405/2390/770 2406/2391/770 2407/2392/770
f 2405/2390/770 2407/2392/770 2408/2393/770
f 2409/2394/771 2410/2395/771 2411/2396/771
f 2409/2394/771 2411/2396/771 2412/2397/771
f 2413/2398/772 2414/2399/772 2415/2400/772
f 2413/2398/772 2415/2400/772 2416/2401/772
f 2408/2393/773 2407/2392/773 2417/2402/773
f 2408/2393/773 2417/2402/773 2418/2403/773
f 2418/2403/774 2417/2402/774 2419/2404/774
f 2418/2403/774 2419/2404/774 2420/2405/774
f 2404/2389/775 2403/2388/775 2421/2406/775
f 2404/2389/775 2421/2406/775 2422/2407/775
f 2416/2401/776 2415/2400/776 2423/2408/776
f 2416/2401/776 2423/2408/776 2424/2409/776
f 2412/2397/777 2411/2396/777 2425/2410/777
f 2412/2397/777 2425/2410/777 2426/2411/777
f 2427/2412/778 2428/2413/778 2429/2414/778
f 2427/2412/778 2429/2414/778 2430/2415/778
f 2422/2407/779 2421/2406/779 2431/2416/779
f 2422/2407/779 2431/2416/779 2432/2417/779
f 2424/2409/780 2423/2408/780 2433/2418/780
f 2424/2409/780 2433/2418/780 2434/2419/780
f 2426/2411/781 2425/2410/781 2435/2420/781
f 2426/2411/781 2435/2420/781 2436/2421/781
f 2437/2422/782 2438/2423/782 2439/2424/782
f 2437/2422/782 2439/2424/782 2440/2425/782
f 2428/2413/783 2441/2426/783 2442/2427/783
f 2428/2413/783 2442/2427/783 2429/2414/783
f 2443/2428/784 2427/2412/784 2430/2415/784
f 2443/2428/784 2430/2415/784 2444/2429/784
f 2441/2426/785 2443/2428/785 2444/2429/785
f 2441/2426/785 2444/2429/785 2442/2427/785
f 2445/2430/786 2446/2431/786 2447/2432/786
f 2445/2430/786 2447/2432/786 2448/2433/786
f 2449/2434/787 2450/2435/787 2451/2436/787
f 2449/2434/787 2451/2436/787 2452/2437/787
f 2453/2438/788 2454/2439/788 2455/2440/788
f 2453/2438/788 2455/2440/788 2456/2441/788
f 1924/1911/789 1904/1891/789 2457/2442/789
f 1904/1891/789 1924/1911/789 1905/1892/789
f 1905/1892/789 1924/1911/789 1900/1887/789
f 1900/1887/789 1924/1911/789 1901/1888/789
f 1901/1888/789 1924/1911/789 1923/1910/789
f 2458/2443/212 1946/1933/212 2017/2002/212
f 1946/1933/212 2458/2443/212 1949/1936/212
f 1949/1936/212 2458/2443/212 1950/1937/212
f 1790/1778/790 1694/1682/790 1693/1681/790
f 1694/1682/790 1790/1778/790 2459/2444/790
f 1694/1682/790 2459/2444/790 2460/2445/790
f 1694/1682/790 2460/2445/790 1940/1927/790
f 1694/1682/790 1940/1927/790 1939/1926/790
f 1694/1682/790 1939/1926/790 2461/2446/790
f 1694/1682/790 2461/2446/790 2462/2447/790
f 1694/1682/790 2462/2447/790 1892/1879/790
f 1694/1682/790 1892/1879/790 1891/1878/790
f 1694/1682/790 1891/1878/790 1702/1690/790
f 2463/2448/791 1714/1702/791 1713/1701/791
f 1714/1702/791 2463/2448/791 2464/2449/791
f 2464/2449/791 2463/2448/791 2465/2450/791
f 2465/2450/791 2463/2448/791 2466/2451/791
f 2466/2451/791 2463/2448/791 2467/2452/791
f 2467/2452/791 2463/2448/791 2468/2453/791
f 2467/2452/791 2468/2453/791 2469/2454/791
f 2469/2454/791 2468/2453/791 2470/2455/791
f 2470/2455/791 2468/2453/791 2471/2456/791
f 2471/2456/791 2468/2453/791 1780/1768/791
f 2471/2456/791 1780/1768/791 2472/2457/791
f 2472/2457/791 1780/1768/791 1783/1771/791
f 1/1/792 2473/2458/792 2474/2459/792
f 2473/2458/792 1/1/792 2475/2460/792
f 2475/2460/792 1/1/792 2476/2461/792
f 2476/2461/792 1/1/792 6/6/792
f 6/6/792 1/1/792 4/4/792
f 2477/2462/793 2478/2463/793 2479/2464/793
f 2478/2463/793 2477/2462/793 1772/1760/793
f 2478/2463/793 1772/1760/793 1775/1763/793
f 2477/2462/794 1728/1716/794 1727/1715/794
f 1728/1716/794 2477/2462/794 2480/2465/794
f 2480/2465/794 2477/2462/794 2479/2464/794
f 2481/2466/795 2482/2467/795 2483/2468/795
f 2482/2467/795 2481/2466/795 2484/2469/795
f 2482/2467/795 2484/2469/795 2485/2470/795
f 2481/2466/796 2486/2471/796 2487/2472/796
f 2486/2471/796 2481/2466/796 2483/2468/796
f 2482/2467/796 2486/2471/796 2483/2468/796
f 2488/2473/797 7/7/797 2489/2474/797
f 7/7/797 2488/2473/797 11/11/797
f 7/7/797 11/11/797 10/10/797
f 2490/2475/798 2491/2476/798 2492/2477/798
f 2491/2476/798 2490/2475/798 1871/1858/798
f 1871/1858/798 2490/2475/798 1872/1859/798
f 1833/1821/799 2491/2476/799 1834/1822/799
f 2491/2476/799 1833/1821/799 2493/2478/799
f 2491/2476/799 2493/2478/799 2492/2477/799
f 2494/2479/800 2481/2466/800 2495/2480/800
f 2481/2466/800 2494/2479/800 2484/2469/800
f 2484/2469/800 2494/2479/800 2496/2481/800
f 2494/2479/801 2495/2480/801 2497/2482/801
f 2497/2482/801 2481/2466/801 2487/2472/801
f 2481/2466/801 2497/2482/801 2495/2480/801
f 2498/2483/61 2499/2484/61 2500/2485/61
f 2499/2484/61 2498/2483/61 2501/2486/61
f 1906/1893/802 2502/2487/802 1903/1890/802
f 2502/2487/802 1906/1893/802 1884/1871/802
f 1884/1871/802 1906/1893/802 1899/1886/802
f 1884/1871/802 1899/1886/802 1885/1872/802
f 1885/1872/802 1899/1886/802 1902/1889/802
f 1943/1930/803 2503/2488/803 1944/1931/803
f 2503/2488/803 1943/1930/803 1925/1912/803
f 1925/1912/803 1943/1930/803 1948/1935/803
f 1925/1912/803 1948/1935/803 1947/1934/803
f 1925/1912/803 1947/1934/803 1926/1913/803
f 2504/2489/804 1983/1969/804 2505/2490/804
f 1983/1969/804 2504/2489/804 1984/1970/804
f 1984/1970/804 2504/2489/804 2506/2491/804
f 1993/1979/805 2507/2492/805 1994/1980/805
f 2507/2492/805 1993/1979/805 2508/2493/805
f 2508/2493/805 1993/1979/805 2509/2494/805
f 1881/1868/806 2510/2495/806 1882/1869/806
f 2510/2495/806 1881/1868/806 1883/1870/806
f 2510/2495/806 1883/1870/806 1886/1873/806
# Vertices: 2510, normals: 806, texture coordinates: 2495, faces: 1929

